<-- VOO -->
AA0001	CTB	ALC
0	09:35
40
10
600,500
450,450,400,400
60,60,53,53,53,50,50,50,47,47,47,45,45,41,41,38,38,35,35

<-- VOO -->
AA0002	ALC	CTB
0	20:55
40
10
600,500
450,450,400,400
60,60,53,53,53,50,50,50,47,47,47,45,45,41,41,38,38,35,35

<-- VOO -->
AA0003	CTB	ALC
0	15:35
40
10
600,500
450,450,400,400
60,60,53,53,53,50,50,50,47,47,47,45,45,41,41,38,38,35,35

<-- VOO -->
AA0004	ALC	CTB
0	15:25
40
10
600,500
450,450,400,400
60,60,53,53,53,50,50,50,47,47,47,45,45,41,41,38,38,35,35

<-- VOO -->
AA0005	CTB	ALC
1	06:15
30
6
350,300
270,270,220,220
55,55,48,48,45,45,42,42,42,40,40,40,40,36,36,33,33,30,30

<-- VOO -->
AA0006	ALC	CTB
1	18:50
30
6
350,300
270,270,220,220
55,55,48,48,45,45,42,42,42,40,40,40,40,36,36,33,33,30,30

<-- VOO -->
AA0007	CTB	ALC
1	13:05
30
6
350,300
270,270,220,220
55,55,48,48,45,45,42,42,42,40,40,40,40,36,36,33,33,30,30

<-- VOO -->
AA0008	ALC	CTB
1	12:15
30
6
350,300
270,270,220,220
55,55,48,48,45,45,42,42,42,40,40,40,40,36,36,33,33,30,30

<-- VOO -->
AA0009	CTB	ALC
2	10:25
30
6
350,300
270,270,220,220
55,55,48,48,45,45,42,42,42,40,40,40,40,36,36,33,33,30,30

<-- VOO -->
AA0010	ALC	CTB
2	22:45
30
6
350,300
270,270,220,220
55,55,48,48,45,45,42,42,42,40,40,40,40,36,36,33,33,30,30

<-- VOO -->
AA0011	CTB	ALC
2	17:55
30
6
350,300
270,270,220,220
55,55,48,48,45,45,42,42,42,40,40,40,40,36,36,33,33,30,30

<-- VOO -->
AA0012	ALC	CTB
2	13:40
30
6
350,300
270,270,220,220
55,55,48,48,45,45,42,42,42,40,40,40,40,36,36,33,33,30,30

<-- VOO -->
AA0013	CTB	ALC
3	08:40
30
6
350,300
270,270,220,220
55,55,48,48,45,45,42,42,42,40,40,40,40,36,36,33,33,30,30

<-- VOO -->
AA0014	ALC	CTB
3	18:55
30
6
350,300
270,270,220,220
55,55,48,48,45,45,42,42,42,40,40,40,40,36,36,33,33,30,30

<-- VOO -->
AA0015	CTB	ALC
3	15:25
30
6
350,300
270,270,220,220
55,55,48,48,45,45,42,42,42,40,40,40,40,36,36,33,33,30,30

<-- VOO -->
AA0016	ALC	CTB
3	17:50
30
6
350,300
270,270,220,220
55,55,48,48,45,45,42,42,42,40,40,40,40,36,36,33,33,30,30

<-- VOO -->
AA0017	CTB	ALC
4	09:05
40
10
600,500
450,450,400,400
60,60,53,53,53,50,50,50,47,47,47,45,45,41,41,38,38,35,35

<-- VOO -->
AA0018	ALC	CTB
4	20:50
40
10
600,500
450,450,400,400
60,60,53,53,53,50,50,50,47,47,47,45,45,41,41,38,38,35,35

<-- VOO -->
AA0019	CTB	ALC
4	14:35
40
10
600,500
450,450,400,400
60,60,53,53,53,50,50,50,47,47,47,45,45,41,41,38,38,35,35

<-- VOO -->
AA0020	ALC	CTB
4	16:20
40
10
600,500
450,450,400,400
60,60,53,53,53,50,50,50,47,47,47,45,45,41,41,38,38,35,35

<-- VOO -->
AA0021	CTB	ALC
5	07:10
40
10
600,500
450,450,400,400
60,60,53,53,53,50,50,50,47,47,47,45,45,41,41,38,38,35,35

<-- VOO -->
AA0022	ALC	CTB
5	22:05
40
10
600,500
450,450,400,400
60,60,53,53,53,50,50,50,47,47,47,45,45,41,41,38,38,35,35

<-- VOO -->
AA0023	CTB	ALC
5	15:30
40
10
600,500
450,450,400,400
60,60,53,53,53,50,50,50,47,47,47,45,45,41,41,38,38,35,35

<-- VOO -->
AA0024	ALC	CTB
5	17:05
40
10
600,500
450,450,400,400
60,60,53,53,53,50,50,50,47,47,47,45,45,41,41,38,38,35,35

<-- VOO -->
AA0025	CTB	ALC
6	08:50
40
10
600,500
450,450,400,400
60,60,53,53,53,50,50,50,47,47,47,45,45,41,41,38,38,35,35

<-- VOO -->
AA0026	ALC	CTB
6	19:50
40
10
600,500
450,450,400,400
60,60,53,53,53,50,50,50,47,47,47,45,45,41,41,38,38,35,35

<-- VOO -->
AA0027	CTB	ALC
6	15:10
40
10
600,500
450,450,400,400
60,60,53,53,53,50,50,50,47,47,47,45,45,41,41,38,38,35,35

<-- VOO -->
AA0028	ALC	CTB
6	16:25
40
10
600,500
450,450,400,400
60,60,53,53,53,50,50,50,47,47,47,45,45,41,41,38,38,35,35

<-- VOO -->
AA0029	CTB	FND
0	08:25
40
10
600,500
450,450,400,400
60,60,53,53,53,50,50,50,47,47,47,45,45,41,41,38,38,35,35

<-- VOO -->
AA0030	FND	CTB
0	20:00
40
10
600,500
450,450,400,400
60,60,53,53,53,50,50,50,47,47,47,45,45,41,41,38,38,35,35

<-- VOO -->
AA0031	CTB	FND
0	16:45
40
10
600,500
450,450,400,400
60,60,53,53,53,50,50,50,47,47,47,45,45,41,41,38,38,35,35

<-- VOO -->
AA0032	FND	CTB
0	13:15
40
10
600,500
450,450,400,400
60,60,53,53,53,50,50,50,47,47,47,45,45,41,41,38,38,35,35

<-- VOO -->
AA0033	CTB	FND
1	09:00
30
6
350,300
270,270,220,220
55,55,48,48,45,45,42,42,42,40,40,40,40,36,36,33,33,30,30

<-- VOO -->
AA0034	FND	CTB
1	22:15
30
6
350,300
270,270,220,220
55,55,48,48,45,45,42,42,42,40,40,40,40,36,36,33,33,30,30

<-- VOO -->
AA0035	CTB	FND
1	15:15
30
6
350,300
270,270,220,220
55,55,48,48,45,45,42,42,42,40,40,40,40,36,36,33,33,30,30

<-- VOO -->
AA0036	FND	CTB
1	13:15
30
6
350,300
270,270,220,220
55,55,48,48,45,45,42,42,42,40,40,40,40,36,36,33,33,30,30

<-- VOO -->
AA0037	CTB	FND
2	09:35
30
6
350,300
270,270,220,220
55,55,48,48,45,45,42,42,42,40,40,40,40,36,36,33,33,30,30

<-- VOO -->
AA0038	FND	CTB
2	20:00
30
6
350,300
270,270,220,220
55,55,48,48,45,45,42,42,42,40,40,40,40,36,36,33,33,30,30

<-- VOO -->
AA0039	CTB	FND
2	15:15
30
6
350,300
270,270,220,220
55,55,48,48,45,45,42,42,42,40,40,40,40,36,36,33,33,30,30

<-- VOO -->
AA0040	FND	CTB
2	15:20
30
6
350,300
270,270,220,220
55,55,48,48,45,45,42,42,42,40,40,40,40,36,36,33,33,30,30

<-- VOO -->
AA0041	CTB	FND
3	07:55
30
6
350,300
270,270,220,220
55,55,48,48,45,45,42,42,42,40,40,40,40,36,36,33,33,30,30

<-- VOO -->
AA0042	FND	CTB
3	22:05
30
6
350,300
270,270,220,220
55,55,48,48,45,45,42,42,42,40,40,40,40,36,36,33,33,30,30

<-- VOO -->
AA0043	CTB	FND
3	15:55
30
6
350,300
270,270,220,220
55,55,48,48,45,45,42,42,42,40,40,40,40,36,36,33,33,30,30

<-- VOO -->
AA0044	FND	CTB
3	13:35
30
6
350,300
270,270,220,220
55,55,48,48,45,45,42,42,42,40,40,40,40,36,36,33,33,30,30

<-- VOO -->
AA0045	CTB	FND
4	07:05
40
10
600,500
450,450,400,400
60,60,53,53,53,50,50,50,47,47,47,45,45,41,41,38,38,35,35

<-- VOO -->
AA0046	FND	CTB
4	21:45
40
10
600,500
450,450,400,400
60,60,53,53,53,50,50,50,47,47,47,45,45,41,41,38,38,35,35

<-- VOO -->
AA0047	CTB	FND
4	13:25
40
10
600,500
450,450,400,400
60,60,53,53,53,50,50,50,47,47,47,45,45,41,41,38,38,35,35

<-- VOO -->
AA0048	FND	CTB
4	17:45
40
10
600,500
450,450,400,400
60,60,53,53,53,50,50,50,47,47,47,45,45,41,41,38,38,35,35

<-- VOO -->
AA0049	CTB	FND
5	11:20
40
10
600,500
450,450,400,400
60,60,53,53,53,50,50,50,47,47,47,45,45,41,41,38,38,35,35

<-- VOO -->
AA0050	FND	CTB
5	19:10
40
10
600,500
450,450,400,400
60,60,53,53,53,50,50,50,47,47,47,45,45,41,41,38,38,35,35

<-- VOO -->
AA0051	CTB	FND
5	17:45
40
10
600,500
450,450,400,400
60,60,53,53,53,50,50,50,47,47,47,45,45,41,41,38,38,35,35

<-- VOO -->
AA0052	FND	CTB
5	15:55
40
10
600,500
450,450,400,400
60,60,53,53,53,50,50,50,47,47,47,45,45,41,41,38,38,35,35

<-- VOO -->
AA0053	CTB	FND
6	09:50
40
10
600,500
450,450,400,400
60,60,53,53,53,50,50,50,47,47,47,45,45,41,41,38,38,35,35

<-- VOO -->
AA0054	FND	CTB
6	18:55
40
10
600,500
450,450,400,400
60,60,53,53,53,50,50,50,47,47,47,45,45,41,41,38,38,35,35

<-- VOO -->
AA0055	CTB	FND
6	13:30
40
10
600,500
450,450,400,400
60,60,53,53,53,50,50,50,47,47,47,45,45,41,41,38,38,35,35

<-- VOO -->
AA0056	FND	CTB
6	14:45
40
10
600,500
450,450,400,400
60,60,53,53,53,50,50,50,47,47,47,45,45,41,41,38,38,35,35

<-- VOO -->
AA0057	CTB	VVR
0	07:40
40
10
600,500
450,450,400,400
60,60,53,53,53,50,50,50,47,47,47,45,45,41,41,38,38,35,35

<-- VOO -->
AA0058	VVR	CTB
0	21:25
40
10
600,500
450,450,400,400
60,60,53,53,53,50,50,50,47,47,47,45,45,41,41,38,38,35,35

<-- VOO -->
AA0059	CTB	VVR
0	17:20
40
10
600,500
450,450,400,400
60,60,53,53,53,50,50,50,47,47,47,45,45,41,41,38,38,35,35

<-- VOO -->
AA0060	VVR	CTB
0	15:45
40
10
600,500
450,450,400,400
60,60,53,53,53,50,50,50,47,47,47,45,45,41,41,38,38,35,35

<-- VOO -->
AA0061	CTB	VVR
1	09:30
30
6
350,300
270,270,220,220
55,55,48,48,45,45,42,42,42,40,40,40,40,36,36,33,33,30,30

<-- VOO -->
AA0062	VVR	CTB
1	18:45
30
6
350,300
270,270,220,220
55,55,48,48,45,45,42,42,42,40,40,40,40,36,36,33,33,30,30

<-- VOO -->
AA0063	CTB	VVR
1	13:10
30
6
350,300
270,270,220,220
55,55,48,48,45,45,42,42,42,40,40,40,40,36,36,33,33,30,30

<-- VOO -->
AA0064	VVR	CTB
1	14:50
30
6
350,300
270,270,220,220
55,55,48,48,45,45,42,42,42,40,40,40,40,36,36,33,33,30,30

<-- VOO -->
AA0065	CTB	VVR
2	10:35
30
6
350,300
270,270,220,220
55,55,48,48,45,45,42,42,42,40,40,40,40,36,36,33,33,30,30

<-- VOO -->
AA0066	VVR	CTB
2	22:10
30
6
350,300
270,270,220,220
55,55,48,48,45,45,42,42,42,40,40,40,40,36,36,33,33,30,30

<-- VOO -->
AA0067	CTB	VVR
2	17:00
30
6
350,300
270,270,220,220
55,55,48,48,45,45,42,42,42,40,40,40,40,36,36,33,33,30,30

<-- VOO -->
AA0068	VVR	CTB
2	15:30
30
6
350,300
270,270,220,220
55,55,48,48,45,45,42,42,42,40,40,40,40,36,36,33,33,30,30

<-- VOO -->
AA0069	CTB	VVR
3	09:45
30
6
350,300
270,270,220,220
55,55,48,48,45,45,42,42,42,40,40,40,40,36,36,33,33,30,30

<-- VOO -->
AA0070	VVR	CTB
3	20:30
30
6
350,300
270,270,220,220
55,55,48,48,45,45,42,42,42,40,40,40,40,36,36,33,33,30,30

<-- VOO -->
AA0071	CTB	VVR
3	16:20
30
6
350,300
270,270,220,220
55,55,48,48,45,45,42,42,42,40,40,40,40,36,36,33,33,30,30

<-- VOO -->
AA0072	VVR	CTB
3	12:45
30
6
350,300
270,270,220,220
55,55,48,48,45,45,42,42,42,40,40,40,40,36,36,33,33,30,30

<-- VOO -->
AA0073	CTB	VVR
4	11:05
40
10
600,500
450,450,400,400
60,60,53,53,53,50,50,50,47,47,47,45,45,41,41,38,38,35,35

<-- VOO -->
AA0074	VVR	CTB
4	19:10
40
10
600,500
450,450,400,400
60,60,53,53,53,50,50,50,47,47,47,45,45,41,41,38,38,35,35

<-- VOO -->
AA0075	CTB	VVR
4	15:30
40
10
600,500
450,450,400,400
60,60,53,53,53,50,50,50,47,47,47,45,45,41,41,38,38,35,35

<-- VOO -->
AA0076	VVR	CTB
4	12:45
40
10
600,500
450,450,400,400
60,60,53,53,53,50,50,50,47,47,47,45,45,41,41,38,38,35,35

<-- VOO -->
AA0077	CTB	VVR
5	08:50
40
10
600,500
450,450,400,400
60,60,53,53,53,50,50,50,47,47,47,45,45,41,41,38,38,35,35

<-- VOO -->
AA0078	VVR	CTB
5	23:30
40
10
600,500
450,450,400,400
60,60,53,53,53,50,50,50,47,47,47,45,45,41,41,38,38,35,35

<-- VOO -->
AA0079	CTB	VVR
5	15:40
40
10
600,500
450,450,400,400
60,60,53,53,53,50,50,50,47,47,47,45,45,41,41,38,38,35,35

<-- VOO -->
AA0080	VVR	CTB
5	14:45
40
10
600,500
450,450,400,400
60,60,53,53,53,50,50,50,47,47,47,45,45,41,41,38,38,35,35

<-- VOO -->
AA0081	CTB	VVR
6	06:15
40
10
600,500
450,450,400,400
60,60,53,53,53,50,50,50,47,47,47,45,45,41,41,38,38,35,35

<-- VOO -->
AA0082	VVR	CTB
6	23:40
40
10
600,500
450,450,400,400
60,60,53,53,53,50,50,50,47,47,47,45,45,41,41,38,38,35,35

<-- VOO -->
AA0083	CTB	VVR
6	17:10
40
10
600,500
450,450,400,400
60,60,53,53,53,50,50,50,47,47,47,45,45,41,41,38,38,35,35

<-- VOO -->
AA0084	VVR	CTB
6	15:25
40
10
600,500
450,450,400,400
60,60,53,53,53,50,50,50,47,47,47,45,45,41,41,38,38,35,35

<-- VOO -->
AA0085	CTB	IDN
0	09:50
40
10
600,500
450,450,400,400
60,60,53,53,53,50,50,50,47,47,47,45,45,41,41,38,38,35,35

<-- VOO -->
AA0086	IDN	CTB
0	20:10
40
10
600,500
450,450,400,400
60,60,53,53,53,50,50,50,47,47,47,45,45,41,41,38,38,35,35

<-- VOO -->
AA0087	CTB	IDN
0	12:50
40
10
600,500
450,450,400,400
60,60,53,53,53,50,50,50,47,47,47,45,45,41,41,38,38,35,35

<-- VOO -->
AA0088	IDN	CTB
0	14:40
40
10
600,500
450,450,400,400
60,60,53,53,53,50,50,50,47,47,47,45,45,41,41,38,38,35,35

<-- VOO -->
AA0089	CTB	IDN
1	10:25
30
6
350,300
270,270,220,220
55,55,48,48,45,45,42,42,42,40,40,40,40,36,36,33,33,30,30

<-- VOO -->
AA0090	IDN	CTB
1	19:00
30
6
350,300
270,270,220,220
55,55,48,48,45,45,42,42,42,40,40,40,40,36,36,33,33,30,30

<-- VOO -->
AA0091	CTB	IDN
1	12:25
30
6
350,300
270,270,220,220
55,55,48,48,45,45,42,42,42,40,40,40,40,36,36,33,33,30,30

<-- VOO -->
AA0092	IDN	CTB
1	14:40
30
6
350,300
270,270,220,220
55,55,48,48,45,45,42,42,42,40,40,40,40,36,36,33,33,30,30

<-- VOO -->
AA0093	CTB	IDN
2	11:25
30
6
350,300
270,270,220,220
55,55,48,48,45,45,42,42,42,40,40,40,40,36,36,33,33,30,30

<-- VOO -->
AA0094	IDN	CTB
2	22:40
30
6
350,300
270,270,220,220
55,55,48,48,45,45,42,42,42,40,40,40,40,36,36,33,33,30,30

<-- VOO -->
AA0095	CTB	IDN
2	15:15
30
6
350,300
270,270,220,220
55,55,48,48,45,45,42,42,42,40,40,40,40,36,36,33,33,30,30

<-- VOO -->
AA0096	IDN	CTB
2	14:30
30
6
350,300
270,270,220,220
55,55,48,48,45,45,42,42,42,40,40,40,40,36,36,33,33,30,30

<-- VOO -->
AA0097	CTB	IDN
3	09:45
30
6
350,300
270,270,220,220
55,55,48,48,45,45,42,42,42,40,40,40,40,36,36,33,33,30,30

<-- VOO -->
AA0098	IDN	CTB
3	20:40
30
6
350,300
270,270,220,220
55,55,48,48,45,45,42,42,42,40,40,40,40,36,36,33,33,30,30

<-- VOO -->
AA0099	CTB	IDN
3	13:20
30
6
350,300
270,270,220,220
55,55,48,48,45,45,42,42,42,40,40,40,40,36,36,33,33,30,30

<-- VOO -->
AA0100	IDN	CTB
3	16:35
30
6
350,300
270,270,220,220
55,55,48,48,45,45,42,42,42,40,40,40,40,36,36,33,33,30,30

<-- VOO -->
AA0101	CTB	IDN
4	09:50
40
10
600,500
450,450,400,400
60,60,53,53,53,50,50,50,47,47,47,45,45,41,41,38,38,35,35

<-- VOO -->
AA0102	IDN	CTB
4	18:55
40
10
600,500
450,450,400,400
60,60,53,53,53,50,50,50,47,47,47,45,45,41,41,38,38,35,35

<-- VOO -->
AA0103	CTB	IDN
4	15:20
40
10
600,500
450,450,400,400
60,60,53,53,53,50,50,50,47,47,47,45,45,41,41,38,38,35,35

<-- VOO -->
AA0104	IDN	CTB
4	17:05
40
10
600,500
450,450,400,400
60,60,53,53,53,50,50,50,47,47,47,45,45,41,41,38,38,35,35

<-- VOO -->
AA0105	CTB	IDN
5	09:40
40
10
600,500
450,450,400,400
60,60,53,53,53,50,50,50,47,47,47,45,45,41,41,38,38,35,35

<-- VOO -->
AA0106	IDN	CTB
5	20:15
40
10
600,500
450,450,400,400
60,60,53,53,53,50,50,50,47,47,47,45,45,41,41,38,38,35,35

<-- VOO -->
AA0107	CTB	IDN
5	17:40
40
10
600,500
450,450,400,400
60,60,53,53,53,50,50,50,47,47,47,45,45,41,41,38,38,35,35

<-- VOO -->
AA0108	IDN	CTB
5	17:55
40
10
600,500
450,450,400,400
60,60,53,53,53,50,50,50,47,47,47,45,45,41,41,38,38,35,35

<-- VOO -->
AA0109	CTB	IDN
6	09:00
40
10
600,500
450,450,400,400
60,60,53,53,53,50,50,50,47,47,47,45,45,41,41,38,38,35,35

<-- VOO -->
AA0110	IDN	CTB
6	20:00
40
10
600,500
450,450,400,400
60,60,53,53,53,50,50,50,47,47,47,45,45,41,41,38,38,35,35

<-- VOO -->
AA0111	CTB	IDN
6	14:20
40
10
600,500
450,450,400,400
60,60,53,53,53,50,50,50,47,47,47,45,45,41,41,38,38,35,35

<-- VOO -->
AA0112	IDN	CTB
6	12:55
40
10
600,500
450,450,400,400
60,60,53,53,53,50,50,50,47,47,47,45,45,41,41,38,38,35,35

<-- VOO -->
AA0113	CTB	PRC
0	07:35
40
10
600,500
450,450,400,400
60,60,53,53,53,50,50,50,47,47,47,45,45,41,41,38,38,35,35

<-- VOO -->
AA0114	PRC	CTB
0	22:50
40
10
600,500
450,450,400,400
60,60,53,53,53,50,50,50,47,47,47,45,45,41,41,38,38,35,35

<-- VOO -->
AA0115	CTB	PRC
0	16:10
40
10
600,500
450,450,400,400
60,60,53,53,53,50,50,50,47,47,47,45,45,41,41,38,38,35,35

<-- VOO -->
AA0116	PRC	CTB
0	12:35
40
10
600,500
450,450,400,400
60,60,53,53,53,50,50,50,47,47,47,45,45,41,41,38,38,35,35

<-- VOO -->
AA0117	CTB	PRC
1	09:05
30
6
350,300
270,270,220,220
55,55,48,48,45,45,42,42,42,40,40,40,40,36,36,33,33,30,30

<-- VOO -->
AA0118	PRC	CTB
1	21:00
30
6
350,300
270,270,220,220
55,55,48,48,45,45,42,42,42,40,40,40,40,36,36,33,33,30,30

<-- VOO -->
AA0119	CTB	PRC
1	15:45
30
6
350,300
270,270,220,220
55,55,48,48,45,45,42,42,42,40,40,40,40,36,36,33,33,30,30

<-- VOO -->
AA0120	PRC	CTB
1	14:50
30
6
350,300
270,270,220,220
55,55,48,48,45,45,42,42,42,40,40,40,40,36,36,33,33,30,30

<-- VOO -->
AA0121	CTB	PRC
2	11:35
30
6
350,300
270,270,220,220
55,55,48,48,45,45,42,42,42,40,40,40,40,36,36,33,33,30,30

<-- VOO -->
AA0122	PRC	CTB
2	18:00
30
6
350,300
270,270,220,220
55,55,48,48,45,45,42,42,42,40,40,40,40,36,36,33,33,30,30

<-- VOO -->
AA0123	CTB	PRC
2	15:40
30
6
350,300
270,270,220,220
55,55,48,48,45,45,42,42,42,40,40,40,40,36,36,33,33,30,30

<-- VOO -->
AA0124	PRC	CTB
2	15:05
30
6
350,300
270,270,220,220
55,55,48,48,45,45,42,42,42,40,40,40,40,36,36,33,33,30,30

<-- VOO -->
AA0125	CTB	PRC
3	09:05
30
6
350,300
270,270,220,220
55,55,48,48,45,45,42,42,42,40,40,40,40,36,36,33,33,30,30

<-- VOO -->
AA0126	PRC	CTB
3	23:55
30
6
350,300
270,270,220,220
55,55,48,48,45,45,42,42,42,40,40,40,40,36,36,33,33,30,30

<-- VOO -->
AA0127	CTB	PRC
3	17:30
30
6
350,300
270,270,220,220
55,55,48,48,45,45,42,42,42,40,40,40,40,36,36,33,33,30,30

<-- VOO -->
AA0128	PRC	CTB
3	16:20
30
6
350,300
270,270,220,220
55,55,48,48,45,45,42,42,42,40,40,40,40,36,36,33,33,30,30

<-- VOO -->
AA0129	CTB	PRC
4	10:10
40
10
600,500
450,450,400,400
60,60,53,53,53,50,50,50,47,47,47,45,45,41,41,38,38,35,35

<-- VOO -->
AA0130	PRC	CTB
4	22:50
40
10
600,500
450,450,400,400
60,60,53,53,53,50,50,50,47,47,47,45,45,41,41,38,38,35,35

<-- VOO -->
AA0131	CTB	PRC
4	17:20
40
10
600,500
450,450,400,400
60,60,53,53,53,50,50,50,47,47,47,45,45,41,41,38,38,35,35

<-- VOO -->
AA0132	PRC	CTB
4	15:00
40
10
600,500
450,450,400,400
60,60,53,53,53,50,50,50,47,47,47,45,45,41,41,38,38,35,35

<-- VOO -->
AA0133	CTB	PRC
5	10:55
40
10
600,500
450,450,400,400
60,60,53,53,53,50,50,50,47,47,47,45,45,41,41,38,38,35,35

<-- VOO -->
AA0134	PRC	CTB
5	19:50
40
10
600,500
450,450,400,400
60,60,53,53,53,50,50,50,47,47,47,45,45,41,41,38,38,35,35

<-- VOO -->
AA0135	CTB	PRC
5	13:20
40
10
600,500
450,450,400,400
60,60,53,53,53,50,50,50,47,47,47,45,45,41,41,38,38,35,35

<-- VOO -->
AA0136	PRC	CTB
5	15:30
40
10
600,500
450,450,400,400
60,60,53,53,53,50,50,50,47,47,47,45,45,41,41,38,38,35,35

<-- VOO -->
AA0137	CTB	PRC
6	11:50
40
10
600,500
450,450,400,400
60,60,53,53,53,50,50,50,47,47,47,45,45,41,41,38,38,35,35

<-- VOO -->
AA0138	PRC	CTB
6	21:25
40
10
600,500
450,450,400,400
60,60,53,53,53,50,50,50,47,47,47,45,45,41,41,38,38,35,35

<-- VOO -->
AA0139	CTB	PRC
6	12:20
40
10
600,500
450,450,400,400
60,60,53,53,53,50,50,50,47,47,47,45,45,41,41,38,38,35,35

<-- VOO -->
AA0140	PRC	CTB
6	13:05
40
10
600,500
450,450,400,400
60,60,53,53,53,50,50,50,47,47,47,45,45,41,41,38,38,35,35

<-- VOO -->
AA0141	CTB	PNM
0	07:00
40
10
600,500
450,450,400,400
60,60,53,53,53,50,50,50,47,47,47,45,45,41,41,38,38,35,35

<-- VOO -->
AA0142	PNM	CTB
0	21:35
40
10
600,500
450,450,400,400
60,60,53,53,53,50,50,50,47,47,47,45,45,41,41,38,38,35,35

<-- VOO -->
AA0143	CTB	PNM
0	16:15
40
10
600,500
450,450,400,400
60,60,53,53,53,50,50,50,47,47,47,45,45,41,41,38,38,35,35

<-- VOO -->
AA0144	PNM	CTB
0	12:15
40
10
600,500
450,450,400,400
60,60,53,53,53,50,50,50,47,47,47,45,45,41,41,38,38,35,35

<-- VOO -->
AA0145	CTB	PNM
1	09:20
30
6
350,300
270,270,220,220
55,55,48,48,45,45,42,42,42,40,40,40,40,36,36,33,33,30,30

<-- VOO -->
AA0146	PNM	CTB
1	22:30
30
6
350,300
270,270,220,220
55,55,48,48,45,45,42,42,42,40,40,40,40,36,36,33,33,30,30

<-- VOO -->
AA0147	CTB	PNM
1	13:40
30
6
350,300
270,270,220,220
55,55,48,48,45,45,42,42,42,40,40,40,40,36,36,33,33,30,30

<-- VOO -->
AA0148	PNM	CTB
1	15:10
30
6
350,300
270,270,220,220
55,55,48,48,45,45,42,42,42,40,40,40,40,36,36,33,33,30,30

<-- VOO -->
AA0149	CTB	PNM
2	06:20
30
6
350,300
270,270,220,220
55,55,48,48,45,45,42,42,42,40,40,40,40,36,36,33,33,30,30

<-- VOO -->
AA0150	PNM	CTB
2	19:35
30
6
350,300
270,270,220,220
55,55,48,48,45,45,42,42,42,40,40,40,40,36,36,33,33,30,30

<-- VOO -->
AA0151	CTB	PNM
2	16:45
30
6
350,300
270,270,220,220
55,55,48,48,45,45,42,42,42,40,40,40,40,36,36,33,33,30,30

<-- VOO -->
AA0152	PNM	CTB
2	14:50
30
6
350,300
270,270,220,220
55,55,48,48,45,45,42,42,42,40,40,40,40,36,36,33,33,30,30

<-- VOO -->
AA0153	CTB	PNM
3	08:30
30
6
350,300
270,270,220,220
55,55,48,48,45,45,42,42,42,40,40,40,40,36,36,33,33,30,30

<-- VOO -->
AA0154	PNM	CTB
3	20:50
30
6
350,300
270,270,220,220
55,55,48,48,45,45,42,42,42,40,40,40,40,36,36,33,33,30,30

<-- VOO -->
AA0155	CTB	PNM
3	16:45
30
6
350,300
270,270,220,220
55,55,48,48,45,45,42,42,42,40,40,40,40,36,36,33,33,30,30

<-- VOO -->
AA0156	PNM	CTB
3	17:30
30
6
350,300
270,270,220,220
55,55,48,48,45,45,42,42,42,40,40,40,40,36,36,33,33,30,30

<-- VOO -->
AA0157	CTB	PNM
4	08:20
40
10
600,500
450,450,400,400
60,60,53,53,53,50,50,50,47,47,47,45,45,41,41,38,38,35,35

<-- VOO -->
AA0158	PNM	CTB
4	20:30
40
10
600,500
450,450,400,400
60,60,53,53,53,50,50,50,47,47,47,45,45,41,41,38,38,35,35

<-- VOO -->
AA0159	CTB	PNM
4	13:40
40
10
600,500
450,450,400,400
60,60,53,53,53,50,50,50,47,47,47,45,45,41,41,38,38,35,35

<-- VOO -->
AA0160	PNM	CTB
4	14:15
40
10
600,500
450,450,400,400
60,60,53,53,53,50,50,50,47,47,47,45,45,41,41,38,38,35,35

<-- VOO -->
AA0161	CTB	PNM
5	06:30
40
10
600,500
450,450,400,400
60,60,53,53,53,50,50,50,47,47,47,45,45,41,41,38,38,35,35

<-- VOO -->
AA0162	PNM	CTB
5	21:05
40
10
600,500
450,450,400,400
60,60,53,53,53,50,50,50,47,47,47,45,45,41,41,38,38,35,35

<-- VOO -->
AA0163	CTB	PNM
5	15:10
40
10
600,500
450,450,400,400
60,60,53,53,53,50,50,50,47,47,47,45,45,41,41,38,38,35,35

<-- VOO -->
AA0164	PNM	CTB
5	12:55
40
10
600,500
450,450,400,400
60,60,53,53,53,50,50,50,47,47,47,45,45,41,41,38,38,35,35

<-- VOO -->
AA0165	CTB	PNM
6	06:05
40
10
600,500
450,450,400,400
60,60,53,53,53,50,50,50,47,47,47,45,45,41,41,38,38,35,35

<-- VOO -->
AA0166	PNM	CTB
6	23:05
40
10
600,500
450,450,400,400
60,60,53,53,53,50,50,50,47,47,47,45,45,41,41,38,38,35,35

<-- VOO -->
AA0167	CTB	PNM
6	16:55
40
10
600,500
450,450,400,400
60,60,53,53,53,50,50,50,47,47,47,45,45,41,41,38,38,35,35

<-- VOO -->
AA0168	PNM	CTB
6	16:55
40
10
600,500
450,450,400,400
60,60,53,53,53,50,50,50,47,47,47,45,45,41,41,38,38,35,35

<-- VOO -->
AA0169	CTB	MNF
0	08:55
40
10
600,500
450,450,400,400
60,60,53,53,53,50,50,50,47,47,47,45,45,41,41,38,38,35,35

<-- VOO -->
AA0170	MNF	CTB
0	18:45
40
10
600,500
450,450,400,400
60,60,53,53,53,50,50,50,47,47,47,45,45,41,41,38,38,35,35

<-- VOO -->
AA0171	CTB	MNF
0	12:55
40
10
600,500
450,450,400,400
60,60,53,53,53,50,50,50,47,47,47,45,45,41,41,38,38,35,35

<-- VOO -->
AA0172	MNF	CTB
0	16:55
40
10
600,500
450,450,400,400
60,60,53,53,53,50,50,50,47,47,47,45,45,41,41,38,38,35,35

<-- VOO -->
AA0173	CTB	MNF
1	10:30
30
6
350,300
270,270,220,220
55,55,48,48,45,45,42,42,42,40,40,40,40,36,36,33,33,30,30

<-- VOO -->
AA0174	MNF	CTB
1	21:40
30
6
350,300
270,270,220,220
55,55,48,48,45,45,42,42,42,40,40,40,40,36,36,33,33,30,30

<-- VOO -->
AA0175	CTB	MNF
1	12:50
30
6
350,300
270,270,220,220
55,55,48,48,45,45,42,42,42,40,40,40,40,36,36,33,33,30,30

<-- VOO -->
AA0176	MNF	CTB
1	13:00
30
6
350,300
270,270,220,220
55,55,48,48,45,45,42,42,42,40,40,40,40,36,36,33,33,30,30

<-- VOO -->
AA0177	CTB	MNF
2	06:35
30
6
350,300
270,270,220,220
55,55,48,48,45,45,42,42,42,40,40,40,40,36,36,33,33,30,30

<-- VOO -->
AA0178	MNF	CTB
2	22:00
30
6
350,300
270,270,220,220
55,55,48,48,45,45,42,42,42,40,40,40,40,36,36,33,33,30,30

<-- VOO -->
AA0179	CTB	MNF
2	16:15
30
6
350,300
270,270,220,220
55,55,48,48,45,45,42,42,42,40,40,40,40,36,36,33,33,30,30

<-- VOO -->
AA0180	MNF	CTB
2	12:25
30
6
350,300
270,270,220,220
55,55,48,48,45,45,42,42,42,40,40,40,40,36,36,33,33,30,30

<-- VOO -->
AA0181	CTB	MNF
3	10:10
30
6
350,300
270,270,220,220
55,55,48,48,45,45,42,42,42,40,40,40,40,36,36,33,33,30,30

<-- VOO -->
AA0182	MNF	CTB
3	19:45
30
6
350,300
270,270,220,220
55,55,48,48,45,45,42,42,42,40,40,40,40,36,36,33,33,30,30

<-- VOO -->
AA0183	CTB	MNF
3	16:10
30
6
350,300
270,270,220,220
55,55,48,48,45,45,42,42,42,40,40,40,40,36,36,33,33,30,30

<-- VOO -->
AA0184	MNF	CTB
3	16:35
30
6
350,300
270,270,220,220
55,55,48,48,45,45,42,42,42,40,40,40,40,36,36,33,33,30,30

<-- VOO -->
AA0185	CTB	MNF
4	09:00
40
10
600,500
450,450,400,400
60,60,53,53,53,50,50,50,47,47,47,45,45,41,41,38,38,35,35

<-- VOO -->
AA0186	MNF	CTB
4	20:15
40
10
600,500
450,450,400,400
60,60,53,53,53,50,50,50,47,47,47,45,45,41,41,38,38,35,35

<-- VOO -->
AA0187	CTB	MNF
4	17:30
40
10
600,500
450,450,400,400
60,60,53,53,53,50,50,50,47,47,47,45,45,41,41,38,38,35,35

<-- VOO -->
AA0188	MNF	CTB
4	16:50
40
10
600,500
450,450,400,400
60,60,53,53,53,50,50,50,47,47,47,45,45,41,41,38,38,35,35

<-- VOO -->
AA0189	CTB	MNF
5	11:35
40
10
600,500
450,450,400,400
60,60,53,53,53,50,50,50,47,47,47,45,45,41,41,38,38,35,35

<-- VOO -->
AA0190	MNF	CTB
5	19:40
40
10
600,500
450,450,400,400
60,60,53,53,53,50,50,50,47,47,47,45,45,41,41,38,38,35,35

<-- VOO -->
AA0191	CTB	MNF
5	14:55
40
10
600,500
450,450,400,400
60,60,53,53,53,50,50,50,47,47,47,45,45,41,41,38,38,35,35

<-- VOO -->
AA0192	MNF	CTB
5	12:15
40
10
600,500
450,450,400,400
60,60,53,53,53,50,50,50,47,47,47,45,45,41,41,38,38,35,35

<-- VOO -->
AA0193	CTB	MNF
6	10:35
40
10
600,500
450,450,400,400
60,60,53,53,53,50,50,50,47,47,47,45,45,41,41,38,38,35,35

<-- VOO -->
AA0194	MNF	CTB
6	19:10
40
10
600,500
450,450,400,400
60,60,53,53,53,50,50,50,47,47,47,45,45,41,41,38,38,35,35

<-- VOO -->
AA0195	CTB	MNF
6	13:45
40
10
600,500
450,450,400,400
60,60,53,53,53,50,50,50,47,47,47,45,45,41,41,38,38,35,35

<-- VOO -->
AA0196	MNF	CTB
6	13:45
40
10
600,500
450,450,400,400
60,60,53,53,53,50,50,50,47,47,47,45,45,41,41,38,38,35,35

<-- VOO -->
AA0197	CTB	JNB
0	10:35
40
10
600,500
450,450,400,400
60,60,53,53,53,50,50,50,47,47,47,45,45,41,41,38,38,35,35

<-- VOO -->
AA0198	JNB	CTB
0	19:25
40
10
600,500
450,450,400,400
60,60,53,53,53,50,50,50,47,47,47,45,45,41,41,38,38,35,35

<-- VOO -->
AA0199	CTB	JNB
0	13:05
40
10
600,500
450,450,400,400
60,60,53,53,53,50,50,50,47,47,47,45,45,41,41,38,38,35,35

<-- VOO -->
AA0200	JNB	CTB
0	17:45
40
10
600,500
450,450,400,400
60,60,53,53,53,50,50,50,47,47,47,45,45,41,41,38,38,35,35

<-- VOO -->
AA0201	CTB	JNB
1	07:15
30
6
350,300
270,270,220,220
55,55,48,48,45,45,42,42,42,40,40,40,40,36,36,33,33,30,30

<-- VOO -->
AA0202	JNB	CTB
1	19:55
30
6
350,300
270,270,220,220
55,55,48,48,45,45,42,42,42,40,40,40,40,36,36,33,33,30,30

<-- VOO -->
AA0203	CTB	JNB
1	15:30
30
6
350,300
270,270,220,220
55,55,48,48,45,45,42,42,42,40,40,40,40,36,36,33,33,30,30

<-- VOO -->
AA0204	JNB	CTB
1	14:45
30
6
350,300
270,270,220,220
55,55,48,48,45,45,42,42,42,40,40,40,40,36,36,33,33,30,30

<-- VOO -->
AA0205	CTB	JNB
2	10:40
30
6
350,300
270,270,220,220
55,55,48,48,45,45,42,42,42,40,40,40,40,36,36,33,33,30,30

<-- VOO -->
AA0206	JNB	CTB
2	18:45
30
6
350,300
270,270,220,220
55,55,48,48,45,45,42,42,42,40,40,40,40,36,36,33,33,30,30

<-- VOO -->
AA0207	CTB	JNB
2	14:45
30
6
350,300
270,270,220,220
55,55,48,48,45,45,42,42,42,40,40,40,40,36,36,33,33,30,30

<-- VOO -->
AA0208	JNB	CTB
2	14:25
30
6
350,300
270,270,220,220
55,55,48,48,45,45,42,42,42,40,40,40,40,36,36,33,33,30,30

<-- VOO -->
AA0209	CTB	JNB
3	11:25
30
6
350,300
270,270,220,220
55,55,48,48,45,45,42,42,42,40,40,40,40,36,36,33,33,30,30

<-- VOO -->
AA0210	JNB	CTB
3	20:10
30
6
350,300
270,270,220,220
55,55,48,48,45,45,42,42,42,40,40,40,40,36,36,33,33,30,30

<-- VOO -->
AA0211	CTB	JNB
3	13:00
30
6
350,300
270,270,220,220
55,55,48,48,45,45,42,42,42,40,40,40,40,36,36,33,33,30,30

<-- VOO -->
AA0212	JNB	CTB
3	12:15
30
6
350,300
270,270,220,220
55,55,48,48,45,45,42,42,42,40,40,40,40,36,36,33,33,30,30

<-- VOO -->
AA0213	CTB	JNB
4	10:25
40
10
600,500
450,450,400,400
60,60,53,53,53,50,50,50,47,47,47,45,45,41,41,38,38,35,35

<-- VOO -->
AA0214	JNB	CTB
4	19:45
40
10
600,500
450,450,400,400
60,60,53,53,53,50,50,50,47,47,47,45,45,41,41,38,38,35,35

<-- VOO -->
AA0215	CTB	JNB
4	15:05
40
10
600,500
450,450,400,400
60,60,53,53,53,50,50,50,47,47,47,45,45,41,41,38,38,35,35

<-- VOO -->
AA0216	JNB	CTB
4	12:40
40
10
600,500
450,450,400,400
60,60,53,53,53,50,50,50,47,47,47,45,45,41,41,38,38,35,35

<-- VOO -->
AA0217	CTB	JNB
5	09:45
40
10
600,500
450,450,400,400
60,60,53,53,53,50,50,50,47,47,47,45,45,41,41,38,38,35,35

<-- VOO -->
AA0218	JNB	CTB
5	18:55
40
10
600,500
450,450,400,400
60,60,53,53,53,50,50,50,47,47,47,45,45,41,41,38,38,35,35

<-- VOO -->
AA0219	CTB	JNB
5	12:15
40
10
600,500
450,450,400,400
60,60,53,53,53,50,50,50,47,47,47,45,45,41,41,38,38,35,35

<-- VOO -->
AA0220	JNB	CTB
5	17:45
40
10
600,500
450,450,400,400
60,60,53,53,53,50,50,50,47,47,47,45,45,41,41,38,38,35,35

<-- VOO -->
AA0221	CTB	JNB
6	10:20
40
10
600,500
450,450,400,400
60,60,53,53,53,50,50,50,47,47,47,45,45,41,41,38,38,35,35

<-- VOO -->
AA0222	JNB	CTB
6	23:45
40
10
600,500
450,450,400,400
60,60,53,53,53,50,50,50,47,47,47,45,45,41,41,38,38,35,35

<-- VOO -->
AA0223	CTB	JNB
6	12:05
40
10
600,500
450,450,400,400
60,60,53,53,53,50,50,50,47,47,47,45,45,41,41,38,38,35,35

<-- VOO -->
AA0224	JNB	CTB
6	12:25
40
10
600,500
450,450,400,400
60,60,53,53,53,50,50,50,47,47,47,45,45,41,41,38,38,35,35

<-- VOO -->
AA0225	CTB	OPO
0	07:45
55
13
650,550
500,500,450,450
120,120,120,120,100,100,100,100,96,96,96,96,93,93,93,93,89,89,89,89,86,86,86,86,83,83,83,83,83,80,80,80,80,80,78,78,78,78,74,74,74,74,71,71,71,71,68,68,68,68,65,65,65,65

<-- VOO -->
AA0226	OPO	CTB
0	21:50
55
13
650,550
500,500,450,450
120,120,120,120,100,100,100,100,96,96,96,96,93,93,93,93,89,89,89,89,86,86,86,86,83,83,83,83,83,80,80,80,80,80,78,78,78,78,74,74,74,74,71,71,71,71,68,68,68,68,65,65,65,65

<-- VOO -->
AA0227	CTB	OPO
0	13:15
55
13
650,550
500,500,450,450
120,120,120,120,100,100,100,100,96,96,96,96,93,93,93,93,89,89,89,89,86,86,86,86,83,83,83,83,83,80,80,80,80,80,78,78,78,78,74,74,74,74,71,71,71,71,68,68,68,68,65,65,65,65

<-- VOO -->
AA0228	OPO	CTB
0	18:25
55
13
650,550
500,500,450,450
120,120,120,120,100,100,100,100,96,96,96,96,93,93,93,93,89,89,89,89,86,86,86,86,83,83,83,83,83,80,80,80,80,80,78,78,78,78,74,74,74,74,71,71,71,71,68,68,68,68,65,65,65,65

<-- VOO -->
AA0229	CTB	OPO
0	14:25
55
13
650,550
500,500,450,450
120,120,120,120,100,100,100,100,96,96,96,96,93,93,93,93,89,89,89,89,86,86,86,86,83,83,83,83,83,80,80,80,80,80,78,78,78,78,74,74,74,74,71,71,71,71,68,68,68,68,65,65,65,65

<-- VOO -->
AA0230	OPO	CTB
0	13:25
55
13
650,550
500,500,450,450
120,120,120,120,100,100,100,100,96,96,96,96,93,93,93,93,89,89,89,89,86,86,86,86,83,83,83,83,83,80,80,80,80,80,78,78,78,78,74,74,74,74,71,71,71,71,68,68,68,68,65,65,65,65

<-- VOO -->
AA0231	CTB	OPO
1	07:55
40
10
400,350
250,250,300,300
86,86,86,86,83,83,83,83,80,80,80,80,77,77,77,77,75,75,75,75,72,72,72,72,68,68,68,68,68,64,64,64,64,64,61,61,61,61,58,58,58,58,55,55,55,55,53,53,53,53,50,50,50,50

<-- VOO -->
AA0232	OPO	CTB
1	21:30
40
10
400,350
250,250,300,300
86,86,86,86,83,83,83,83,80,80,80,80,77,77,77,77,75,75,75,75,72,72,72,72,68,68,68,68,68,64,64,64,64,64,61,61,61,61,58,58,58,58,55,55,55,55,53,53,53,53,50,50,50,50

<-- VOO -->
AA0233	CTB	OPO
1	10:50
40
10
400,350
250,250,300,300
86,86,86,86,83,83,83,83,80,80,80,80,77,77,77,77,75,75,75,75,72,72,72,72,68,68,68,68,68,64,64,64,64,64,61,61,61,61,58,58,58,58,55,55,55,55,53,53,53,53,50,50,50,50

<-- VOO -->
AA0234	OPO	CTB
1	18:25
40
10
400,350
250,250,300,300
86,86,86,86,83,83,83,83,80,80,80,80,77,77,77,77,75,75,75,75,72,72,72,72,68,68,68,68,68,64,64,64,64,64,61,61,61,61,58,58,58,58,55,55,55,55,53,53,53,53,50,50,50,50

<-- VOO -->
AA0235	CTB	OPO
1	16:45
40
10
400,350
250,250,300,300
86,86,86,86,83,83,83,83,80,80,80,80,77,77,77,77,75,75,75,75,72,72,72,72,68,68,68,68,68,64,64,64,64,64,61,61,61,61,58,58,58,58,55,55,55,55,53,53,53,53,50,50,50,50

<-- VOO -->
AA0236	OPO	CTB
1	15:40
40
10
400,350
250,250,300,300
86,86,86,86,83,83,83,83,80,80,80,80,77,77,77,77,75,75,75,75,72,72,72,72,68,68,68,68,68,64,64,64,64,64,61,61,61,61,58,58,58,58,55,55,55,55,53,53,53,53,50,50,50,50

<-- VOO -->
AA0237	CTB	OPO
2	07:05
40
10
400,350
250,250,300,300
86,86,86,86,83,83,83,83,80,80,80,80,77,77,77,77,75,75,75,75,72,72,72,72,68,68,68,68,68,64,64,64,64,64,61,61,61,61,58,58,58,58,55,55,55,55,53,53,53,53,50,50,50,50

<-- VOO -->
AA0238	OPO	CTB
2	21:05
40
10
400,350
250,250,300,300
86,86,86,86,83,83,83,83,80,80,80,80,77,77,77,77,75,75,75,75,72,72,72,72,68,68,68,68,68,64,64,64,64,64,61,61,61,61,58,58,58,58,55,55,55,55,53,53,53,53,50,50,50,50

<-- VOO -->
AA0239	CTB	OPO
2	10:45
40
10
400,350
250,250,300,300
86,86,86,86,83,83,83,83,80,80,80,80,77,77,77,77,75,75,75,75,72,72,72,72,68,68,68,68,68,64,64,64,64,64,61,61,61,61,58,58,58,58,55,55,55,55,53,53,53,53,50,50,50,50

<-- VOO -->
AA0240	OPO	CTB
2	19:10
40
10
400,350
250,250,300,300
86,86,86,86,83,83,83,83,80,80,80,80,77,77,77,77,75,75,75,75,72,72,72,72,68,68,68,68,68,64,64,64,64,64,61,61,61,61,58,58,58,58,55,55,55,55,53,53,53,53,50,50,50,50

<-- VOO -->
AA0241	CTB	OPO
2	15:05
40
10
400,350
250,250,300,300
86,86,86,86,83,83,83,83,80,80,80,80,77,77,77,77,75,75,75,75,72,72,72,72,68,68,68,68,68,64,64,64,64,64,61,61,61,61,58,58,58,58,55,55,55,55,53,53,53,53,50,50,50,50

<-- VOO -->
AA0242	OPO	CTB
2	13:20
40
10
400,350
250,250,300,300
86,86,86,86,83,83,83,83,80,80,80,80,77,77,77,77,75,75,75,75,72,72,72,72,68,68,68,68,68,64,64,64,64,64,61,61,61,61,58,58,58,58,55,55,55,55,53,53,53,53,50,50,50,50

<-- VOO -->
AA0243	CTB	OPO
3	07:25
40
10
400,350
250,250,300,300
86,86,86,86,83,83,83,83,80,80,80,80,77,77,77,77,75,75,75,75,72,72,72,72,68,68,68,68,68,64,64,64,64,64,61,61,61,61,58,58,58,58,55,55,55,55,53,53,53,53,50,50,50,50

<-- VOO -->
AA0244	OPO	CTB
3	23:40
40
10
400,350
250,250,300,300
86,86,86,86,83,83,83,83,80,80,80,80,77,77,77,77,75,75,75,75,72,72,72,72,68,68,68,68,68,64,64,64,64,64,61,61,61,61,58,58,58,58,55,55,55,55,53,53,53,53,50,50,50,50

<-- VOO -->
AA0245	CTB	OPO
3	11:50
40
10
400,350
250,250,300,300
86,86,86,86,83,83,83,83,80,80,80,80,77,77,77,77,75,75,75,75,72,72,72,72,68,68,68,68,68,64,64,64,64,64,61,61,61,61,58,58,58,58,55,55,55,55,53,53,53,53,50,50,50,50

<-- VOO -->
AA0246	OPO	CTB
3	19:15
40
10
400,350
250,250,300,300
86,86,86,86,83,83,83,83,80,80,80,80,77,77,77,77,75,75,75,75,72,72,72,72,68,68,68,68,68,64,64,64,64,64,61,61,61,61,58,58,58,58,55,55,55,55,53,53,53,53,50,50,50,50

<-- VOO -->
AA0247	CTB	OPO
3	15:30
40
10
400,350
250,250,300,300
86,86,86,86,83,83,83,83,80,80,80,80,77,77,77,77,75,75,75,75,72,72,72,72,68,68,68,68,68,64,64,64,64,64,61,61,61,61,58,58,58,58,55,55,55,55,53,53,53,53,50,50,50,50

<-- VOO -->
AA0248	OPO	CTB
3	13:45
40
10
400,350
250,250,300,300
86,86,86,86,83,83,83,83,80,80,80,80,77,77,77,77,75,75,75,75,72,72,72,72,68,68,68,68,68,64,64,64,64,64,61,61,61,61,58,58,58,58,55,55,55,55,53,53,53,53,50,50,50,50

<-- VOO -->
AA0249	CTB	OPO
4	09:30
55
13
650,550
500,500,450,450
120,120,120,120,100,100,100,100,96,96,96,96,93,93,93,93,89,89,89,89,86,86,86,86,83,83,83,83,83,80,80,80,80,80,78,78,78,78,74,74,74,74,71,71,71,71,68,68,68,68,65,65,65,65

<-- VOO -->
AA0250	OPO	CTB
4	21:05
55
13
650,550
500,500,450,450
120,120,120,120,100,100,100,100,96,96,96,96,93,93,93,93,89,89,89,89,86,86,86,86,83,83,83,83,83,80,80,80,80,80,78,78,78,78,74,74,74,74,71,71,71,71,68,68,68,68,65,65,65,65

<-- VOO -->
AA0251	CTB	OPO
4	12:55
55
13
650,550
500,500,450,450
120,120,120,120,100,100,100,100,96,96,96,96,93,93,93,93,89,89,89,89,86,86,86,86,83,83,83,83,83,80,80,80,80,80,78,78,78,78,74,74,74,74,71,71,71,71,68,68,68,68,65,65,65,65

<-- VOO -->
AA0252	OPO	CTB
4	18:40
55
13
650,550
500,500,450,450
120,120,120,120,100,100,100,100,96,96,96,96,93,93,93,93,89,89,89,89,86,86,86,86,83,83,83,83,83,80,80,80,80,80,78,78,78,78,74,74,74,74,71,71,71,71,68,68,68,68,65,65,65,65

<-- VOO -->
AA0253	CTB	OPO
4	17:30
55
13
650,550
500,500,450,450
120,120,120,120,100,100,100,100,96,96,96,96,93,93,93,93,89,89,89,89,86,86,86,86,83,83,83,83,83,80,80,80,80,80,78,78,78,78,74,74,74,74,71,71,71,71,68,68,68,68,65,65,65,65

<-- VOO -->
AA0254	OPO	CTB
4	15:10
55
13
650,550
500,500,450,450
120,120,120,120,100,100,100,100,96,96,96,96,93,93,93,93,89,89,89,89,86,86,86,86,83,83,83,83,83,80,80,80,80,80,78,78,78,78,74,74,74,74,71,71,71,71,68,68,68,68,65,65,65,65

<-- VOO -->
AA0255	CTB	OPO
5	08:05
55
13
650,550
500,500,450,450
120,120,120,120,100,100,100,100,96,96,96,96,93,93,93,93,89,89,89,89,86,86,86,86,83,83,83,83,83,80,80,80,80,80,78,78,78,78,74,74,74,74,71,71,71,71,68,68,68,68,65,65,65,65

<-- VOO -->
AA0256	OPO	CTB
5	21:25
55
13
650,550
500,500,450,450
120,120,120,120,100,100,100,100,96,96,96,96,93,93,93,93,89,89,89,89,86,86,86,86,83,83,83,83,83,80,80,80,80,80,78,78,78,78,74,74,74,74,71,71,71,71,68,68,68,68,65,65,65,65

<-- VOO -->
AA0257	CTB	OPO
5	13:35
55
13
650,550
500,500,450,450
120,120,120,120,100,100,100,100,96,96,96,96,93,93,93,93,89,89,89,89,86,86,86,86,83,83,83,83,83,80,80,80,80,80,78,78,78,78,74,74,74,74,71,71,71,71,68,68,68,68,65,65,65,65

<-- VOO -->
AA0258	OPO	CTB
5	17:05
55
13
650,550
500,500,450,450
120,120,120,120,100,100,100,100,96,96,96,96,93,93,93,93,89,89,89,89,86,86,86,86,83,83,83,83,83,80,80,80,80,80,78,78,78,78,74,74,74,74,71,71,71,71,68,68,68,68,65,65,65,65

<-- VOO -->
AA0259	CTB	OPO
5	17:30
55
13
650,550
500,500,450,450
120,120,120,120,100,100,100,100,96,96,96,96,93,93,93,93,89,89,89,89,86,86,86,86,83,83,83,83,83,80,80,80,80,80,78,78,78,78,74,74,74,74,71,71,71,71,68,68,68,68,65,65,65,65

<-- VOO -->
AA0260	OPO	CTB
5	13:15
55
13
650,550
500,500,450,450
120,120,120,120,100,100,100,100,96,96,96,96,93,93,93,93,89,89,89,89,86,86,86,86,83,83,83,83,83,80,80,80,80,80,78,78,78,78,74,74,74,74,71,71,71,71,68,68,68,68,65,65,65,65

<-- VOO -->
AA0261	CTB	OPO
6	07:05
55
13
650,550
500,500,450,450
120,120,120,120,100,100,100,100,96,96,96,96,93,93,93,93,89,89,89,89,86,86,86,86,83,83,83,83,83,80,80,80,80,80,78,78,78,78,74,74,74,74,71,71,71,71,68,68,68,68,65,65,65,65

<-- VOO -->
AA0262	OPO	CTB
6	20:35
55
13
650,550
500,500,450,450
120,120,120,120,100,100,100,100,96,96,96,96,93,93,93,93,89,89,89,89,86,86,86,86,83,83,83,83,83,80,80,80,80,80,78,78,78,78,74,74,74,74,71,71,71,71,68,68,68,68,65,65,65,65

<-- VOO -->
AA0263	CTB	OPO
6	10:30
55
13
650,550
500,500,450,450
120,120,120,120,100,100,100,100,96,96,96,96,93,93,93,93,89,89,89,89,86,86,86,86,83,83,83,83,83,80,80,80,80,80,78,78,78,78,74,74,74,74,71,71,71,71,68,68,68,68,65,65,65,65

<-- VOO -->
AA0264	OPO	CTB
6	19:15
55
13
650,550
500,500,450,450
120,120,120,120,100,100,100,100,96,96,96,96,93,93,93,93,89,89,89,89,86,86,86,86,83,83,83,83,83,80,80,80,80,80,78,78,78,78,74,74,74,74,71,71,71,71,68,68,68,68,65,65,65,65

<-- VOO -->
AA0265	CTB	OPO
6	14:50
55
13
650,550
500,500,450,450
120,120,120,120,100,100,100,100,96,96,96,96,93,93,93,93,89,89,89,89,86,86,86,86,83,83,83,83,83,80,80,80,80,80,78,78,78,78,74,74,74,74,71,71,71,71,68,68,68,68,65,65,65,65

<-- VOO -->
AA0266	OPO	CTB
6	15:00
55
13
650,550
500,500,450,450
120,120,120,120,100,100,100,100,96,96,96,96,93,93,93,93,89,89,89,89,86,86,86,86,83,83,83,83,83,80,80,80,80,80,78,78,78,78,74,74,74,74,71,71,71,71,68,68,68,68,65,65,65,65

<-- VOO -->
AA0267	CTB	LIS
0	09:05
55
13
650,550
500,500,450,450
120,120,120,120,100,100,100,100,96,96,96,96,93,93,93,93,89,89,89,89,86,86,86,86,83,83,83,83,83,80,80,80,80,80,78,78,78,78,74,74,74,74,71,71,71,71,68,68,68,68,65,65,65,65

<-- VOO -->
AA0268	LIS	CTB
0	21:25
55
13
650,550
500,500,450,450
120,120,120,120,100,100,100,100,96,96,96,96,93,93,93,93,89,89,89,89,86,86,86,86,83,83,83,83,83,80,80,80,80,80,78,78,78,78,74,74,74,74,71,71,71,71,68,68,68,68,65,65,65,65

<-- VOO -->
AA0269	CTB	LIS
0	13:05
55
13
650,550
500,500,450,450
120,120,120,120,100,100,100,100,96,96,96,96,93,93,93,93,89,89,89,89,86,86,86,86,83,83,83,83,83,80,80,80,80,80,78,78,78,78,74,74,74,74,71,71,71,71,68,68,68,68,65,65,65,65

<-- VOO -->
AA0270	LIS	CTB
0	16:35
55
13
650,550
500,500,450,450
120,120,120,120,100,100,100,100,96,96,96,96,93,93,93,93,89,89,89,89,86,86,86,86,83,83,83,83,83,80,80,80,80,80,78,78,78,78,74,74,74,74,71,71,71,71,68,68,68,68,65,65,65,65

<-- VOO -->
AA0271	CTB	LIS
0	16:35
55
13
650,550
500,500,450,450
120,120,120,120,100,100,100,100,96,96,96,96,93,93,93,93,89,89,89,89,86,86,86,86,83,83,83,83,83,80,80,80,80,80,78,78,78,78,74,74,74,74,71,71,71,71,68,68,68,68,65,65,65,65

<-- VOO -->
AA0272	LIS	CTB
0	12:00
55
13
650,550
500,500,450,450
120,120,120,120,100,100,100,100,96,96,96,96,93,93,93,93,89,89,89,89,86,86,86,86,83,83,83,83,83,80,80,80,80,80,78,78,78,78,74,74,74,74,71,71,71,71,68,68,68,68,65,65,65,65

<-- VOO -->
AA0273	CTB	LIS
1	08:30
40
10
400,350
250,250,300,300
86,86,86,86,83,83,83,83,80,80,80,80,77,77,77,77,75,75,75,75,72,72,72,72,68,68,68,68,68,64,64,64,64,64,61,61,61,61,58,58,58,58,55,55,55,55,53,53,53,53,50,50,50,50

<-- VOO -->
AA0274	LIS	CTB
1	23:05
40
10
400,350
250,250,300,300
86,86,86,86,83,83,83,83,80,80,80,80,77,77,77,77,75,75,75,75,72,72,72,72,68,68,68,68,68,64,64,64,64,64,61,61,61,61,58,58,58,58,55,55,55,55,53,53,53,53,50,50,50,50

<-- VOO -->
AA0275	CTB	LIS
1	12:25
40
10
400,350
250,250,300,300
86,86,86,86,83,83,83,83,80,80,80,80,77,77,77,77,75,75,75,75,72,72,72,72,68,68,68,68,68,64,64,64,64,64,61,61,61,61,58,58,58,58,55,55,55,55,53,53,53,53,50,50,50,50

<-- VOO -->
AA0276	LIS	CTB
1	16:05
40
10
400,350
250,250,300,300
86,86,86,86,83,83,83,83,80,80,80,80,77,77,77,77,75,75,75,75,72,72,72,72,68,68,68,68,68,64,64,64,64,64,61,61,61,61,58,58,58,58,55,55,55,55,53,53,53,53,50,50,50,50

<-- VOO -->
AA0277	CTB	LIS
1	17:25
40
10
400,350
250,250,300,300
86,86,86,86,83,83,83,83,80,80,80,80,77,77,77,77,75,75,75,75,72,72,72,72,68,68,68,68,68,64,64,64,64,64,61,61,61,61,58,58,58,58,55,55,55,55,53,53,53,53,50,50,50,50

<-- VOO -->
AA0278	LIS	CTB
1	15:45
40
10
400,350
250,250,300,300
86,86,86,86,83,83,83,83,80,80,80,80,77,77,77,77,75,75,75,75,72,72,72,72,68,68,68,68,68,64,64,64,64,64,61,61,61,61,58,58,58,58,55,55,55,55,53,53,53,53,50,50,50,50

<-- VOO -->
AA0279	CTB	LIS
2	06:05
40
10
400,350
250,250,300,300
86,86,86,86,83,83,83,83,80,80,80,80,77,77,77,77,75,75,75,75,72,72,72,72,68,68,68,68,68,64,64,64,64,64,61,61,61,61,58,58,58,58,55,55,55,55,53,53,53,53,50,50,50,50

<-- VOO -->
AA0280	LIS	CTB
2	21:10
40
10
400,350
250,250,300,300
86,86,86,86,83,83,83,83,80,80,80,80,77,77,77,77,75,75,75,75,72,72,72,72,68,68,68,68,68,64,64,64,64,64,61,61,61,61,58,58,58,58,55,55,55,55,53,53,53,53,50,50,50,50

<-- VOO -->
AA0281	CTB	LIS
2	13:20
40
10
400,350
250,250,300,300
86,86,86,86,83,83,83,83,80,80,80,80,77,77,77,77,75,75,75,75,72,72,72,72,68,68,68,68,68,64,64,64,64,64,61,61,61,61,58,58,58,58,55,55,55,55,53,53,53,53,50,50,50,50

<-- VOO -->
AA0282	LIS	CTB
2	19:25
40
10
400,350
250,250,300,300
86,86,86,86,83,83,83,83,80,80,80,80,77,77,77,77,75,75,75,75,72,72,72,72,68,68,68,68,68,64,64,64,64,64,61,61,61,61,58,58,58,58,55,55,55,55,53,53,53,53,50,50,50,50

<-- VOO -->
AA0283	CTB	LIS
2	14:35
40
10
400,350
250,250,300,300
86,86,86,86,83,83,83,83,80,80,80,80,77,77,77,77,75,75,75,75,72,72,72,72,68,68,68,68,68,64,64,64,64,64,61,61,61,61,58,58,58,58,55,55,55,55,53,53,53,53,50,50,50,50

<-- VOO -->
AA0284	LIS	CTB
2	15:40
40
10
400,350
250,250,300,300
86,86,86,86,83,83,83,83,80,80,80,80,77,77,77,77,75,75,75,75,72,72,72,72,68,68,68,68,68,64,64,64,64,64,61,61,61,61,58,58,58,58,55,55,55,55,53,53,53,53,50,50,50,50

<-- VOO -->
AA0285	CTB	LIS
3	09:15
40
10
400,350
250,250,300,300
86,86,86,86,83,83,83,83,80,80,80,80,77,77,77,77,75,75,75,75,72,72,72,72,68,68,68,68,68,64,64,64,64,64,61,61,61,61,58,58,58,58,55,55,55,55,53,53,53,53,50,50,50,50

<-- VOO -->
AA0286	LIS	CTB
3	22:55
40
10
400,350
250,250,300,300
86,86,86,86,83,83,83,83,80,80,80,80,77,77,77,77,75,75,75,75,72,72,72,72,68,68,68,68,68,64,64,64,64,64,61,61,61,61,58,58,58,58,55,55,55,55,53,53,53,53,50,50,50,50

<-- VOO -->
AA0287	CTB	LIS
3	10:40
40
10
400,350
250,250,300,300
86,86,86,86,83,83,83,83,80,80,80,80,77,77,77,77,75,75,75,75,72,72,72,72,68,68,68,68,68,64,64,64,64,64,61,61,61,61,58,58,58,58,55,55,55,55,53,53,53,53,50,50,50,50

<-- VOO -->
AA0288	LIS	CTB
3	18:55
40
10
400,350
250,250,300,300
86,86,86,86,83,83,83,83,80,80,80,80,77,77,77,77,75,75,75,75,72,72,72,72,68,68,68,68,68,64,64,64,64,64,61,61,61,61,58,58,58,58,55,55,55,55,53,53,53,53,50,50,50,50

<-- VOO -->
AA0289	CTB	LIS
3	14:20
40
10
400,350
250,250,300,300
86,86,86,86,83,83,83,83,80,80,80,80,77,77,77,77,75,75,75,75,72,72,72,72,68,68,68,68,68,64,64,64,64,64,61,61,61,61,58,58,58,58,55,55,55,55,53,53,53,53,50,50,50,50

<-- VOO -->
AA0290	LIS	CTB
3	12:00
40
10
400,350
250,250,300,300
86,86,86,86,83,83,83,83,80,80,80,80,77,77,77,77,75,75,75,75,72,72,72,72,68,68,68,68,68,64,64,64,64,64,61,61,61,61,58,58,58,58,55,55,55,55,53,53,53,53,50,50,50,50

<-- VOO -->
AA0291	CTB	LIS
4	07:00
55
13
650,550
500,500,450,450
120,120,120,120,100,100,100,100,96,96,96,96,93,93,93,93,89,89,89,89,86,86,86,86,83,83,83,83,83,80,80,80,80,80,78,78,78,78,74,74,74,74,71,71,71,71,68,68,68,68,65,65,65,65

<-- VOO -->
AA0292	LIS	CTB
4	23:30
55
13
650,550
500,500,450,450
120,120,120,120,100,100,100,100,96,96,96,96,93,93,93,93,89,89,89,89,86,86,86,86,83,83,83,83,83,80,80,80,80,80,78,78,78,78,74,74,74,74,71,71,71,71,68,68,68,68,65,65,65,65

<-- VOO -->
AA0293	CTB	LIS
4	10:05
55
13
650,550
500,500,450,450
120,120,120,120,100,100,100,100,96,96,96,96,93,93,93,93,89,89,89,89,86,86,86,86,83,83,83,83,83,80,80,80,80,80,78,78,78,78,74,74,74,74,71,71,71,71,68,68,68,68,65,65,65,65

<-- VOO -->
AA0294	LIS	CTB
4	16:05
55
13
650,550
500,500,450,450
120,120,120,120,100,100,100,100,96,96,96,96,93,93,93,93,89,89,89,89,86,86,86,86,83,83,83,83,83,80,80,80,80,80,78,78,78,78,74,74,74,74,71,71,71,71,68,68,68,68,65,65,65,65

<-- VOO -->
AA0295	CTB	LIS
4	14:30
55
13
650,550
500,500,450,450
120,120,120,120,100,100,100,100,96,96,96,96,93,93,93,93,89,89,89,89,86,86,86,86,83,83,83,83,83,80,80,80,80,80,78,78,78,78,74,74,74,74,71,71,71,71,68,68,68,68,65,65,65,65

<-- VOO -->
AA0296	LIS	CTB
4	12:35
55
13
650,550
500,500,450,450
120,120,120,120,100,100,100,100,96,96,96,96,93,93,93,93,89,89,89,89,86,86,86,86,83,83,83,83,83,80,80,80,80,80,78,78,78,78,74,74,74,74,71,71,71,71,68,68,68,68,65,65,65,65

<-- VOO -->
AA0297	CTB	LIS
5	08:50
55
13
650,550
500,500,450,450
120,120,120,120,100,100,100,100,96,96,96,96,93,93,93,93,89,89,89,89,86,86,86,86,83,83,83,83,83,80,80,80,80,80,78,78,78,78,74,74,74,74,71,71,71,71,68,68,68,68,65,65,65,65

<-- VOO -->
AA0298	LIS	CTB
5	22:45
55
13
650,550
500,500,450,450
120,120,120,120,100,100,100,100,96,96,96,96,93,93,93,93,89,89,89,89,86,86,86,86,83,83,83,83,83,80,80,80,80,80,78,78,78,78,74,74,74,74,71,71,71,71,68,68,68,68,65,65,65,65

<-- VOO -->
AA0299	CTB	LIS
5	13:15
55
13
650,550
500,500,450,450
120,120,120,120,100,100,100,100,96,96,96,96,93,93,93,93,89,89,89,89,86,86,86,86,83,83,83,83,83,80,80,80,80,80,78,78,78,78,74,74,74,74,71,71,71,71,68,68,68,68,65,65,65,65

<-- VOO -->
AA0300	LIS	CTB
5	18:45
55
13
650,550
500,500,450,450
120,120,120,120,100,100,100,100,96,96,96,96,93,93,93,93,89,89,89,89,86,86,86,86,83,83,83,83,83,80,80,80,80,80,78,78,78,78,74,74,74,74,71,71,71,71,68,68,68,68,65,65,65,65

<-- VOO -->
AA0301	CTB	LIS
5	16:20
55
13
650,550
500,500,450,450
120,120,120,120,100,100,100,100,96,96,96,96,93,93,93,93,89,89,89,89,86,86,86,86,83,83,83,83,83,80,80,80,80,80,78,78,78,78,74,74,74,74,71,71,71,71,68,68,68,68,65,65,65,65

<-- VOO -->
AA0302	LIS	CTB
5	15:20
55
13
650,550
500,500,450,450
120,120,120,120,100,100,100,100,96,96,96,96,93,93,93,93,89,89,89,89,86,86,86,86,83,83,83,83,83,80,80,80,80,80,78,78,78,78,74,74,74,74,71,71,71,71,68,68,68,68,65,65,65,65

<-- VOO -->
AA0303	CTB	LIS
6	06:35
55
13
650,550
500,500,450,450
120,120,120,120,100,100,100,100,96,96,96,96,93,93,93,93,89,89,89,89,86,86,86,86,83,83,83,83,83,80,80,80,80,80,78,78,78,78,74,74,74,74,71,71,71,71,68,68,68,68,65,65,65,65

<-- VOO -->
AA0304	LIS	CTB
6	22:00
55
13
650,550
500,500,450,450
120,120,120,120,100,100,100,100,96,96,96,96,93,93,93,93,89,89,89,89,86,86,86,86,83,83,83,83,83,80,80,80,80,80,78,78,78,78,74,74,74,74,71,71,71,71,68,68,68,68,65,65,65,65

<-- VOO -->
AA0305	CTB	LIS
6	11:25
55
13
650,550
500,500,450,450
120,120,120,120,100,100,100,100,96,96,96,96,93,93,93,93,89,89,89,89,86,86,86,86,83,83,83,83,83,80,80,80,80,80,78,78,78,78,74,74,74,74,71,71,71,71,68,68,68,68,65,65,65,65

<-- VOO -->
AA0306	LIS	CTB
6	18:30
55
13
650,550
500,500,450,450
120,120,120,120,100,100,100,100,96,96,96,96,93,93,93,93,89,89,89,89,86,86,86,86,83,83,83,83,83,80,80,80,80,80,78,78,78,78,74,74,74,74,71,71,71,71,68,68,68,68,65,65,65,65

<-- VOO -->
AA0307	CTB	LIS
6	17:25
55
13
650,550
500,500,450,450
120,120,120,120,100,100,100,100,96,96,96,96,93,93,93,93,89,89,89,89,86,86,86,86,83,83,83,83,83,80,80,80,80,80,78,78,78,78,74,74,74,74,71,71,71,71,68,68,68,68,65,65,65,65

<-- VOO -->
AA0308	LIS	CTB
6	15:00
55
13
650,550
500,500,450,450
120,120,120,120,100,100,100,100,96,96,96,96,93,93,93,93,89,89,89,89,86,86,86,86,83,83,83,83,83,80,80,80,80,80,78,78,78,78,74,74,74,74,71,71,71,71,68,68,68,68,65,65,65,65

<-- VOO -->
AA0309	CTB	FAO
0	07:10
55
13
650,550
500,500,450,450
120,120,120,120,100,100,100,100,96,96,96,96,93,93,93,93,89,89,89,89,86,86,86,86,83,83,83,83,83,80,80,80,80,80,78,78,78,78,74,74,74,74,71,71,71,71,68,68,68,68,65,65,65,65

<-- VOO -->
AA0310	FAO	CTB
0	21:20
55
13
650,550
500,500,450,450
120,120,120,120,100,100,100,100,96,96,96,96,93,93,93,93,89,89,89,89,86,86,86,86,83,83,83,83,83,80,80,80,80,80,78,78,78,78,74,74,74,74,71,71,71,71,68,68,68,68,65,65,65,65

<-- VOO -->
AA0311	CTB	FAO
0	10:15
55
13
650,550
500,500,450,450
120,120,120,120,100,100,100,100,96,96,96,96,93,93,93,93,89,89,89,89,86,86,86,86,83,83,83,83,83,80,80,80,80,80,78,78,78,78,74,74,74,74,71,71,71,71,68,68,68,68,65,65,65,65

<-- VOO -->
AA0312	FAO	CTB
0	17:10
55
13
650,550
500,500,450,450
120,120,120,120,100,100,100,100,96,96,96,96,93,93,93,93,89,89,89,89,86,86,86,86,83,83,83,83,83,80,80,80,80,80,78,78,78,78,74,74,74,74,71,71,71,71,68,68,68,68,65,65,65,65

<-- VOO -->
AA0313	CTB	FAO
0	14:35
55
13
650,550
500,500,450,450
120,120,120,120,100,100,100,100,96,96,96,96,93,93,93,93,89,89,89,89,86,86,86,86,83,83,83,83,83,80,80,80,80,80,78,78,78,78,74,74,74,74,71,71,71,71,68,68,68,68,65,65,65,65

<-- VOO -->
AA0314	FAO	CTB
0	14:15
55
13
650,550
500,500,450,450
120,120,120,120,100,100,100,100,96,96,96,96,93,93,93,93,89,89,89,89,86,86,86,86,83,83,83,83,83,80,80,80,80,80,78,78,78,78,74,74,74,74,71,71,71,71,68,68,68,68,65,65,65,65

<-- VOO -->
AA0315	CTB	FAO
1	09:05
40
10
400,350
250,250,300,300
86,86,86,86,83,83,83,83,80,80,80,80,77,77,77,77,75,75,75,75,72,72,72,72,68,68,68,68,68,64,64,64,64,64,61,61,61,61,58,58,58,58,55,55,55,55,53,53,53,53,50,50,50,50

<-- VOO -->
AA0316	FAO	CTB
1	22:25
40
10
400,350
250,250,300,300
86,86,86,86,83,83,83,83,80,80,80,80,77,77,77,77,75,75,75,75,72,72,72,72,68,68,68,68,68,64,64,64,64,64,61,61,61,61,58,58,58,58,55,55,55,55,53,53,53,53,50,50,50,50

<-- VOO -->
AA0317	CTB	FAO
1	10:20
40
10
400,350
250,250,300,300
86,86,86,86,83,83,83,83,80,80,80,80,77,77,77,77,75,75,75,75,72,72,72,72,68,68,68,68,68,64,64,64,64,64,61,61,61,61,58,58,58,58,55,55,55,55,53,53,53,53,50,50,50,50

<-- VOO -->
AA0318	FAO	CTB
1	16:20
40
10
400,350
250,250,300,300
86,86,86,86,83,83,83,83,80,80,80,80,77,77,77,77,75,75,75,75,72,72,72,72,68,68,68,68,68,64,64,64,64,64,61,61,61,61,58,58,58,58,55,55,55,55,53,53,53,53,50,50,50,50

<-- VOO -->
AA0319	CTB	FAO
1	15:35
40
10
400,350
250,250,300,300
86,86,86,86,83,83,83,83,80,80,80,80,77,77,77,77,75,75,75,75,72,72,72,72,68,68,68,68,68,64,64,64,64,64,61,61,61,61,58,58,58,58,55,55,55,55,53,53,53,53,50,50,50,50

<-- VOO -->
AA0320	FAO	CTB
1	12:15
40
10
400,350
250,250,300,300
86,86,86,86,83,83,83,83,80,80,80,80,77,77,77,77,75,75,75,75,72,72,72,72,68,68,68,68,68,64,64,64,64,64,61,61,61,61,58,58,58,58,55,55,55,55,53,53,53,53,50,50,50,50

<-- VOO -->
AA0321	CTB	FAO
2	09:15
40
10
400,350
250,250,300,300
86,86,86,86,83,83,83,83,80,80,80,80,77,77,77,77,75,75,75,75,72,72,72,72,68,68,68,68,68,64,64,64,64,64,61,61,61,61,58,58,58,58,55,55,55,55,53,53,53,53,50,50,50,50

<-- VOO -->
AA0322	FAO	CTB
2	21:45
40
10
400,350
250,250,300,300
86,86,86,86,83,83,83,83,80,80,80,80,77,77,77,77,75,75,75,75,72,72,72,72,68,68,68,68,68,64,64,64,64,64,61,61,61,61,58,58,58,58,55,55,55,55,53,53,53,53,50,50,50,50

<-- VOO -->
AA0323	CTB	FAO
2	11:15
40
10
400,350
250,250,300,300
86,86,86,86,83,83,83,83,80,80,80,80,77,77,77,77,75,75,75,75,72,72,72,72,68,68,68,68,68,64,64,64,64,64,61,61,61,61,58,58,58,58,55,55,55,55,53,53,53,53,50,50,50,50

<-- VOO -->
AA0324	FAO	CTB
2	18:25
40
10
400,350
250,250,300,300
86,86,86,86,83,83,83,83,80,80,80,80,77,77,77,77,75,75,75,75,72,72,72,72,68,68,68,68,68,64,64,64,64,64,61,61,61,61,58,58,58,58,55,55,55,55,53,53,53,53,50,50,50,50

<-- VOO -->
AA0325	CTB	FAO
2	15:55
40
10
400,350
250,250,300,300
86,86,86,86,83,83,83,83,80,80,80,80,77,77,77,77,75,75,75,75,72,72,72,72,68,68,68,68,68,64,64,64,64,64,61,61,61,61,58,58,58,58,55,55,55,55,53,53,53,53,50,50,50,50

<-- VOO -->
AA0326	FAO	CTB
2	13:30
40
10
400,350
250,250,300,300
86,86,86,86,83,83,83,83,80,80,80,80,77,77,77,77,75,75,75,75,72,72,72,72,68,68,68,68,68,64,64,64,64,64,61,61,61,61,58,58,58,58,55,55,55,55,53,53,53,53,50,50,50,50

<-- VOO -->
AA0327	CTB	FAO
3	08:50
40
10
400,350
250,250,300,300
86,86,86,86,83,83,83,83,80,80,80,80,77,77,77,77,75,75,75,75,72,72,72,72,68,68,68,68,68,64,64,64,64,64,61,61,61,61,58,58,58,58,55,55,55,55,53,53,53,53,50,50,50,50

<-- VOO -->
AA0328	FAO	CTB
3	20:40
40
10
400,350
250,250,300,300
86,86,86,86,83,83,83,83,80,80,80,80,77,77,77,77,75,75,75,75,72,72,72,72,68,68,68,68,68,64,64,64,64,64,61,61,61,61,58,58,58,58,55,55,55,55,53,53,53,53,50,50,50,50

<-- VOO -->
AA0329	CTB	FAO
3	12:05
40
10
400,350
250,250,300,300
86,86,86,86,83,83,83,83,80,80,80,80,77,77,77,77,75,75,75,75,72,72,72,72,68,68,68,68,68,64,64,64,64,64,61,61,61,61,58,58,58,58,55,55,55,55,53,53,53,53,50,50,50,50

<-- VOO -->
AA0330	FAO	CTB
3	18:50
40
10
400,350
250,250,300,300
86,86,86,86,83,83,83,83,80,80,80,80,77,77,77,77,75,75,75,75,72,72,72,72,68,68,68,68,68,64,64,64,64,64,61,61,61,61,58,58,58,58,55,55,55,55,53,53,53,53,50,50,50,50

<-- VOO -->
AA0331	CTB	FAO
3	17:00
40
10
400,350
250,250,300,300
86,86,86,86,83,83,83,83,80,80,80,80,77,77,77,77,75,75,75,75,72,72,72,72,68,68,68,68,68,64,64,64,64,64,61,61,61,61,58,58,58,58,55,55,55,55,53,53,53,53,50,50,50,50

<-- VOO -->
AA0332	FAO	CTB
3	12:00
40
10
400,350
250,250,300,300
86,86,86,86,83,83,83,83,80,80,80,80,77,77,77,77,75,75,75,75,72,72,72,72,68,68,68,68,68,64,64,64,64,64,61,61,61,61,58,58,58,58,55,55,55,55,53,53,53,53,50,50,50,50

<-- VOO -->
AA0333	CTB	FAO
4	07:25
55
13
650,550
500,500,450,450
120,120,120,120,100,100,100,100,96,96,96,96,93,93,93,93,89,89,89,89,86,86,86,86,83,83,83,83,83,80,80,80,80,80,78,78,78,78,74,74,74,74,71,71,71,71,68,68,68,68,65,65,65,65

<-- VOO -->
AA0334	FAO	CTB
4	22:35
55
13
650,550
500,500,450,450
120,120,120,120,100,100,100,100,96,96,96,96,93,93,93,93,89,89,89,89,86,86,86,86,83,83,83,83,83,80,80,80,80,80,78,78,78,78,74,74,74,74,71,71,71,71,68,68,68,68,65,65,65,65

<-- VOO -->
AA0335	CTB	FAO
4	10:50
55
13
650,550
500,500,450,450
120,120,120,120,100,100,100,100,96,96,96,96,93,93,93,93,89,89,89,89,86,86,86,86,83,83,83,83,83,80,80,80,80,80,78,78,78,78,74,74,74,74,71,71,71,71,68,68,68,68,65,65,65,65

<-- VOO -->
AA0336	FAO	CTB
4	18:40
55
13
650,550
500,500,450,450
120,120,120,120,100,100,100,100,96,96,96,96,93,93,93,93,89,89,89,89,86,86,86,86,83,83,83,83,83,80,80,80,80,80,78,78,78,78,74,74,74,74,71,71,71,71,68,68,68,68,65,65,65,65

<-- VOO -->
AA0337	CTB	FAO
4	16:25
55
13
650,550
500,500,450,450
120,120,120,120,100,100,100,100,96,96,96,96,93,93,93,93,89,89,89,89,86,86,86,86,83,83,83,83,83,80,80,80,80,80,78,78,78,78,74,74,74,74,71,71,71,71,68,68,68,68,65,65,65,65

<-- VOO -->
AA0338	FAO	CTB
4	13:35
55
13
650,550
500,500,450,450
120,120,120,120,100,100,100,100,96,96,96,96,93,93,93,93,89,89,89,89,86,86,86,86,83,83,83,83,83,80,80,80,80,80,78,78,78,78,74,74,74,74,71,71,71,71,68,68,68,68,65,65,65,65

<-- VOO -->
AA0339	CTB	FAO
5	09:50
55
13
650,550
500,500,450,450
120,120,120,120,100,100,100,100,96,96,96,96,93,93,93,93,89,89,89,89,86,86,86,86,83,83,83,83,83,80,80,80,80,80,78,78,78,78,74,74,74,74,71,71,71,71,68,68,68,68,65,65,65,65

<-- VOO -->
AA0340	FAO	CTB
5	22:00
55
13
650,550
500,500,450,450
120,120,120,120,100,100,100,100,96,96,96,96,93,93,93,93,89,89,89,89,86,86,86,86,83,83,83,83,83,80,80,80,80,80,78,78,78,78,74,74,74,74,71,71,71,71,68,68,68,68,65,65,65,65

<-- VOO -->
AA0341	CTB	FAO
5	10:00
55
13
650,550
500,500,450,450
120,120,120,120,100,100,100,100,96,96,96,96,93,93,93,93,89,89,89,89,86,86,86,86,83,83,83,83,83,80,80,80,80,80,78,78,78,78,74,74,74,74,71,71,71,71,68,68,68,68,65,65,65,65

<-- VOO -->
AA0342	FAO	CTB
5	19:15
55
13
650,550
500,500,450,450
120,120,120,120,100,100,100,100,96,96,96,96,93,93,93,93,89,89,89,89,86,86,86,86,83,83,83,83,83,80,80,80,80,80,78,78,78,78,74,74,74,74,71,71,71,71,68,68,68,68,65,65,65,65

<-- VOO -->
AA0343	CTB	FAO
5	15:00
55
13
650,550
500,500,450,450
120,120,120,120,100,100,100,100,96,96,96,96,93,93,93,93,89,89,89,89,86,86,86,86,83,83,83,83,83,80,80,80,80,80,78,78,78,78,74,74,74,74,71,71,71,71,68,68,68,68,65,65,65,65

<-- VOO -->
AA0344	FAO	CTB
5	13:00
55
13
650,550
500,500,450,450
120,120,120,120,100,100,100,100,96,96,96,96,93,93,93,93,89,89,89,89,86,86,86,86,83,83,83,83,83,80,80,80,80,80,78,78,78,78,74,74,74,74,71,71,71,71,68,68,68,68,65,65,65,65

<-- VOO -->
AA0345	CTB	FAO
6	07:55
55
13
650,550
500,500,450,450
120,120,120,120,100,100,100,100,96,96,96,96,93,93,93,93,89,89,89,89,86,86,86,86,83,83,83,83,83,80,80,80,80,80,78,78,78,78,74,74,74,74,71,71,71,71,68,68,68,68,65,65,65,65

<-- VOO -->
AA0346	FAO	CTB
6	21:00
55
13
650,550
500,500,450,450
120,120,120,120,100,100,100,100,96,96,96,96,93,93,93,93,89,89,89,89,86,86,86,86,83,83,83,83,83,80,80,80,80,80,78,78,78,78,74,74,74,74,71,71,71,71,68,68,68,68,65,65,65,65

<-- VOO -->
AA0347	CTB	FAO
6	13:40
55
13
650,550
500,500,450,450
120,120,120,120,100,100,100,100,96,96,96,96,93,93,93,93,89,89,89,89,86,86,86,86,83,83,83,83,83,80,80,80,80,80,78,78,78,78,74,74,74,74,71,71,71,71,68,68,68,68,65,65,65,65

<-- VOO -->
AA0348	FAO	CTB
6	17:45
55
13
650,550
500,500,450,450
120,120,120,120,100,100,100,100,96,96,96,96,93,93,93,93,89,89,89,89,86,86,86,86,83,83,83,83,83,80,80,80,80,80,78,78,78,78,74,74,74,74,71,71,71,71,68,68,68,68,65,65,65,65

<-- VOO -->
AA0349	CTB	FAO
6	15:50
55
13
650,550
500,500,450,450
120,120,120,120,100,100,100,100,96,96,96,96,93,93,93,93,89,89,89,89,86,86,86,86,83,83,83,83,83,80,80,80,80,80,78,78,78,78,74,74,74,74,71,71,71,71,68,68,68,68,65,65,65,65

<-- VOO -->
AA0350	FAO	CTB
6	15:15
55
13
650,550
500,500,450,450
120,120,120,120,100,100,100,100,96,96,96,96,93,93,93,93,89,89,89,89,86,86,86,86,83,83,83,83,83,80,80,80,80,80,78,78,78,78,74,74,74,74,71,71,71,71,68,68,68,68,65,65,65,65

<-- VOO -->
AA0351	CTB	BGC
0	10:20
55
13
650,550
500,500,450,450
120,120,120,120,100,100,100,100,96,96,96,96,93,93,93,93,89,89,89,89,86,86,86,86,83,83,83,83,83,80,80,80,80,80,78,78,78,78,74,74,74,74,71,71,71,71,68,68,68,68,65,65,65,65

<-- VOO -->
AA0352	BGC	CTB
0	22:45
55
13
650,550
500,500,450,450
120,120,120,120,100,100,100,100,96,96,96,96,93,93,93,93,89,89,89,89,86,86,86,86,83,83,83,83,83,80,80,80,80,80,78,78,78,78,74,74,74,74,71,71,71,71,68,68,68,68,65,65,65,65

<-- VOO -->
AA0353	CTB	BGC
1	08:35
40
10
400,350
250,250,300,300
86,86,86,86,83,83,83,83,80,80,80,80,77,77,77,77,75,75,75,75,72,72,72,72,68,68,68,68,68,64,64,64,64,64,61,61,61,61,58,58,58,58,55,55,55,55,53,53,53,53,50,50,50,50

<-- VOO -->
AA0354	BGC	CTB
1	20:45
40
10
400,350
250,250,300,300
86,86,86,86,83,83,83,83,80,80,80,80,77,77,77,77,75,75,75,75,72,72,72,72,68,68,68,68,68,64,64,64,64,64,61,61,61,61,58,58,58,58,55,55,55,55,53,53,53,53,50,50,50,50

<-- VOO -->
AA0355	CTB	BGC
2	10:40
40
10
400,350
250,250,300,300
86,86,86,86,83,83,83,83,80,80,80,80,77,77,77,77,75,75,75,75,72,72,72,72,68,68,68,68,68,64,64,64,64,64,61,61,61,61,58,58,58,58,55,55,55,55,53,53,53,53,50,50,50,50

<-- VOO -->
AA0356	BGC	CTB
2	21:50
40
10
400,350
250,250,300,300
86,86,86,86,83,83,83,83,80,80,80,80,77,77,77,77,75,75,75,75,72,72,72,72,68,68,68,68,68,64,64,64,64,64,61,61,61,61,58,58,58,58,55,55,55,55,53,53,53,53,50,50,50,50

<-- VOO -->
AA0357	CTB	BGC
3	07:55
40
10
400,350
250,250,300,300
86,86,86,86,83,83,83,83,80,80,80,80,77,77,77,77,75,75,75,75,72,72,72,72,68,68,68,68,68,64,64,64,64,64,61,61,61,61,58,58,58,58,55,55,55,55,53,53,53,53,50,50,50,50

<-- VOO -->
AA0358	BGC	CTB
3	17:50
40
10
400,350
250,250,300,300
86,86,86,86,83,83,83,83,80,80,80,80,77,77,77,77,75,75,75,75,72,72,72,72,68,68,68,68,68,64,64,64,64,64,61,61,61,61,58,58,58,58,55,55,55,55,53,53,53,53,50,50,50,50

<-- VOO -->
AA0359	CTB	BGC
4	10:55
55
13
650,550
500,500,450,450
120,120,120,120,100,100,100,100,96,96,96,96,93,93,93,93,89,89,89,89,86,86,86,86,83,83,83,83,83,80,80,80,80,80,78,78,78,78,74,74,74,74,71,71,71,71,68,68,68,68,65,65,65,65

<-- VOO -->
AA0360	BGC	CTB
4	15:35
55
13
650,550
500,500,450,450
120,120,120,120,100,100,100,100,96,96,96,96,93,93,93,93,89,89,89,89,86,86,86,86,83,83,83,83,83,80,80,80,80,80,78,78,78,78,74,74,74,74,71,71,71,71,68,68,68,68,65,65,65,65

<-- VOO -->
AA0361	CTB	BGC
5	06:35
55
13
650,550
500,500,450,450
120,120,120,120,100,100,100,100,96,96,96,96,93,93,93,93,89,89,89,89,86,86,86,86,83,83,83,83,83,80,80,80,80,80,78,78,78,78,74,74,74,74,71,71,71,71,68,68,68,68,65,65,65,65

<-- VOO -->
AA0362	BGC	CTB
5	18:15
55
13
650,550
500,500,450,450
120,120,120,120,100,100,100,100,96,96,96,96,93,93,93,93,89,89,89,89,86,86,86,86,83,83,83,83,83,80,80,80,80,80,78,78,78,78,74,74,74,74,71,71,71,71,68,68,68,68,65,65,65,65

<-- VOO -->
AA0363	CTB	BGC
6	10:45
55
13
650,550
500,500,450,450
120,120,120,120,100,100,100,100,96,96,96,96,93,93,93,93,89,89,89,89,86,86,86,86,83,83,83,83,83,80,80,80,80,80,78,78,78,78,74,74,74,74,71,71,71,71,68,68,68,68,65,65,65,65

<-- VOO -->
AA0364	BGC	CTB
6	22:15
55
13
650,550
500,500,450,450
120,120,120,120,100,100,100,100,96,96,96,96,93,93,93,93,89,89,89,89,86,86,86,86,83,83,83,83,83,80,80,80,80,80,78,78,78,78,74,74,74,74,71,71,71,71,68,68,68,68,65,65,65,65

<-- VOO -->
AA0365	CTB	VSE
0	14:10
55
13
650,550
500,500,450,450
120,120,120,120,100,100,100,100,96,96,96,96,93,93,93,93,89,89,89,89,86,86,86,86,83,83,83,83,83,80,80,80,80,80,78,78,78,78,74,74,74,74,71,71,71,71,68,68,68,68,65,65,65,65

<-- VOO -->
AA0366	VSE	CTB
0	19:25
55
13
650,550
500,500,450,450
120,120,120,120,100,100,100,100,96,96,96,96,93,93,93,93,89,89,89,89,86,86,86,86,83,83,83,83,83,80,80,80,80,80,78,78,78,78,74,74,74,74,71,71,71,71,68,68,68,68,65,65,65,65

<-- VOO -->
AA0367	CTB	VSE
1	14:10
40
10
400,350
250,250,300,300
86,86,86,86,83,83,83,83,80,80,80,80,77,77,77,77,75,75,75,75,72,72,72,72,68,68,68,68,68,64,64,64,64,64,61,61,61,61,58,58,58,58,55,55,55,55,53,53,53,53,50,50,50,50

<-- VOO -->
AA0368	VSE	CTB
1	20:55
40
10
400,350
250,250,300,300
86,86,86,86,83,83,83,83,80,80,80,80,77,77,77,77,75,75,75,75,72,72,72,72,68,68,68,68,68,64,64,64,64,64,61,61,61,61,58,58,58,58,55,55,55,55,53,53,53,53,50,50,50,50

<-- VOO -->
AA0369	CTB	VSE
2	09:20
40
10
400,350
250,250,300,300
86,86,86,86,83,83,83,83,80,80,80,80,77,77,77,77,75,75,75,75,72,72,72,72,68,68,68,68,68,64,64,64,64,64,61,61,61,61,58,58,58,58,55,55,55,55,53,53,53,53,50,50,50,50

<-- VOO -->
AA0370	VSE	CTB
2	16:50
40
10
400,350
250,250,300,300
86,86,86,86,83,83,83,83,80,80,80,80,77,77,77,77,75,75,75,75,72,72,72,72,68,68,68,68,68,64,64,64,64,64,61,61,61,61,58,58,58,58,55,55,55,55,53,53,53,53,50,50,50,50

<-- VOO -->
AA0371	CTB	VSE
3	10:30
40
10
400,350
250,250,300,300
86,86,86,86,83,83,83,83,80,80,80,80,77,77,77,77,75,75,75,75,72,72,72,72,68,68,68,68,68,64,64,64,64,64,61,61,61,61,58,58,58,58,55,55,55,55,53,53,53,53,50,50,50,50

<-- VOO -->
AA0372	VSE	CTB
3	19:00
40
10
400,350
250,250,300,300
86,86,86,86,83,83,83,83,80,80,80,80,77,77,77,77,75,75,75,75,72,72,72,72,68,68,68,68,68,64,64,64,64,64,61,61,61,61,58,58,58,58,55,55,55,55,53,53,53,53,50,50,50,50

<-- VOO -->
AA0373	CTB	VSE
4	08:40
55
13
650,550
500,500,450,450
120,120,120,120,100,100,100,100,96,96,96,96,93,93,93,93,89,89,89,89,86,86,86,86,83,83,83,83,83,80,80,80,80,80,78,78,78,78,74,74,74,74,71,71,71,71,68,68,68,68,65,65,65,65

<-- VOO -->
AA0374	VSE	CTB
4	22:35
55
13
650,550
500,500,450,450
120,120,120,120,100,100,100,100,96,96,96,96,93,93,93,93,89,89,89,89,86,86,86,86,83,83,83,83,83,80,80,80,80,80,78,78,78,78,74,74,74,74,71,71,71,71,68,68,68,68,65,65,65,65

<-- VOO -->
AA0375	CTB	VSE
5	06:40
55
13
650,550
500,500,450,450
120,120,120,120,100,100,100,100,96,96,96,96,93,93,93,93,89,89,89,89,86,86,86,86,83,83,83,83,83,80,80,80,80,80,78,78,78,78,74,74,74,74,71,71,71,71,68,68,68,68,65,65,65,65

<-- VOO -->
AA0376	VSE	CTB
5	21:40
55
13
650,550
500,500,450,450
120,120,120,120,100,100,100,100,96,96,96,96,93,93,93,93,89,89,89,89,86,86,86,86,83,83,83,83,83,80,80,80,80,80,78,78,78,78,74,74,74,74,71,71,71,71,68,68,68,68,65,65,65,65

<-- VOO -->
AA0377	CTB	VSE
6	12:25
55
13
650,550
500,500,450,450
120,120,120,120,100,100,100,100,96,96,96,96,93,93,93,93,89,89,89,89,86,86,86,86,83,83,83,83,83,80,80,80,80,80,78,78,78,78,74,74,74,74,71,71,71,71,68,68,68,68,65,65,65,65

<-- VOO -->
AA0378	VSE	CTB
6	21:50
55
13
650,550
500,500,450,450
120,120,120,120,100,100,100,100,96,96,96,96,93,93,93,93,89,89,89,89,86,86,86,86,83,83,83,83,83,80,80,80,80,80,78,78,78,78,74,74,74,74,71,71,71,71,68,68,68,68,65,65,65,65

<-- VOO -->
AA0379	CTB	PTA
0	08:45
55
13
650,550
500,500,450,450
120,120,120,120,100,100,100,100,96,96,96,96,93,93,93,93,89,89,89,89,86,86,86,86,83,83,83,83,83,80,80,80,80,80,78,78,78,78,74,74,74,74,71,71,71,71,68,68,68,68,65,65,65,65

<-- VOO -->
AA0380	PTA	CTB
0	21:20
55
13
650,550
500,500,450,450
120,120,120,120,100,100,100,100,96,96,96,96,93,93,93,93,89,89,89,89,86,86,86,86,83,83,83,83,83,80,80,80,80,80,78,78,78,78,74,74,74,74,71,71,71,71,68,68,68,68,65,65,65,65

<-- VOO -->
AA0381	CTB	PTA
1	12:15
40
10
400,350
250,250,300,300
86,86,86,86,83,83,83,83,80,80,80,80,77,77,77,77,75,75,75,75,72,72,72,72,68,68,68,68,68,64,64,64,64,64,61,61,61,61,58,58,58,58,55,55,55,55,53,53,53,53,50,50,50,50

<-- VOO -->
AA0382	PTA	CTB
1	20:05
40
10
400,350
250,250,300,300
86,86,86,86,83,83,83,83,80,80,80,80,77,77,77,77,75,75,75,75,72,72,72,72,68,68,68,68,68,64,64,64,64,64,61,61,61,61,58,58,58,58,55,55,55,55,53,53,53,53,50,50,50,50

<-- VOO -->
AA0383	CTB	PTA
2	06:25
40
10
400,350
250,250,300,300
86,86,86,86,83,83,83,83,80,80,80,80,77,77,77,77,75,75,75,75,72,72,72,72,68,68,68,68,68,64,64,64,64,64,61,61,61,61,58,58,58,58,55,55,55,55,53,53,53,53,50,50,50,50

<-- VOO -->
AA0384	PTA	CTB
2	21:20
40
10
400,350
250,250,300,300
86,86,86,86,83,83,83,83,80,80,80,80,77,77,77,77,75,75,75,75,72,72,72,72,68,68,68,68,68,64,64,64,64,64,61,61,61,61,58,58,58,58,55,55,55,55,53,53,53,53,50,50,50,50

<-- VOO -->
AA0385	CTB	PTA
3	11:20
40
10
400,350
250,250,300,300
86,86,86,86,83,83,83,83,80,80,80,80,77,77,77,77,75,75,75,75,72,72,72,72,68,68,68,68,68,64,64,64,64,64,61,61,61,61,58,58,58,58,55,55,55,55,53,53,53,53,50,50,50,50

<-- VOO -->
AA0386	PTA	CTB
3	23:10
40
10
400,350
250,250,300,300
86,86,86,86,83,83,83,83,80,80,80,80,77,77,77,77,75,75,75,75,72,72,72,72,68,68,68,68,68,64,64,64,64,64,61,61,61,61,58,58,58,58,55,55,55,55,53,53,53,53,50,50,50,50

<-- VOO -->
AA0387	CTB	PTA
4	13:55
55
13
650,550
500,500,450,450
120,120,120,120,100,100,100,100,96,96,96,96,93,93,93,93,89,89,89,89,86,86,86,86,83,83,83,83,83,80,80,80,80,80,78,78,78,78,74,74,74,74,71,71,71,71,68,68,68,68,65,65,65,65

<-- VOO -->
AA0388	PTA	CTB
4	17:05
55
13
650,550
500,500,450,450
120,120,120,120,100,100,100,100,96,96,96,96,93,93,93,93,89,89,89,89,86,86,86,86,83,83,83,83,83,80,80,80,80,80,78,78,78,78,74,74,74,74,71,71,71,71,68,68,68,68,65,65,65,65

<-- VOO -->
AA0389	CTB	PTA
5	07:25
55
13
650,550
500,500,450,450
120,120,120,120,100,100,100,100,96,96,96,96,93,93,93,93,89,89,89,89,86,86,86,86,83,83,83,83,83,80,80,80,80,80,78,78,78,78,74,74,74,74,71,71,71,71,68,68,68,68,65,65,65,65

<-- VOO -->
AA0390	PTA	CTB
5	15:05
55
13
650,550
500,500,450,450
120,120,120,120,100,100,100,100,96,96,96,96,93,93,93,93,89,89,89,89,86,86,86,86,83,83,83,83,83,80,80,80,80,80,78,78,78,78,74,74,74,74,71,71,71,71,68,68,68,68,65,65,65,65

<-- VOO -->
AA0391	CTB	PTA
6	07:55
55
13
650,550
500,500,450,450
120,120,120,120,100,100,100,100,96,96,96,96,93,93,93,93,89,89,89,89,86,86,86,86,83,83,83,83,83,80,80,80,80,80,78,78,78,78,74,74,74,74,71,71,71,71,68,68,68,68,65,65,65,65

<-- VOO -->
AA0392	PTA	CTB
6	21:25
55
13
650,550
500,500,450,450
120,120,120,120,100,100,100,100,96,96,96,96,93,93,93,93,89,89,89,89,86,86,86,86,83,83,83,83,83,80,80,80,80,80,78,78,78,78,74,74,74,74,71,71,71,71,68,68,68,68,65,65,65,65

<-- VOO -->
AA0393	CTB	PDL
0	11:00
55
13
650,550
500,500,450,450
120,120,120,120,100,100,100,100,96,96,96,96,93,93,93,93,89,89,89,89,86,86,86,86,83,83,83,83,83,80,80,80,80,80,78,78,78,78,74,74,74,74,71,71,71,71,68,68,68,68,65,65,65,65

<-- VOO -->
AA0394	PDL	CTB
0	16:45
55
13
650,550
500,500,450,450
120,120,120,120,100,100,100,100,96,96,96,96,93,93,93,93,89,89,89,89,86,86,86,86,83,83,83,83,83,80,80,80,80,80,78,78,78,78,74,74,74,74,71,71,71,71,68,68,68,68,65,65,65,65

<-- VOO -->
AA0395	CTB	PDL
1	13:10
40
10
400,350
250,250,300,300
86,86,86,86,83,83,83,83,80,80,80,80,77,77,77,77,75,75,75,75,72,72,72,72,68,68,68,68,68,64,64,64,64,64,61,61,61,61,58,58,58,58,55,55,55,55,53,53,53,53,50,50,50,50

<-- VOO -->
AA0396	PDL	CTB
1	15:00
40
10
400,350
250,250,300,300
86,86,86,86,83,83,83,83,80,80,80,80,77,77,77,77,75,75,75,75,72,72,72,72,68,68,68,68,68,64,64,64,64,64,61,61,61,61,58,58,58,58,55,55,55,55,53,53,53,53,50,50,50,50

<-- VOO -->
AA0397	CTB	PDL
2	10:35
40
10
400,350
250,250,300,300
86,86,86,86,83,83,83,83,80,80,80,80,77,77,77,77,75,75,75,75,72,72,72,72,68,68,68,68,68,64,64,64,64,64,61,61,61,61,58,58,58,58,55,55,55,55,53,53,53,53,50,50,50,50

<-- VOO -->
AA0398	PDL	CTB
2	16:15
40
10
400,350
250,250,300,300
86,86,86,86,83,83,83,83,80,80,80,80,77,77,77,77,75,75,75,75,72,72,72,72,68,68,68,68,68,64,64,64,64,64,61,61,61,61,58,58,58,58,55,55,55,55,53,53,53,53,50,50,50,50

<-- VOO -->
AA0399	CTB	PDL
3	12:35
40
10
400,350
250,250,300,300
86,86,86,86,83,83,83,83,80,80,80,80,77,77,77,77,75,75,75,75,72,72,72,72,68,68,68,68,68,64,64,64,64,64,61,61,61,61,58,58,58,58,55,55,55,55,53,53,53,53,50,50,50,50

<-- VOO -->
AA0400	PDL	CTB
3	22:05
40
10
400,350
250,250,300,300
86,86,86,86,83,83,83,83,80,80,80,80,77,77,77,77,75,75,75,75,72,72,72,72,68,68,68,68,68,64,64,64,64,64,61,61,61,61,58,58,58,58,55,55,55,55,53,53,53,53,50,50,50,50

<-- VOO -->
AA0401	CTB	PDL
4	14:55
55
13
650,550
500,500,450,450
120,120,120,120,100,100,100,100,96,96,96,96,93,93,93,93,89,89,89,89,86,86,86,86,83,83,83,83,83,80,80,80,80,80,78,78,78,78,74,74,74,74,71,71,71,71,68,68,68,68,65,65,65,65

<-- VOO -->
AA0402	PDL	CTB
4	16:50
55
13
650,550
500,500,450,450
120,120,120,120,100,100,100,100,96,96,96,96,93,93,93,93,89,89,89,89,86,86,86,86,83,83,83,83,83,80,80,80,80,80,78,78,78,78,74,74,74,74,71,71,71,71,68,68,68,68,65,65,65,65

<-- VOO -->
AA0403	CTB	PDL
5	10:45
55
13
650,550
500,500,450,450
120,120,120,120,100,100,100,100,96,96,96,96,93,93,93,93,89,89,89,89,86,86,86,86,83,83,83,83,83,80,80,80,80,80,78,78,78,78,74,74,74,74,71,71,71,71,68,68,68,68,65,65,65,65

<-- VOO -->
AA0404	PDL	CTB
5	16:05
55
13
650,550
500,500,450,450
120,120,120,120,100,100,100,100,96,96,96,96,93,93,93,93,89,89,89,89,86,86,86,86,83,83,83,83,83,80,80,80,80,80,78,78,78,78,74,74,74,74,71,71,71,71,68,68,68,68,65,65,65,65

<-- VOO -->
AA0405	CTB	PDL
6	09:45
55
13
650,550
500,500,450,450
120,120,120,120,100,100,100,100,96,96,96,96,93,93,93,93,89,89,89,89,86,86,86,86,83,83,83,83,83,80,80,80,80,80,78,78,78,78,74,74,74,74,71,71,71,71,68,68,68,68,65,65,65,65

<-- VOO -->
AA0406	PDL	CTB
6	17:15
55
13
650,550
500,500,450,450
120,120,120,120,100,100,100,100,96,96,96,96,93,93,93,93,89,89,89,89,86,86,86,86,83,83,83,83,83,80,80,80,80,80,78,78,78,78,74,74,74,74,71,71,71,71,68,68,68,68,65,65,65,65

<-- VOO -->
AA0407	CTB	FNC
0	09:15
55
13
650,550
500,500,450,450
120,120,120,120,100,100,100,100,96,96,96,96,93,93,93,93,89,89,89,89,86,86,86,86,83,83,83,83,83,80,80,80,80,80,78,78,78,78,74,74,74,74,71,71,71,71,68,68,68,68,65,65,65,65

<-- VOO -->
AA0408	FNC	CTB
0	16:35
55
13
650,550
500,500,450,450
120,120,120,120,100,100,100,100,96,96,96,96,93,93,93,93,89,89,89,89,86,86,86,86,83,83,83,83,83,80,80,80,80,80,78,78,78,78,74,74,74,74,71,71,71,71,68,68,68,68,65,65,65,65

<-- VOO -->
AA0409	CTB	FNC
1	06:45
40
10
400,350
250,250,300,300
86,86,86,86,83,83,83,83,80,80,80,80,77,77,77,77,75,75,75,75,72,72,72,72,68,68,68,68,68,64,64,64,64,64,61,61,61,61,58,58,58,58,55,55,55,55,53,53,53,53,50,50,50,50

<-- VOO -->
AA0410	FNC	CTB
1	21:40
40
10
400,350
250,250,300,300
86,86,86,86,83,83,83,83,80,80,80,80,77,77,77,77,75,75,75,75,72,72,72,72,68,68,68,68,68,64,64,64,64,64,61,61,61,61,58,58,58,58,55,55,55,55,53,53,53,53,50,50,50,50

<-- VOO -->
AA0411	CTB	FNC
2	08:00
40
10
400,350
250,250,300,300
86,86,86,86,83,83,83,83,80,80,80,80,77,77,77,77,75,75,75,75,72,72,72,72,68,68,68,68,68,64,64,64,64,64,61,61,61,61,58,58,58,58,55,55,55,55,53,53,53,53,50,50,50,50

<-- VOO -->
AA0412	FNC	CTB
2	21:45
40
10
400,350
250,250,300,300
86,86,86,86,83,83,83,83,80,80,80,80,77,77,77,77,75,75,75,75,72,72,72,72,68,68,68,68,68,64,64,64,64,64,61,61,61,61,58,58,58,58,55,55,55,55,53,53,53,53,50,50,50,50

<-- VOO -->
AA0413	CTB	FNC
3	09:45
40
10
400,350
250,250,300,300
86,86,86,86,83,83,83,83,80,80,80,80,77,77,77,77,75,75,75,75,72,72,72,72,68,68,68,68,68,64,64,64,64,64,61,61,61,61,58,58,58,58,55,55,55,55,53,53,53,53,50,50,50,50

<-- VOO -->
AA0414	FNC	CTB
3	20:05
40
10
400,350
250,250,300,300
86,86,86,86,83,83,83,83,80,80,80,80,77,77,77,77,75,75,75,75,72,72,72,72,68,68,68,68,68,64,64,64,64,64,61,61,61,61,58,58,58,58,55,55,55,55,53,53,53,53,50,50,50,50

<-- VOO -->
AA0415	CTB	FNC
4	14:10
55
13
650,550
500,500,450,450
120,120,120,120,100,100,100,100,96,96,96,96,93,93,93,93,89,89,89,89,86,86,86,86,83,83,83,83,83,80,80,80,80,80,78,78,78,78,74,74,74,74,71,71,71,71,68,68,68,68,65,65,65,65

<-- VOO -->
AA0416	FNC	CTB
4	23:15
55
13
650,550
500,500,450,450
120,120,120,120,100,100,100,100,96,96,96,96,93,93,93,93,89,89,89,89,86,86,86,86,83,83,83,83,83,80,80,80,80,80,78,78,78,78,74,74,74,74,71,71,71,71,68,68,68,68,65,65,65,65

<-- VOO -->
AA0417	CTB	FNC
5	12:50
55
13
650,550
500,500,450,450
120,120,120,120,100,100,100,100,96,96,96,96,93,93,93,93,89,89,89,89,86,86,86,86,83,83,83,83,83,80,80,80,80,80,78,78,78,78,74,74,74,74,71,71,71,71,68,68,68,68,65,65,65,65

<-- VOO -->
AA0418	FNC	CTB
5	20:45
55
13
650,550
500,500,450,450
120,120,120,120,100,100,100,100,96,96,96,96,93,93,93,93,89,89,89,89,86,86,86,86,83,83,83,83,83,80,80,80,80,80,78,78,78,78,74,74,74,74,71,71,71,71,68,68,68,68,65,65,65,65

<-- VOO -->
AA0419	CTB	FNC
6	11:35
55
13
650,550
500,500,450,450
120,120,120,120,100,100,100,100,96,96,96,96,93,93,93,93,89,89,89,89,86,86,86,86,83,83,83,83,83,80,80,80,80,80,78,78,78,78,74,74,74,74,71,71,71,71,68,68,68,68,65,65,65,65

<-- VOO -->
AA0420	FNC	CTB
6	16:15
55
13
650,550
500,500,450,450
120,120,120,120,100,100,100,100,96,96,96,96,93,93,93,93,89,89,89,89,86,86,86,86,83,83,83,83,83,80,80,80,80,80,78,78,78,78,74,74,74,74,71,71,71,71,68,68,68,68,65,65,65,65

<-- VOO -->
AA0421	CTB	BRG
0	09:40
55
13
650,550
500,500,450,450
120,120,120,120,100,100,100,100,96,96,96,96,93,93,93,93,89,89,89,89,86,86,86,86,83,83,83,83,83,80,80,80,80,80,78,78,78,78,74,74,74,74,71,71,71,71,68,68,68,68,65,65,65,65

<-- VOO -->
AA0422	BRG	CTB
0	22:35
55
13
650,550
500,500,450,450
120,120,120,120,100,100,100,100,96,96,96,96,93,93,93,93,89,89,89,89,86,86,86,86,83,83,83,83,83,80,80,80,80,80,78,78,78,78,74,74,74,74,71,71,71,71,68,68,68,68,65,65,65,65

<-- VOO -->
AA0423	CTB	BRG
1	09:50
40
10
400,350
250,250,300,300
86,86,86,86,83,83,83,83,80,80,80,80,77,77,77,77,75,75,75,75,72,72,72,72,68,68,68,68,68,64,64,64,64,64,61,61,61,61,58,58,58,58,55,55,55,55,53,53,53,53,50,50,50,50

<-- VOO -->
AA0424	BRG	CTB
1	15:50
40
10
400,350
250,250,300,300
86,86,86,86,83,83,83,83,80,80,80,80,77,77,77,77,75,75,75,75,72,72,72,72,68,68,68,68,68,64,64,64,64,64,61,61,61,61,58,58,58,58,55,55,55,55,53,53,53,53,50,50,50,50

<-- VOO -->
AA0425	CTB	BRG
2	11:25
40
10
400,350
250,250,300,300
86,86,86,86,83,83,83,83,80,80,80,80,77,77,77,77,75,75,75,75,72,72,72,72,68,68,68,68,68,64,64,64,64,64,61,61,61,61,58,58,58,58,55,55,55,55,53,53,53,53,50,50,50,50

<-- VOO -->
AA0426	BRG	CTB
2	20:15
40
10
400,350
250,250,300,300
86,86,86,86,83,83,83,83,80,80,80,80,77,77,77,77,75,75,75,75,72,72,72,72,68,68,68,68,68,64,64,64,64,64,61,61,61,61,58,58,58,58,55,55,55,55,53,53,53,53,50,50,50,50

<-- VOO -->
AA0427	CTB	BRG
3	14:15
40
10
400,350
250,250,300,300
86,86,86,86,83,83,83,83,80,80,80,80,77,77,77,77,75,75,75,75,72,72,72,72,68,68,68,68,68,64,64,64,64,64,61,61,61,61,58,58,58,58,55,55,55,55,53,53,53,53,50,50,50,50

<-- VOO -->
AA0428	BRG	CTB
3	19:20
40
10
400,350
250,250,300,300
86,86,86,86,83,83,83,83,80,80,80,80,77,77,77,77,75,75,75,75,72,72,72,72,68,68,68,68,68,64,64,64,64,64,61,61,61,61,58,58,58,58,55,55,55,55,53,53,53,53,50,50,50,50

<-- VOO -->
AA0429	CTB	BRG
4	14:45
55
13
650,550
500,500,450,450
120,120,120,120,100,100,100,100,96,96,96,96,93,93,93,93,89,89,89,89,86,86,86,86,83,83,83,83,83,80,80,80,80,80,78,78,78,78,74,74,74,74,71,71,71,71,68,68,68,68,65,65,65,65

<-- VOO -->
AA0430	BRG	CTB
4	19:20
55
13
650,550
500,500,450,450
120,120,120,120,100,100,100,100,96,96,96,96,93,93,93,93,89,89,89,89,86,86,86,86,83,83,83,83,83,80,80,80,80,80,78,78,78,78,74,74,74,74,71,71,71,71,68,68,68,68,65,65,65,65

<-- VOO -->
AA0431	CTB	BRG
5	10:05
55
13
650,550
500,500,450,450
120,120,120,120,100,100,100,100,96,96,96,96,93,93,93,93,89,89,89,89,86,86,86,86,83,83,83,83,83,80,80,80,80,80,78,78,78,78,74,74,74,74,71,71,71,71,68,68,68,68,65,65,65,65

<-- VOO -->
AA0432	BRG	CTB
5	20:50
55
13
650,550
500,500,450,450
120,120,120,120,100,100,100,100,96,96,96,96,93,93,93,93,89,89,89,89,86,86,86,86,83,83,83,83,83,80,80,80,80,80,78,78,78,78,74,74,74,74,71,71,71,71,68,68,68,68,65,65,65,65

<-- VOO -->
AA0433	CTB	BRG
6	07:35
55
13
650,550
500,500,450,450
120,120,120,120,100,100,100,100,96,96,96,96,93,93,93,93,89,89,89,89,86,86,86,86,83,83,83,83,83,80,80,80,80,80,78,78,78,78,74,74,74,74,71,71,71,71,68,68,68,68,65,65,65,65

<-- VOO -->
AA0434	BRG	CTB
6	17:05
55
13
650,550
500,500,450,450
120,120,120,120,100,100,100,100,96,96,96,96,93,93,93,93,89,89,89,89,86,86,86,86,83,83,83,83,83,80,80,80,80,80,78,78,78,78,74,74,74,74,71,71,71,71,68,68,68,68,65,65,65,65

<-- VOO -->
AA0435	CTB	VLR
0	14:50
55
13
650,550
500,500,450,450
120,120,120,120,100,100,100,100,96,96,96,96,93,93,93,93,89,89,89,89,86,86,86,86,83,83,83,83,83,80,80,80,80,80,78,78,78,78,74,74,74,74,71,71,71,71,68,68,68,68,65,65,65,65

<-- VOO -->
AA0436	VLR	CTB
0	22:10
55
13
650,550
500,500,450,450
120,120,120,120,100,100,100,100,96,96,96,96,93,93,93,93,89,89,89,89,86,86,86,86,83,83,83,83,83,80,80,80,80,80,78,78,78,78,74,74,74,74,71,71,71,71,68,68,68,68,65,65,65,65

<-- VOO -->
AA0437	CTB	VLR
1	12:40
40
10
400,350
250,250,300,300
86,86,86,86,83,83,83,83,80,80,80,80,77,77,77,77,75,75,75,75,72,72,72,72,68,68,68,68,68,64,64,64,64,64,61,61,61,61,58,58,58,58,55,55,55,55,53,53,53,53,50,50,50,50

<-- VOO -->
AA0438	VLR	CTB
1	23:20
40
10
400,350
250,250,300,300
86,86,86,86,83,83,83,83,80,80,80,80,77,77,77,77,75,75,75,75,72,72,72,72,68,68,68,68,68,64,64,64,64,64,61,61,61,61,58,58,58,58,55,55,55,55,53,53,53,53,50,50,50,50

<-- VOO -->
AA0439	CTB	VLR
2	06:35
40
10
400,350
250,250,300,300
86,86,86,86,83,83,83,83,80,80,80,80,77,77,77,77,75,75,75,75,72,72,72,72,68,68,68,68,68,64,64,64,64,64,61,61,61,61,58,58,58,58,55,55,55,55,53,53,53,53,50,50,50,50

<-- VOO -->
AA0440	VLR	CTB
2	15:00
40
10
400,350
250,250,300,300
86,86,86,86,83,83,83,83,80,80,80,80,77,77,77,77,75,75,75,75,72,72,72,72,68,68,68,68,68,64,64,64,64,64,61,61,61,61,58,58,58,58,55,55,55,55,53,53,53,53,50,50,50,50

<-- VOO -->
AA0441	CTB	VLR
3	10:20
40
10
400,350
250,250,300,300
86,86,86,86,83,83,83,83,80,80,80,80,77,77,77,77,75,75,75,75,72,72,72,72,68,68,68,68,68,64,64,64,64,64,61,61,61,61,58,58,58,58,55,55,55,55,53,53,53,53,50,50,50,50

<-- VOO -->
AA0442	VLR	CTB
3	23:10
40
10
400,350
250,250,300,300
86,86,86,86,83,83,83,83,80,80,80,80,77,77,77,77,75,75,75,75,72,72,72,72,68,68,68,68,68,64,64,64,64,64,61,61,61,61,58,58,58,58,55,55,55,55,53,53,53,53,50,50,50,50

<-- VOO -->
AA0443	CTB	VLR
4	06:35
55
13
650,550
500,500,450,450
120,120,120,120,100,100,100,100,96,96,96,96,93,93,93,93,89,89,89,89,86,86,86,86,83,83,83,83,83,80,80,80,80,80,78,78,78,78,74,74,74,74,71,71,71,71,68,68,68,68,65,65,65,65

<-- VOO -->
AA0444	VLR	CTB
4	23:20
55
13
650,550
500,500,450,450
120,120,120,120,100,100,100,100,96,96,96,96,93,93,93,93,89,89,89,89,86,86,86,86,83,83,83,83,83,80,80,80,80,80,78,78,78,78,74,74,74,74,71,71,71,71,68,68,68,68,65,65,65,65

<-- VOO -->
AA0445	CTB	VLR
5	07:30
55
13
650,550
500,500,450,450
120,120,120,120,100,100,100,100,96,96,96,96,93,93,93,93,89,89,89,89,86,86,86,86,83,83,83,83,83,80,80,80,80,80,78,78,78,78,74,74,74,74,71,71,71,71,68,68,68,68,65,65,65,65

<-- VOO -->
AA0446	VLR	CTB
5	19:20
55
13
650,550
500,500,450,450
120,120,120,120,100,100,100,100,96,96,96,96,93,93,93,93,89,89,89,89,86,86,86,86,83,83,83,83,83,80,80,80,80,80,78,78,78,78,74,74,74,74,71,71,71,71,68,68,68,68,65,65,65,65

<-- VOO -->
AA0447	CTB	VLR
6	10:25
55
13
650,550
500,500,450,450
120,120,120,120,100,100,100,100,96,96,96,96,93,93,93,93,89,89,89,89,86,86,86,86,83,83,83,83,83,80,80,80,80,80,78,78,78,78,74,74,74,74,71,71,71,71,68,68,68,68,65,65,65,65

<-- VOO -->
AA0448	VLR	CTB
6	21:05
55
13
650,550
500,500,450,450
120,120,120,120,100,100,100,100,96,96,96,96,93,93,93,93,89,89,89,89,86,86,86,86,83,83,83,83,83,80,80,80,80,80,78,78,78,78,74,74,74,74,71,71,71,71,68,68,68,68,65,65,65,65

<-- VOO -->
AA0449	CTB	AVR
0	07:10
55
13
650,550
500,500,450,450
120,120,120,120,100,100,100,100,96,96,96,96,93,93,93,93,89,89,89,89,86,86,86,86,83,83,83,83,83,80,80,80,80,80,78,78,78,78,74,74,74,74,71,71,71,71,68,68,68,68,65,65,65,65

<-- VOO -->
AA0450	AVR	CTB
0	22:45
55
13
650,550
500,500,450,450
120,120,120,120,100,100,100,100,96,96,96,96,93,93,93,93,89,89,89,89,86,86,86,86,83,83,83,83,83,80,80,80,80,80,78,78,78,78,74,74,74,74,71,71,71,71,68,68,68,68,65,65,65,65

<-- VOO -->
AA0451	CTB	AVR
1	12:15
40
10
400,350
250,250,300,300
86,86,86,86,83,83,83,83,80,80,80,80,77,77,77,77,75,75,75,75,72,72,72,72,68,68,68,68,68,64,64,64,64,64,61,61,61,61,58,58,58,58,55,55,55,55,53,53,53,53,50,50,50,50

<-- VOO -->
AA0452	AVR	CTB
1	18:55
40
10
400,350
250,250,300,300
86,86,86,86,83,83,83,83,80,80,80,80,77,77,77,77,75,75,75,75,72,72,72,72,68,68,68,68,68,64,64,64,64,64,61,61,61,61,58,58,58,58,55,55,55,55,53,53,53,53,50,50,50,50

<-- VOO -->
AA0453	CTB	AVR
2	08:05
40
10
400,350
250,250,300,300
86,86,86,86,83,83,83,83,80,80,80,80,77,77,77,77,75,75,75,75,72,72,72,72,68,68,68,68,68,64,64,64,64,64,61,61,61,61,58,58,58,58,55,55,55,55,53,53,53,53,50,50,50,50

<-- VOO -->
AA0454	AVR	CTB
2	18:20
40
10
400,350
250,250,300,300
86,86,86,86,83,83,83,83,80,80,80,80,77,77,77,77,75,75,75,75,72,72,72,72,68,68,68,68,68,64,64,64,64,64,61,61,61,61,58,58,58,58,55,55,55,55,53,53,53,53,50,50,50,50

<-- VOO -->
AA0455	CTB	AVR
3	07:30
40
10
400,350
250,250,300,300
86,86,86,86,83,83,83,83,80,80,80,80,77,77,77,77,75,75,75,75,72,72,72,72,68,68,68,68,68,64,64,64,64,64,61,61,61,61,58,58,58,58,55,55,55,55,53,53,53,53,50,50,50,50

<-- VOO -->
AA0456	AVR	CTB
3	21:20
40
10
400,350
250,250,300,300
86,86,86,86,83,83,83,83,80,80,80,80,77,77,77,77,75,75,75,75,72,72,72,72,68,68,68,68,68,64,64,64,64,64,61,61,61,61,58,58,58,58,55,55,55,55,53,53,53,53,50,50,50,50

<-- VOO -->
AA0457	CTB	AVR
4	07:05
55
13
650,550
500,500,450,450
120,120,120,120,100,100,100,100,96,96,96,96,93,93,93,93,89,89,89,89,86,86,86,86,83,83,83,83,83,80,80,80,80,80,78,78,78,78,74,74,74,74,71,71,71,71,68,68,68,68,65,65,65,65

<-- VOO -->
AA0458	AVR	CTB
4	23:55
55
13
650,550
500,500,450,450
120,120,120,120,100,100,100,100,96,96,96,96,93,93,93,93,89,89,89,89,86,86,86,86,83,83,83,83,83,80,80,80,80,80,78,78,78,78,74,74,74,74,71,71,71,71,68,68,68,68,65,65,65,65

<-- VOO -->
AA0459	CTB	AVR
5	13:15
55
13
650,550
500,500,450,450
120,120,120,120,100,100,100,100,96,96,96,96,93,93,93,93,89,89,89,89,86,86,86,86,83,83,83,83,83,80,80,80,80,80,78,78,78,78,74,74,74,74,71,71,71,71,68,68,68,68,65,65,65,65

<-- VOO -->
AA0460	AVR	CTB
5	22:35
55
13
650,550
500,500,450,450
120,120,120,120,100,100,100,100,96,96,96,96,93,93,93,93,89,89,89,89,86,86,86,86,83,83,83,83,83,80,80,80,80,80,78,78,78,78,74,74,74,74,71,71,71,71,68,68,68,68,65,65,65,65

<-- VOO -->
AA0461	CTB	AVR
6	13:05
55
13
650,550
500,500,450,450
120,120,120,120,100,100,100,100,96,96,96,96,93,93,93,93,89,89,89,89,86,86,86,86,83,83,83,83,83,80,80,80,80,80,78,78,78,78,74,74,74,74,71,71,71,71,68,68,68,68,65,65,65,65

<-- VOO -->
AA0462	AVR	CTB
6	16:30
55
13
650,550
500,500,450,450
120,120,120,120,100,100,100,100,96,96,96,96,93,93,93,93,89,89,89,89,86,86,86,86,83,83,83,83,83,80,80,80,80,80,78,78,78,78,74,74,74,74,71,71,71,71,68,68,68,68,65,65,65,65

<-- VOO -->
AA0463	CTB	GRD
0	14:10
55
13
650,550
500,500,450,450
120,120,120,120,100,100,100,100,96,96,96,96,93,93,93,93,89,89,89,89,86,86,86,86,83,83,83,83,83,80,80,80,80,80,78,78,78,78,74,74,74,74,71,71,71,71,68,68,68,68,65,65,65,65

<-- VOO -->
AA0464	GRD	CTB
0	16:05
55
13
650,550
500,500,450,450
120,120,120,120,100,100,100,100,96,96,96,96,93,93,93,93,89,89,89,89,86,86,86,86,83,83,83,83,83,80,80,80,80,80,78,78,78,78,74,74,74,74,71,71,71,71,68,68,68,68,65,65,65,65

<-- VOO -->
AA0465	CTB	GRD
1	09:15
40
10
400,350
250,250,300,300
86,86,86,86,83,83,83,83,80,80,80,80,77,77,77,77,75,75,75,75,72,72,72,72,68,68,68,68,68,64,64,64,64,64,61,61,61,61,58,58,58,58,55,55,55,55,53,53,53,53,50,50,50,50

<-- VOO -->
AA0466	GRD	CTB
1	20:10
40
10
400,350
250,250,300,300
86,86,86,86,83,83,83,83,80,80,80,80,77,77,77,77,75,75,75,75,72,72,72,72,68,68,68,68,68,64,64,64,64,64,61,61,61,61,58,58,58,58,55,55,55,55,53,53,53,53,50,50,50,50

<-- VOO -->
AA0467	CTB	GRD
2	11:40
40
10
400,350
250,250,300,300
86,86,86,86,83,83,83,83,80,80,80,80,77,77,77,77,75,75,75,75,72,72,72,72,68,68,68,68,68,64,64,64,64,64,61,61,61,61,58,58,58,58,55,55,55,55,53,53,53,53,50,50,50,50

<-- VOO -->
AA0468	GRD	CTB
2	20:25
40
10
400,350
250,250,300,300
86,86,86,86,83,83,83,83,80,80,80,80,77,77,77,77,75,75,75,75,72,72,72,72,68,68,68,68,68,64,64,64,64,64,61,61,61,61,58,58,58,58,55,55,55,55,53,53,53,53,50,50,50,50

<-- VOO -->
AA0469	CTB	GRD
3	11:35
40
10
400,350
250,250,300,300
86,86,86,86,83,83,83,83,80,80,80,80,77,77,77,77,75,75,75,75,72,72,72,72,68,68,68,68,68,64,64,64,64,64,61,61,61,61,58,58,58,58,55,55,55,55,53,53,53,53,50,50,50,50

<-- VOO -->
AA0470	GRD	CTB
3	20:05
40
10
400,350
250,250,300,300
86,86,86,86,83,83,83,83,80,80,80,80,77,77,77,77,75,75,75,75,72,72,72,72,68,68,68,68,68,64,64,64,64,64,61,61,61,61,58,58,58,58,55,55,55,55,53,53,53,53,50,50,50,50

<-- VOO -->
AA0471	CTB	GRD
4	11:25
55
13
650,550
500,500,450,450
120,120,120,120,100,100,100,100,96,96,96,96,93,93,93,93,89,89,89,89,86,86,86,86,83,83,83,83,83,80,80,80,80,80,78,78,78,78,74,74,74,74,71,71,71,71,68,68,68,68,65,65,65,65

<-- VOO -->
AA0472	GRD	CTB
4	23:15
55
13
650,550
500,500,450,450
120,120,120,120,100,100,100,100,96,96,96,96,93,93,93,93,89,89,89,89,86,86,86,86,83,83,83,83,83,80,80,80,80,80,78,78,78,78,74,74,74,74,71,71,71,71,68,68,68,68,65,65,65,65

<-- VOO -->
AA0473	CTB	GRD
5	12:15
55
13
650,550
500,500,450,450
120,120,120,120,100,100,100,100,96,96,96,96,93,93,93,93,89,89,89,89,86,86,86,86,83,83,83,83,83,80,80,80,80,80,78,78,78,78,74,74,74,74,71,71,71,71,68,68,68,68,65,65,65,65

<-- VOO -->
AA0474	GRD	CTB
5	19:50
55
13
650,550
500,500,450,450
120,120,120,120,100,100,100,100,96,96,96,96,93,93,93,93,89,89,89,89,86,86,86,86,83,83,83,83,83,80,80,80,80,80,78,78,78,78,74,74,74,74,71,71,71,71,68,68,68,68,65,65,65,65

<-- VOO -->
AA0475	CTB	GRD
6	12:45
55
13
650,550
500,500,450,450
120,120,120,120,100,100,100,100,96,96,96,96,93,93,93,93,89,89,89,89,86,86,86,86,83,83,83,83,83,80,80,80,80,80,78,78,78,78,74,74,74,74,71,71,71,71,68,68,68,68,65,65,65,65

<-- VOO -->
AA0476	GRD	CTB
6	17:15
55
13
650,550
500,500,450,450
120,120,120,120,100,100,100,100,96,96,96,96,93,93,93,93,89,89,89,89,86,86,86,86,83,83,83,83,83,80,80,80,80,80,78,78,78,78,74,74,74,74,71,71,71,71,68,68,68,68,65,65,65,65

<-- VOO -->
AA0477	CTB	CMB
0	10:00
55
13
650,550
500,500,450,450
120,120,120,120,100,100,100,100,96,96,96,96,93,93,93,93,89,89,89,89,86,86,86,86,83,83,83,83,83,80,80,80,80,80,78,78,78,78,74,74,74,74,71,71,71,71,68,68,68,68,65,65,65,65

<-- VOO -->
AA0478	CMB	CTB
0	17:15
55
13
650,550
500,500,450,450
120,120,120,120,100,100,100,100,96,96,96,96,93,93,93,93,89,89,89,89,86,86,86,86,83,83,83,83,83,80,80,80,80,80,78,78,78,78,74,74,74,74,71,71,71,71,68,68,68,68,65,65,65,65

<-- VOO -->
AA0479	CTB	CMB
1	09:50
40
10
400,350
250,250,300,300
86,86,86,86,83,83,83,83,80,80,80,80,77,77,77,77,75,75,75,75,72,72,72,72,68,68,68,68,68,64,64,64,64,64,61,61,61,61,58,58,58,58,55,55,55,55,53,53,53,53,50,50,50,50

<-- VOO -->
AA0480	CMB	CTB
1	19:10
40
10
400,350
250,250,300,300
86,86,86,86,83,83,83,83,80,80,80,80,77,77,77,77,75,75,75,75,72,72,72,72,68,68,68,68,68,64,64,64,64,64,61,61,61,61,58,58,58,58,55,55,55,55,53,53,53,53,50,50,50,50

<-- VOO -->
AA0481	CTB	CMB
2	09:50
40
10
400,350
250,250,300,300
86,86,86,86,83,83,83,83,80,80,80,80,77,77,77,77,75,75,75,75,72,72,72,72,68,68,68,68,68,64,64,64,64,64,61,61,61,61,58,58,58,58,55,55,55,55,53,53,53,53,50,50,50,50

<-- VOO -->
AA0482	CMB	CTB
2	20:05
40
10
400,350
250,250,300,300
86,86,86,86,83,83,83,83,80,80,80,80,77,77,77,77,75,75,75,75,72,72,72,72,68,68,68,68,68,64,64,64,64,64,61,61,61,61,58,58,58,58,55,55,55,55,53,53,53,53,50,50,50,50

<-- VOO -->
AA0483	CTB	CMB
3	13:55
40
10
400,350
250,250,300,300
86,86,86,86,83,83,83,83,80,80,80,80,77,77,77,77,75,75,75,75,72,72,72,72,68,68,68,68,68,64,64,64,64,64,61,61,61,61,58,58,58,58,55,55,55,55,53,53,53,53,50,50,50,50

<-- VOO -->
AA0484	CMB	CTB
3	22:10
40
10
400,350
250,250,300,300
86,86,86,86,83,83,83,83,80,80,80,80,77,77,77,77,75,75,75,75,72,72,72,72,68,68,68,68,68,64,64,64,64,64,61,61,61,61,58,58,58,58,55,55,55,55,53,53,53,53,50,50,50,50

<-- VOO -->
AA0485	CTB	CMB
4	13:15
55
13
650,550
500,500,450,450
120,120,120,120,100,100,100,100,96,96,96,96,93,93,93,93,89,89,89,89,86,86,86,86,83,83,83,83,83,80,80,80,80,80,78,78,78,78,74,74,74,74,71,71,71,71,68,68,68,68,65,65,65,65

<-- VOO -->
AA0486	CMB	CTB
4	19:40
55
13
650,550
500,500,450,450
120,120,120,120,100,100,100,100,96,96,96,96,93,93,93,93,89,89,89,89,86,86,86,86,83,83,83,83,83,80,80,80,80,80,78,78,78,78,74,74,74,74,71,71,71,71,68,68,68,68,65,65,65,65

<-- VOO -->
AA0487	CTB	CMB
5	07:50
55
13
650,550
500,500,450,450
120,120,120,120,100,100,100,100,96,96,96,96,93,93,93,93,89,89,89,89,86,86,86,86,83,83,83,83,83,80,80,80,80,80,78,78,78,78,74,74,74,74,71,71,71,71,68,68,68,68,65,65,65,65

<-- VOO -->
AA0488	CMB	CTB
5	15:40
55
13
650,550
500,500,450,450
120,120,120,120,100,100,100,100,96,96,96,96,93,93,93,93,89,89,89,89,86,86,86,86,83,83,83,83,83,80,80,80,80,80,78,78,78,78,74,74,74,74,71,71,71,71,68,68,68,68,65,65,65,65

<-- VOO -->
AA0489	CTB	CMB
6	13:30
55
13
650,550
500,500,450,450
120,120,120,120,100,100,100,100,96,96,96,96,93,93,93,93,89,89,89,89,86,86,86,86,83,83,83,83,83,80,80,80,80,80,78,78,78,78,74,74,74,74,71,71,71,71,68,68,68,68,65,65,65,65

<-- VOO -->
AA0490	CMB	CTB
6	16:40
55
13
650,550
500,500,450,450
120,120,120,120,100,100,100,100,96,96,96,96,93,93,93,93,89,89,89,89,86,86,86,86,83,83,83,83,83,80,80,80,80,80,78,78,78,78,74,74,74,74,71,71,71,71,68,68,68,68,65,65,65,65

<-- VOO -->
AA0491	CTB	LEI
0	06:40
55
13
650,550
500,500,450,450
120,120,120,120,100,100,100,100,96,96,96,96,93,93,93,93,89,89,89,89,86,86,86,86,83,83,83,83,83,80,80,80,80,80,78,78,78,78,74,74,74,74,71,71,71,71,68,68,68,68,65,65,65,65

<-- VOO -->
AA0492	LEI	CTB
0	22:55
55
13
650,550
500,500,450,450
120,120,120,120,100,100,100,100,96,96,96,96,93,93,93,93,89,89,89,89,86,86,86,86,83,83,83,83,83,80,80,80,80,80,78,78,78,78,74,74,74,74,71,71,71,71,68,68,68,68,65,65,65,65

<-- VOO -->
AA0493	CTB	LEI
1	07:55
40
10
400,350
250,250,300,300
86,86,86,86,83,83,83,83,80,80,80,80,77,77,77,77,75,75,75,75,72,72,72,72,68,68,68,68,68,64,64,64,64,64,61,61,61,61,58,58,58,58,55,55,55,55,53,53,53,53,50,50,50,50

<-- VOO -->
AA0494	LEI	CTB
1	17:15
40
10
400,350
250,250,300,300
86,86,86,86,83,83,83,83,80,80,80,80,77,77,77,77,75,75,75,75,72,72,72,72,68,68,68,68,68,64,64,64,64,64,61,61,61,61,58,58,58,58,55,55,55,55,53,53,53,53,50,50,50,50

<-- VOO -->
AA0495	CTB	LEI
2	12:00
40
10
400,350
250,250,300,300
86,86,86,86,83,83,83,83,80,80,80,80,77,77,77,77,75,75,75,75,72,72,72,72,68,68,68,68,68,64,64,64,64,64,61,61,61,61,58,58,58,58,55,55,55,55,53,53,53,53,50,50,50,50

<-- VOO -->
AA0496	LEI	CTB
2	16:55
40
10
400,350
250,250,300,300
86,86,86,86,83,83,83,83,80,80,80,80,77,77,77,77,75,75,75,75,72,72,72,72,68,68,68,68,68,64,64,64,64,64,61,61,61,61,58,58,58,58,55,55,55,55,53,53,53,53,50,50,50,50

<-- VOO -->
AA0497	CTB	LEI
3	07:40
40
10
400,350
250,250,300,300
86,86,86,86,83,83,83,83,80,80,80,80,77,77,77,77,75,75,75,75,72,72,72,72,68,68,68,68,68,64,64,64,64,64,61,61,61,61,58,58,58,58,55,55,55,55,53,53,53,53,50,50,50,50

<-- VOO -->
AA0498	LEI	CTB
3	20:15
40
10
400,350
250,250,300,300
86,86,86,86,83,83,83,83,80,80,80,80,77,77,77,77,75,75,75,75,72,72,72,72,68,68,68,68,68,64,64,64,64,64,61,61,61,61,58,58,58,58,55,55,55,55,53,53,53,53,50,50,50,50

<-- VOO -->
AA0499	CTB	LEI
4	11:25
55
13
650,550
500,500,450,450
120,120,120,120,100,100,100,100,96,96,96,96,93,93,93,93,89,89,89,89,86,86,86,86,83,83,83,83,83,80,80,80,80,80,78,78,78,78,74,74,74,74,71,71,71,71,68,68,68,68,65,65,65,65

<-- VOO -->
AA0500	LEI	CTB
4	20:50
55
13
650,550
500,500,450,450
120,120,120,120,100,100,100,100,96,96,96,96,93,93,93,93,89,89,89,89,86,86,86,86,83,83,83,83,83,80,80,80,80,80,78,78,78,78,74,74,74,74,71,71,71,71,68,68,68,68,65,65,65,65

<-- VOO -->
AA0501	CTB	LEI
5	11:10
55
13
650,550
500,500,450,450
120,120,120,120,100,100,100,100,96,96,96,96,93,93,93,93,89,89,89,89,86,86,86,86,83,83,83,83,83,80,80,80,80,80,78,78,78,78,74,74,74,74,71,71,71,71,68,68,68,68,65,65,65,65

<-- VOO -->
AA0502	LEI	CTB
5	17:25
55
13
650,550
500,500,450,450
120,120,120,120,100,100,100,100,96,96,96,96,93,93,93,93,89,89,89,89,86,86,86,86,83,83,83,83,83,80,80,80,80,80,78,78,78,78,74,74,74,74,71,71,71,71,68,68,68,68,65,65,65,65

<-- VOO -->
AA0503	CTB	LEI
6	09:05
55
13
650,550
500,500,450,450
120,120,120,120,100,100,100,100,96,96,96,96,93,93,93,93,89,89,89,89,86,86,86,86,83,83,83,83,83,80,80,80,80,80,78,78,78,78,74,74,74,74,71,71,71,71,68,68,68,68,65,65,65,65

<-- VOO -->
AA0504	LEI	CTB
6	18:25
55
13
650,550
500,500,450,450
120,120,120,120,100,100,100,100,96,96,96,96,93,93,93,93,89,89,89,89,86,86,86,86,83,83,83,83,83,80,80,80,80,80,78,78,78,78,74,74,74,74,71,71,71,71,68,68,68,68,65,65,65,65

<-- VOO -->
AA0505	CTB	STR
0	11:50
55
13
650,550
500,500,450,450
120,120,120,120,100,100,100,100,96,96,96,96,93,93,93,93,89,89,89,89,86,86,86,86,83,83,83,83,83,80,80,80,80,80,78,78,78,78,74,74,74,74,71,71,71,71,68,68,68,68,65,65,65,65

<-- VOO -->
AA0506	STR	CTB
0	22:05
55
13
650,550
500,500,450,450
120,120,120,120,100,100,100,100,96,96,96,96,93,93,93,93,89,89,89,89,86,86,86,86,83,83,83,83,83,80,80,80,80,80,78,78,78,78,74,74,74,74,71,71,71,71,68,68,68,68,65,65,65,65

<-- VOO -->
AA0507	CTB	STR
1	06:05
40
10
400,350
250,250,300,300
86,86,86,86,83,83,83,83,80,80,80,80,77,77,77,77,75,75,75,75,72,72,72,72,68,68,68,68,68,64,64,64,64,64,61,61,61,61,58,58,58,58,55,55,55,55,53,53,53,53,50,50,50,50

<-- VOO -->
AA0508	STR	CTB
1	17:25
40
10
400,350
250,250,300,300
86,86,86,86,83,83,83,83,80,80,80,80,77,77,77,77,75,75,75,75,72,72,72,72,68,68,68,68,68,64,64,64,64,64,61,61,61,61,58,58,58,58,55,55,55,55,53,53,53,53,50,50,50,50

<-- VOO -->
AA0509	CTB	STR
2	12:35
40
10
400,350
250,250,300,300
86,86,86,86,83,83,83,83,80,80,80,80,77,77,77,77,75,75,75,75,72,72,72,72,68,68,68,68,68,64,64,64,64,64,61,61,61,61,58,58,58,58,55,55,55,55,53,53,53,53,50,50,50,50

<-- VOO -->
AA0510	STR	CTB
2	22:10
40
10
400,350
250,250,300,300
86,86,86,86,83,83,83,83,80,80,80,80,77,77,77,77,75,75,75,75,72,72,72,72,68,68,68,68,68,64,64,64,64,64,61,61,61,61,58,58,58,58,55,55,55,55,53,53,53,53,50,50,50,50

<-- VOO -->
AA0511	CTB	STR
3	07:50
40
10
400,350
250,250,300,300
86,86,86,86,83,83,83,83,80,80,80,80,77,77,77,77,75,75,75,75,72,72,72,72,68,68,68,68,68,64,64,64,64,64,61,61,61,61,58,58,58,58,55,55,55,55,53,53,53,53,50,50,50,50

<-- VOO -->
AA0512	STR	CTB
3	17:35
40
10
400,350
250,250,300,300
86,86,86,86,83,83,83,83,80,80,80,80,77,77,77,77,75,75,75,75,72,72,72,72,68,68,68,68,68,64,64,64,64,64,61,61,61,61,58,58,58,58,55,55,55,55,53,53,53,53,50,50,50,50

<-- VOO -->
AA0513	CTB	STR
4	11:50
55
13
650,550
500,500,450,450
120,120,120,120,100,100,100,100,96,96,96,96,93,93,93,93,89,89,89,89,86,86,86,86,83,83,83,83,83,80,80,80,80,80,78,78,78,78,74,74,74,74,71,71,71,71,68,68,68,68,65,65,65,65

<-- VOO -->
AA0514	STR	CTB
4	18:10
55
13
650,550
500,500,450,450
120,120,120,120,100,100,100,100,96,96,96,96,93,93,93,93,89,89,89,89,86,86,86,86,83,83,83,83,83,80,80,80,80,80,78,78,78,78,74,74,74,74,71,71,71,71,68,68,68,68,65,65,65,65

<-- VOO -->
AA0515	CTB	STR
5	10:05
55
13
650,550
500,500,450,450
120,120,120,120,100,100,100,100,96,96,96,96,93,93,93,93,89,89,89,89,86,86,86,86,83,83,83,83,83,80,80,80,80,80,78,78,78,78,74,74,74,74,71,71,71,71,68,68,68,68,65,65,65,65

<-- VOO -->
AA0516	STR	CTB
5	17:15
55
13
650,550
500,500,450,450
120,120,120,120,100,100,100,100,96,96,96,96,93,93,93,93,89,89,89,89,86,86,86,86,83,83,83,83,83,80,80,80,80,80,78,78,78,78,74,74,74,74,71,71,71,71,68,68,68,68,65,65,65,65

<-- VOO -->
AA0517	CTB	STR
6	11:00
55
13
650,550
500,500,450,450
120,120,120,120,100,100,100,100,96,96,96,96,93,93,93,93,89,89,89,89,86,86,86,86,83,83,83,83,83,80,80,80,80,80,78,78,78,78,74,74,74,74,71,71,71,71,68,68,68,68,65,65,65,65

<-- VOO -->
AA0518	STR	CTB
6	15:40
55
13
650,550
500,500,450,450
120,120,120,120,100,100,100,100,96,96,96,96,93,93,93,93,89,89,89,89,86,86,86,86,83,83,83,83,83,80,80,80,80,80,78,78,78,78,74,74,74,74,71,71,71,71,68,68,68,68,65,65,65,65

<-- VOO -->
AA0519	CTB	EVR
0	07:45
55
13
650,550
500,500,450,450
120,120,120,120,100,100,100,100,96,96,96,96,93,93,93,93,89,89,89,89,86,86,86,86,83,83,83,83,83,80,80,80,80,80,78,78,78,78,74,74,74,74,71,71,71,71,68,68,68,68,65,65,65,65

<-- VOO -->
AA0520	EVR	CTB
0	15:20
55
13
650,550
500,500,450,450
120,120,120,120,100,100,100,100,96,96,96,96,93,93,93,93,89,89,89,89,86,86,86,86,83,83,83,83,83,80,80,80,80,80,78,78,78,78,74,74,74,74,71,71,71,71,68,68,68,68,65,65,65,65

<-- VOO -->
AA0521	CTB	EVR
1	12:20
40
10
400,350
250,250,300,300
86,86,86,86,83,83,83,83,80,80,80,80,77,77,77,77,75,75,75,75,72,72,72,72,68,68,68,68,68,64,64,64,64,64,61,61,61,61,58,58,58,58,55,55,55,55,53,53,53,53,50,50,50,50

<-- VOO -->
AA0522	EVR	CTB
1	23:15
40
10
400,350
250,250,300,300
86,86,86,86,83,83,83,83,80,80,80,80,77,77,77,77,75,75,75,75,72,72,72,72,68,68,68,68,68,64,64,64,64,64,61,61,61,61,58,58,58,58,55,55,55,55,53,53,53,53,50,50,50,50

<-- VOO -->
AA0523	CTB	EVR
2	12:35
40
10
400,350
250,250,300,300
86,86,86,86,83,83,83,83,80,80,80,80,77,77,77,77,75,75,75,75,72,72,72,72,68,68,68,68,68,64,64,64,64,64,61,61,61,61,58,58,58,58,55,55,55,55,53,53,53,53,50,50,50,50

<-- VOO -->
AA0524	EVR	CTB
2	19:05
40
10
400,350
250,250,300,300
86,86,86,86,83,83,83,83,80,80,80,80,77,77,77,77,75,75,75,75,72,72,72,72,68,68,68,68,68,64,64,64,64,64,61,61,61,61,58,58,58,58,55,55,55,55,53,53,53,53,50,50,50,50

<-- VOO -->
AA0525	CTB	EVR
3	07:55
40
10
400,350
250,250,300,300
86,86,86,86,83,83,83,83,80,80,80,80,77,77,77,77,75,75,75,75,72,72,72,72,68,68,68,68,68,64,64,64,64,64,61,61,61,61,58,58,58,58,55,55,55,55,53,53,53,53,50,50,50,50

<-- VOO -->
AA0526	EVR	CTB
3	16:25
40
10
400,350
250,250,300,300
86,86,86,86,83,83,83,83,80,80,80,80,77,77,77,77,75,75,75,75,72,72,72,72,68,68,68,68,68,64,64,64,64,64,61,61,61,61,58,58,58,58,55,55,55,55,53,53,53,53,50,50,50,50

<-- VOO -->
AA0527	CTB	EVR
4	09:40
55
13
650,550
500,500,450,450
120,120,120,120,100,100,100,100,96,96,96,96,93,93,93,93,89,89,89,89,86,86,86,86,83,83,83,83,83,80,80,80,80,80,78,78,78,78,74,74,74,74,71,71,71,71,68,68,68,68,65,65,65,65

<-- VOO -->
AA0528	EVR	CTB
4	15:50
55
13
650,550
500,500,450,450
120,120,120,120,100,100,100,100,96,96,96,96,93,93,93,93,89,89,89,89,86,86,86,86,83,83,83,83,83,80,80,80,80,80,78,78,78,78,74,74,74,74,71,71,71,71,68,68,68,68,65,65,65,65

<-- VOO -->
AA0529	CTB	EVR
5	10:25
55
13
650,550
500,500,450,450
120,120,120,120,100,100,100,100,96,96,96,96,93,93,93,93,89,89,89,89,86,86,86,86,83,83,83,83,83,80,80,80,80,80,78,78,78,78,74,74,74,74,71,71,71,71,68,68,68,68,65,65,65,65

<-- VOO -->
AA0530	EVR	CTB
5	20:55
55
13
650,550
500,500,450,450
120,120,120,120,100,100,100,100,96,96,96,96,93,93,93,93,89,89,89,89,86,86,86,86,83,83,83,83,83,80,80,80,80,80,78,78,78,78,74,74,74,74,71,71,71,71,68,68,68,68,65,65,65,65

<-- VOO -->
AA0531	CTB	EVR
6	07:50
55
13
650,550
500,500,450,450
120,120,120,120,100,100,100,100,96,96,96,96,93,93,93,93,89,89,89,89,86,86,86,86,83,83,83,83,83,80,80,80,80,80,78,78,78,78,74,74,74,74,71,71,71,71,68,68,68,68,65,65,65,65

<-- VOO -->
AA0532	EVR	CTB
6	18:30
55
13
650,550
500,500,450,450
120,120,120,120,100,100,100,100,96,96,96,96,93,93,93,93,89,89,89,89,86,86,86,86,83,83,83,83,83,80,80,80,80,80,78,78,78,78,74,74,74,74,71,71,71,71,68,68,68,68,65,65,65,65

<-- VOO -->
AA0533	CTB	SET
0	08:30
55
13
650,550
500,500,450,450
120,120,120,120,100,100,100,100,96,96,96,96,93,93,93,93,89,89,89,89,86,86,86,86,83,83,83,83,83,80,80,80,80,80,78,78,78,78,74,74,74,74,71,71,71,71,68,68,68,68,65,65,65,65

<-- VOO -->
AA0534	SET	CTB
0	20:35
55
13
650,550
500,500,450,450
120,120,120,120,100,100,100,100,96,96,96,96,93,93,93,93,89,89,89,89,86,86,86,86,83,83,83,83,83,80,80,80,80,80,78,78,78,78,74,74,74,74,71,71,71,71,68,68,68,68,65,65,65,65

<-- VOO -->
AA0535	CTB	SET
1	08:50
40
10
400,350
250,250,300,300
86,86,86,86,83,83,83,83,80,80,80,80,77,77,77,77,75,75,75,75,72,72,72,72,68,68,68,68,68,64,64,64,64,64,61,61,61,61,58,58,58,58,55,55,55,55,53,53,53,53,50,50,50,50

<-- VOO -->
AA0536	SET	CTB
1	16:25
40
10
400,350
250,250,300,300
86,86,86,86,83,83,83,83,80,80,80,80,77,77,77,77,75,75,75,75,72,72,72,72,68,68,68,68,68,64,64,64,64,64,61,61,61,61,58,58,58,58,55,55,55,55,53,53,53,53,50,50,50,50

<-- VOO -->
AA0537	CTB	SET
2	12:00
40
10
400,350
250,250,300,300
86,86,86,86,83,83,83,83,80,80,80,80,77,77,77,77,75,75,75,75,72,72,72,72,68,68,68,68,68,64,64,64,64,64,61,61,61,61,58,58,58,58,55,55,55,55,53,53,53,53,50,50,50,50

<-- VOO -->
AA0538	SET	CTB
2	17:20
40
10
400,350
250,250,300,300
86,86,86,86,83,83,83,83,80,80,80,80,77,77,77,77,75,75,75,75,72,72,72,72,68,68,68,68,68,64,64,64,64,64,61,61,61,61,58,58,58,58,55,55,55,55,53,53,53,53,50,50,50,50

<-- VOO -->
AA0539	CTB	SET
3	08:55
40
10
400,350
250,250,300,300
86,86,86,86,83,83,83,83,80,80,80,80,77,77,77,77,75,75,75,75,72,72,72,72,68,68,68,68,68,64,64,64,64,64,61,61,61,61,58,58,58,58,55,55,55,55,53,53,53,53,50,50,50,50

<-- VOO -->
AA0540	SET	CTB
3	21:10
40
10
400,350
250,250,300,300
86,86,86,86,83,83,83,83,80,80,80,80,77,77,77,77,75,75,75,75,72,72,72,72,68,68,68,68,68,64,64,64,64,64,61,61,61,61,58,58,58,58,55,55,55,55,53,53,53,53,50,50,50,50

<-- VOO -->
AA0541	CTB	SET
4	10:20
55
13
650,550
500,500,450,450
120,120,120,120,100,100,100,100,96,96,96,96,93,93,93,93,89,89,89,89,86,86,86,86,83,83,83,83,83,80,80,80,80,80,78,78,78,78,74,74,74,74,71,71,71,71,68,68,68,68,65,65,65,65

<-- VOO -->
AA0542	SET	CTB
4	16:50
55
13
650,550
500,500,450,450
120,120,120,120,100,100,100,100,96,96,96,96,93,93,93,93,89,89,89,89,86,86,86,86,83,83,83,83,83,80,80,80,80,80,78,78,78,78,74,74,74,74,71,71,71,71,68,68,68,68,65,65,65,65

<-- VOO -->
AA0543	CTB	SET
5	07:15
55
13
650,550
500,500,450,450
120,120,120,120,100,100,100,100,96,96,96,96,93,93,93,93,89,89,89,89,86,86,86,86,83,83,83,83,83,80,80,80,80,80,78,78,78,78,74,74,74,74,71,71,71,71,68,68,68,68,65,65,65,65

<-- VOO -->
AA0544	SET	CTB
5	18:35
55
13
650,550
500,500,450,450
120,120,120,120,100,100,100,100,96,96,96,96,93,93,93,93,89,89,89,89,86,86,86,86,83,83,83,83,83,80,80,80,80,80,78,78,78,78,74,74,74,74,71,71,71,71,68,68,68,68,65,65,65,65

<-- VOO -->
AA0545	CTB	SET
6	07:20
55
13
650,550
500,500,450,450
120,120,120,120,100,100,100,100,96,96,96,96,93,93,93,93,89,89,89,89,86,86,86,86,83,83,83,83,83,80,80,80,80,80,78,78,78,78,74,74,74,74,71,71,71,71,68,68,68,68,65,65,65,65

<-- VOO -->
AA0546	SET	CTB
6	23:10
55
13
650,550
500,500,450,450
120,120,120,120,100,100,100,100,96,96,96,96,93,93,93,93,89,89,89,89,86,86,86,86,83,83,83,83,83,80,80,80,80,80,78,78,78,78,74,74,74,74,71,71,71,71,68,68,68,68,65,65,65,65

<-- VOO -->
AA0547	CTB	BEJ
0	09:10
55
13
650,550
500,500,450,450
120,120,120,120,100,100,100,100,96,96,96,96,93,93,93,93,89,89,89,89,86,86,86,86,83,83,83,83,83,80,80,80,80,80,78,78,78,78,74,74,74,74,71,71,71,71,68,68,68,68,65,65,65,65

<-- VOO -->
AA0548	BEJ	CTB
0	15:35
55
13
650,550
500,500,450,450
120,120,120,120,100,100,100,100,96,96,96,96,93,93,93,93,89,89,89,89,86,86,86,86,83,83,83,83,83,80,80,80,80,80,78,78,78,78,74,74,74,74,71,71,71,71,68,68,68,68,65,65,65,65

<-- VOO -->
AA0549	CTB	BEJ
1	10:00
40
10
400,350
250,250,300,300
86,86,86,86,83,83,83,83,80,80,80,80,77,77,77,77,75,75,75,75,72,72,72,72,68,68,68,68,68,64,64,64,64,64,61,61,61,61,58,58,58,58,55,55,55,55,53,53,53,53,50,50,50,50

<-- VOO -->
AA0550	BEJ	CTB
1	21:35
40
10
400,350
250,250,300,300
86,86,86,86,83,83,83,83,80,80,80,80,77,77,77,77,75,75,75,75,72,72,72,72,68,68,68,68,68,64,64,64,64,64,61,61,61,61,58,58,58,58,55,55,55,55,53,53,53,53,50,50,50,50

<-- VOO -->
AA0551	CTB	BEJ
2	12:55
40
10
400,350
250,250,300,300
86,86,86,86,83,83,83,83,80,80,80,80,77,77,77,77,75,75,75,75,72,72,72,72,68,68,68,68,68,64,64,64,64,64,61,61,61,61,58,58,58,58,55,55,55,55,53,53,53,53,50,50,50,50

<-- VOO -->
AA0552	BEJ	CTB
2	16:30
40
10
400,350
250,250,300,300
86,86,86,86,83,83,83,83,80,80,80,80,77,77,77,77,75,75,75,75,72,72,72,72,68,68,68,68,68,64,64,64,64,64,61,61,61,61,58,58,58,58,55,55,55,55,53,53,53,53,50,50,50,50

<-- VOO -->
AA0553	CTB	BEJ
3	12:15
40
10
400,350
250,250,300,300
86,86,86,86,83,83,83,83,80,80,80,80,77,77,77,77,75,75,75,75,72,72,72,72,68,68,68,68,68,64,64,64,64,64,61,61,61,61,58,58,58,58,55,55,55,55,53,53,53,53,50,50,50,50

<-- VOO -->
AA0554	BEJ	CTB
3	17:20
40
10
400,350
250,250,300,300
86,86,86,86,83,83,83,83,80,80,80,80,77,77,77,77,75,75,75,75,72,72,72,72,68,68,68,68,68,64,64,64,64,64,61,61,61,61,58,58,58,58,55,55,55,55,53,53,53,53,50,50,50,50

<-- VOO -->
AA0555	CTB	BEJ
4	14:50
55
13
650,550
500,500,450,450
120,120,120,120,100,100,100,100,96,96,96,96,93,93,93,93,89,89,89,89,86,86,86,86,83,83,83,83,83,80,80,80,80,80,78,78,78,78,74,74,74,74,71,71,71,71,68,68,68,68,65,65,65,65

<-- VOO -->
AA0556	BEJ	CTB
4	15:20
55
13
650,550
500,500,450,450
120,120,120,120,100,100,100,100,96,96,96,96,93,93,93,93,89,89,89,89,86,86,86,86,83,83,83,83,83,80,80,80,80,80,78,78,78,78,74,74,74,74,71,71,71,71,68,68,68,68,65,65,65,65

<-- VOO -->
AA0557	CTB	BEJ
5	11:50
55
13
650,550
500,500,450,450
120,120,120,120,100,100,100,100,96,96,96,96,93,93,93,93,89,89,89,89,86,86,86,86,83,83,83,83,83,80,80,80,80,80,78,78,78,78,74,74,74,74,71,71,71,71,68,68,68,68,65,65,65,65

<-- VOO -->
AA0558	BEJ	CTB
5	21:00
55
13
650,550
500,500,450,450
120,120,120,120,100,100,100,100,96,96,96,96,93,93,93,93,89,89,89,89,86,86,86,86,83,83,83,83,83,80,80,80,80,80,78,78,78,78,74,74,74,74,71,71,71,71,68,68,68,68,65,65,65,65

<-- VOO -->
AA0559	CTB	BEJ
6	07:25
55
13
650,550
500,500,450,450
120,120,120,120,100,100,100,100,96,96,96,96,93,93,93,93,89,89,89,89,86,86,86,86,83,83,83,83,83,80,80,80,80,80,78,78,78,78,74,74,74,74,71,71,71,71,68,68,68,68,65,65,65,65

<-- VOO -->
AA0560	BEJ	CTB
6	22:50
55
13
650,550
500,500,450,450
120,120,120,120,100,100,100,100,96,96,96,96,93,93,93,93,89,89,89,89,86,86,86,86,83,83,83,83,83,80,80,80,80,80,78,78,78,78,74,74,74,74,71,71,71,71,68,68,68,68,65,65,65,65

<-- VOO -->
AA0561	CTB	AMS
0	09:25
65
15
800,800,730,730
630,630,630,550,550,550
140,140,140,140,140,140,140,140,140,140,140,140,140,140,140,140,140,140,140,140,140,140,140,140,140,122,122,122,122,122,122,122,122,122,122,122,122,122,122,122,122,122,122,122,122,122,122,122,122,122,118,118,118,118,118,118,118,118,118,118,118,118,118,118,118,118,118,118,118,118,115,115,115,115,115,115,115,115,115,115,115,115,115,115,115,115,115,115,115,115,110,110,110,110,110,110,110,110,110,110,110,110,110,110,110,110,110,110,110,110,105,105,105,105,105,105,105,105,100,100,100,100,100,100,100,100,95,95,95,95,95,95,92,92,92,92,92,92,88,88,88,88,88,88,83,83,83,83,83,83,80,80,80,80,80,75,75,75,75,75

<-- VOO -->
AA0562	AMS	CTB
0	16:45
65
15
800,800,730,730
630,630,630,550,550,550
140,140,140,140,140,140,140,140,140,140,140,140,140,140,140,140,140,140,140,140,140,140,140,140,140,122,122,122,122,122,122,122,122,122,122,122,122,122,122,122,122,122,122,122,122,122,122,122,122,122,118,118,118,118,118,118,118,118,118,118,118,118,118,118,118,118,118,118,118,118,115,115,115,115,115,115,115,115,115,115,115,115,115,115,115,115,115,115,115,115,110,110,110,110,110,110,110,110,110,110,110,110,110,110,110,110,110,110,110,110,105,105,105,105,105,105,105,105,100,100,100,100,100,100,100,100,95,95,95,95,95,95,92,92,92,92,92,92,88,88,88,88,88,88,83,83,83,83,83,83,80,80,80,80,80,75,75,75,75,75

<-- VOO -->
AA0563	CTB	AMS
1	07:00
50
10
730,730,630,630
550,550,550,480,480,480
120,120,120,120,120,120,120,120,120,120,120,120,120,120,120,120,120,120,120,120,102,102,102,102,102,102,102,102,102,102,102,102,102,102,102,102,102,102,102,102,98,98,98,98,98,98,98,98,98,98,98,98,98,98,98,98,98,98,95,95,95,95,95,95,95,95,95,95,95,95,95,95,95,95,95,95,90,90,90,90,90,90,90,90,90,90,90,90,90,90,90,85,85,85,85,85,85,85,85,85,85,85,85,85,85,85,80,80,80,80,80,80,80,80,80,80,80,80,80,80,80,75,75,75,75,75,75,75,75,75,75,75,72,72,72,72,72,72,68,68,68,68,68,68,63,63,63,63,63,63,60,60,60,60,60,55,55,55,55,55

<-- VOO -->
AA0564	AMS	CTB
1	15:30
50
10
730,730,630,630
550,550,550,480,480,480
120,120,120,120,120,120,120,120,120,120,120,120,120,120,120,120,120,120,120,120,102,102,102,102,102,102,102,102,102,102,102,102,102,102,102,102,102,102,102,102,98,98,98,98,98,98,98,98,98,98,98,98,98,98,98,98,98,98,95,95,95,95,95,95,95,95,95,95,95,95,95,95,95,95,95,95,90,90,90,90,90,90,90,90,90,90,90,90,90,90,90,85,85,85,85,85,85,85,85,85,85,85,85,85,85,85,80,80,80,80,80,80,80,80,80,80,80,80,80,80,80,75,75,75,75,75,75,75,75,75,75,75,72,72,72,72,72,72,68,68,68,68,68,68,63,63,63,63,63,63,60,60,60,60,60,55,55,55,55,55

<-- VOO -->
AA0565	CTB	AMS
2	11:30
50
10
730,730,630,630
550,550,550,480,480,480
120,120,120,120,120,120,120,120,120,120,120,120,120,120,120,120,120,120,120,120,102,102,102,102,102,102,102,102,102,102,102,102,102,102,102,102,102,102,102,102,98,98,98,98,98,98,98,98,98,98,98,98,98,98,98,98,98,98,95,95,95,95,95,95,95,95,95,95,95,95,95,95,95,95,95,95,90,90,90,90,90,90,90,90,90,90,90,90,90,90,90,85,85,85,85,85,85,85,85,85,85,85,85,85,85,85,80,80,80,80,80,80,80,80,80,80,80,80,80,80,80,75,75,75,75,75,75,75,75,75,75,75,72,72,72,72,72,72,68,68,68,68,68,68,63,63,63,63,63,63,60,60,60,60,60,55,55,55,55,55

<-- VOO -->
AA0566	AMS	CTB
2	19:15
50
10
730,730,630,630
550,550,550,480,480,480
120,120,120,120,120,120,120,120,120,120,120,120,120,120,120,120,120,120,120,120,102,102,102,102,102,102,102,102,102,102,102,102,102,102,102,102,102,102,102,102,98,98,98,98,98,98,98,98,98,98,98,98,98,98,98,98,98,98,95,95,95,95,95,95,95,95,95,95,95,95,95,95,95,95,95,95,90,90,90,90,90,90,90,90,90,90,90,90,90,90,90,85,85,85,85,85,85,85,85,85,85,85,85,85,85,85,80,80,80,80,80,80,80,80,80,80,80,80,80,80,80,75,75,75,75,75,75,75,75,75,75,75,72,72,72,72,72,72,68,68,68,68,68,68,63,63,63,63,63,63,60,60,60,60,60,55,55,55,55,55

<-- VOO -->
AA0567	CTB	AMS
3	06:20
50
10
730,730,630,630
550,550,550,480,480,480
120,120,120,120,120,120,120,120,120,120,120,120,120,120,120,120,120,120,120,120,102,102,102,102,102,102,102,102,102,102,102,102,102,102,102,102,102,102,102,102,98,98,98,98,98,98,98,98,98,98,98,98,98,98,98,98,98,98,95,95,95,95,95,95,95,95,95,95,95,95,95,95,95,95,95,95,90,90,90,90,90,90,90,90,90,90,90,90,90,90,90,85,85,85,85,85,85,85,85,85,85,85,85,85,85,85,80,80,80,80,80,80,80,80,80,80,80,80,80,80,80,75,75,75,75,75,75,75,75,75,75,75,72,72,72,72,72,72,68,68,68,68,68,68,63,63,63,63,63,63,60,60,60,60,60,55,55,55,55,55

<-- VOO -->
AA0568	AMS	CTB
3	16:50
50
10
730,730,630,630
550,550,550,480,480,480
120,120,120,120,120,120,120,120,120,120,120,120,120,120,120,120,120,120,120,120,102,102,102,102,102,102,102,102,102,102,102,102,102,102,102,102,102,102,102,102,98,98,98,98,98,98,98,98,98,98,98,98,98,98,98,98,98,98,95,95,95,95,95,95,95,95,95,95,95,95,95,95,95,95,95,95,90,90,90,90,90,90,90,90,90,90,90,90,90,90,90,85,85,85,85,85,85,85,85,85,85,85,85,85,85,85,80,80,80,80,80,80,80,80,80,80,80,80,80,80,80,75,75,75,75,75,75,75,75,75,75,75,72,72,72,72,72,72,68,68,68,68,68,68,63,63,63,63,63,63,60,60,60,60,60,55,55,55,55,55

<-- VOO -->
AA0569	CTB	ARN
1	06:00
50
10
730,730,630,630
550,550,550,480,480,480
120,120,120,120,120,120,120,120,120,120,120,120,120,120,120,120,120,120,120,120,102,102,102,102,102,102,102,102,102,102,102,102,102,102,102,102,102,102,102,102,98,98,98,98,98,98,98,98,98,98,98,98,98,98,98,98,98,98,95,95,95,95,95,95,95,95,95,95,95,95,95,95,95,95,95,95,90,90,90,90,90,90,90,90,90,90,90,90,90,90,90,85,85,85,85,85,85,85,85,85,85,85,85,85,85,85,80,80,80,80,80,80,80,80,80,80,80,80,80,80,80,75,75,75,75,75,75,75,75,75,75,75,72,72,72,72,72,72,68,68,68,68,68,68,63,63,63,63,63,63,60,60,60,60,60,55,55,55,55,55

<-- VOO -->
AA0570	ARN	CTB
1	23:15
50
10
730,730,630,630
550,550,550,480,480,480
120,120,120,120,120,120,120,120,120,120,120,120,120,120,120,120,120,120,120,120,102,102,102,102,102,102,102,102,102,102,102,102,102,102,102,102,102,102,102,102,98,98,98,98,98,98,98,98,98,98,98,98,98,98,98,98,98,98,95,95,95,95,95,95,95,95,95,95,95,95,95,95,95,95,95,95,90,90,90,90,90,90,90,90,90,90,90,90,90,90,90,85,85,85,85,85,85,85,85,85,85,85,85,85,85,85,80,80,80,80,80,80,80,80,80,80,80,80,80,80,80,75,75,75,75,75,75,75,75,75,75,75,72,72,72,72,72,72,68,68,68,68,68,68,63,63,63,63,63,63,60,60,60,60,60,55,55,55,55,55

<-- VOO -->
AA0571	CTB	ARN
2	06:15
50
10
730,730,630,630
550,550,550,480,480,480
120,120,120,120,120,120,120,120,120,120,120,120,120,120,120,120,120,120,120,120,102,102,102,102,102,102,102,102,102,102,102,102,102,102,102,102,102,102,102,102,98,98,98,98,98,98,98,98,98,98,98,98,98,98,98,98,98,98,95,95,95,95,95,95,95,95,95,95,95,95,95,95,95,95,95,95,90,90,90,90,90,90,90,90,90,90,90,90,90,90,90,85,85,85,85,85,85,85,85,85,85,85,85,85,85,85,80,80,80,80,80,80,80,80,80,80,80,80,80,80,80,75,75,75,75,75,75,75,75,75,75,75,72,72,72,72,72,72,68,68,68,68,68,68,63,63,63,63,63,63,60,60,60,60,60,55,55,55,55,55

<-- VOO -->
AA0572	ARN	CTB
2	20:25
50
10
730,730,630,630
550,550,550,480,480,480
120,120,120,120,120,120,120,120,120,120,120,120,120,120,120,120,120,120,120,120,102,102,102,102,102,102,102,102,102,102,102,102,102,102,102,102,102,102,102,102,98,98,98,98,98,98,98,98,98,98,98,98,98,98,98,98,98,98,95,95,95,95,95,95,95,95,95,95,95,95,95,95,95,95,95,95,90,90,90,90,90,90,90,90,90,90,90,90,90,90,90,85,85,85,85,85,85,85,85,85,85,85,85,85,85,85,80,80,80,80,80,80,80,80,80,80,80,80,80,80,80,75,75,75,75,75,75,75,75,75,75,75,72,72,72,72,72,72,68,68,68,68,68,68,63,63,63,63,63,63,60,60,60,60,60,55,55,55,55,55

<-- VOO -->
AA0573	CTB	ARN
5	07:55
65
15
800,800,730,730
630,630,630,550,550,550
140,140,140,140,140,140,140,140,140,140,140,140,140,140,140,140,140,140,140,140,140,140,140,140,140,122,122,122,122,122,122,122,122,122,122,122,122,122,122,122,122,122,122,122,122,122,122,122,122,122,118,118,118,118,118,118,118,118,118,118,118,118,118,118,118,118,118,118,118,118,115,115,115,115,115,115,115,115,115,115,115,115,115,115,115,115,115,115,115,115,110,110,110,110,110,110,110,110,110,110,110,110,110,110,110,110,110,110,110,110,105,105,105,105,105,105,105,105,100,100,100,100,100,100,100,100,95,95,95,95,95,95,92,92,92,92,92,92,88,88,88,88,88,88,83,83,83,83,83,83,80,80,80,80,80,75,75,75,75,75

<-- VOO -->
AA0574	ARN	CTB
5	16:25
65
15
800,800,730,730
630,630,630,550,550,550
140,140,140,140,140,140,140,140,140,140,140,140,140,140,140,140,140,140,140,140,140,140,140,140,140,122,122,122,122,122,122,122,122,122,122,122,122,122,122,122,122,122,122,122,122,122,122,122,122,122,118,118,118,118,118,118,118,118,118,118,118,118,118,118,118,118,118,118,118,118,115,115,115,115,115,115,115,115,115,115,115,115,115,115,115,115,115,115,115,115,110,110,110,110,110,110,110,110,110,110,110,110,110,110,110,110,110,110,110,110,105,105,105,105,105,105,105,105,100,100,100,100,100,100,100,100,95,95,95,95,95,95,92,92,92,92,92,92,88,88,88,88,88,88,83,83,83,83,83,83,80,80,80,80,80,75,75,75,75,75

<-- VOO -->
AA0575	CTB	ARN
6	06:25
65
15
800,800,730,730
630,630,630,550,550,550
140,140,140,140,140,140,140,140,140,140,140,140,140,140,140,140,140,140,140,140,140,140,140,140,140,122,122,122,122,122,122,122,122,122,122,122,122,122,122,122,122,122,122,122,122,122,122,122,122,122,118,118,118,118,118,118,118,118,118,118,118,118,118,118,118,118,118,118,118,118,115,115,115,115,115,115,115,115,115,115,115,115,115,115,115,115,115,115,115,115,110,110,110,110,110,110,110,110,110,110,110,110,110,110,110,110,110,110,110,110,105,105,105,105,105,105,105,105,100,100,100,100,100,100,100,100,95,95,95,95,95,95,92,92,92,92,92,92,88,88,88,88,88,88,83,83,83,83,83,83,80,80,80,80,80,75,75,75,75,75

<-- VOO -->
AA0576	ARN	CTB
6	19:10
65
15
800,800,730,730
630,630,630,550,550,550
140,140,140,140,140,140,140,140,140,140,140,140,140,140,140,140,140,140,140,140,140,140,140,140,140,122,122,122,122,122,122,122,122,122,122,122,122,122,122,122,122,122,122,122,122,122,122,122,122,122,118,118,118,118,118,118,118,118,118,118,118,118,118,118,118,118,118,118,118,118,115,115,115,115,115,115,115,115,115,115,115,115,115,115,115,115,115,115,115,115,110,110,110,110,110,110,110,110,110,110,110,110,110,110,110,110,110,110,110,110,105,105,105,105,105,105,105,105,100,100,100,100,100,100,100,100,95,95,95,95,95,95,92,92,92,92,92,92,88,88,88,88,88,88,83,83,83,83,83,83,80,80,80,80,80,75,75,75,75,75

<-- VOO -->
AA0577	CTB	BRU
2	08:40
50
10
730,730,630,630
550,550,550,480,480,480
120,120,120,120,120,120,120,120,120,120,120,120,120,120,120,120,120,120,120,120,102,102,102,102,102,102,102,102,102,102,102,102,102,102,102,102,102,102,102,102,98,98,98,98,98,98,98,98,98,98,98,98,98,98,98,98,98,98,95,95,95,95,95,95,95,95,95,95,95,95,95,95,95,95,95,95,90,90,90,90,90,90,90,90,90,90,90,90,90,90,90,85,85,85,85,85,85,85,85,85,85,85,85,85,85,85,80,80,80,80,80,80,80,80,80,80,80,80,80,80,80,75,75,75,75,75,75,75,75,75,75,75,72,72,72,72,72,72,68,68,68,68,68,68,63,63,63,63,63,63,60,60,60,60,60,55,55,55,55,55

<-- VOO -->
AA0578	BRU	CTB
2	21:15
50
10
730,730,630,630
550,550,550,480,480,480
120,120,120,120,120,120,120,120,120,120,120,120,120,120,120,120,120,120,120,120,102,102,102,102,102,102,102,102,102,102,102,102,102,102,102,102,102,102,102,102,98,98,98,98,98,98,98,98,98,98,98,98,98,98,98,98,98,98,95,95,95,95,95,95,95,95,95,95,95,95,95,95,95,95,95,95,90,90,90,90,90,90,90,90,90,90,90,90,90,90,90,85,85,85,85,85,85,85,85,85,85,85,85,85,85,85,80,80,80,80,80,80,80,80,80,80,80,80,80,80,80,75,75,75,75,75,75,75,75,75,75,75,72,72,72,72,72,72,68,68,68,68,68,68,63,63,63,63,63,63,60,60,60,60,60,55,55,55,55,55

<-- VOO -->
AA0579	CTB	BRU
4	11:45
65
15
800,800,730,730
630,630,630,550,550,550
140,140,140,140,140,140,140,140,140,140,140,140,140,140,140,140,140,140,140,140,140,140,140,140,140,122,122,122,122,122,122,122,122,122,122,122,122,122,122,122,122,122,122,122,122,122,122,122,122,122,118,118,118,118,118,118,118,118,118,118,118,118,118,118,118,118,118,118,118,118,115,115,115,115,115,115,115,115,115,115,115,115,115,115,115,115,115,115,115,115,110,110,110,110,110,110,110,110,110,110,110,110,110,110,110,110,110,110,110,110,105,105,105,105,105,105,105,105,100,100,100,100,100,100,100,100,95,95,95,95,95,95,92,92,92,92,92,92,88,88,88,88,88,88,83,83,83,83,83,83,80,80,80,80,80,75,75,75,75,75

<-- VOO -->
AA0580	BRU	CTB
4	19:35
65
15
800,800,730,730
630,630,630,550,550,550
140,140,140,140,140,140,140,140,140,140,140,140,140,140,140,140,140,140,140,140,140,140,140,140,140,122,122,122,122,122,122,122,122,122,122,122,122,122,122,122,122,122,122,122,122,122,122,122,122,122,118,118,118,118,118,118,118,118,118,118,118,118,118,118,118,118,118,118,118,118,115,115,115,115,115,115,115,115,115,115,115,115,115,115,115,115,115,115,115,115,110,110,110,110,110,110,110,110,110,110,110,110,110,110,110,110,110,110,110,110,105,105,105,105,105,105,105,105,100,100,100,100,100,100,100,100,95,95,95,95,95,95,92,92,92,92,92,92,88,88,88,88,88,88,83,83,83,83,83,83,80,80,80,80,80,75,75,75,75,75

<-- VOO -->
AA0581	CTB	BRU
5	12:30
65
15
800,800,730,730
630,630,630,550,550,550
140,140,140,140,140,140,140,140,140,140,140,140,140,140,140,140,140,140,140,140,140,140,140,140,140,122,122,122,122,122,122,122,122,122,122,122,122,122,122,122,122,122,122,122,122,122,122,122,122,122,118,118,118,118,118,118,118,118,118,118,118,118,118,118,118,118,118,118,118,118,115,115,115,115,115,115,115,115,115,115,115,115,115,115,115,115,115,115,115,115,110,110,110,110,110,110,110,110,110,110,110,110,110,110,110,110,110,110,110,110,105,105,105,105,105,105,105,105,100,100,100,100,100,100,100,100,95,95,95,95,95,95,92,92,92,92,92,92,88,88,88,88,88,88,83,83,83,83,83,83,80,80,80,80,80,75,75,75,75,75

<-- VOO -->
AA0582	BRU	CTB
5	15:40
65
15
800,800,730,730
630,630,630,550,550,550
140,140,140,140,140,140,140,140,140,140,140,140,140,140,140,140,140,140,140,140,140,140,140,140,140,122,122,122,122,122,122,122,122,122,122,122,122,122,122,122,122,122,122,122,122,122,122,122,122,122,118,118,118,118,118,118,118,118,118,118,118,118,118,118,118,118,118,118,118,118,115,115,115,115,115,115,115,115,115,115,115,115,115,115,115,115,115,115,115,115,110,110,110,110,110,110,110,110,110,110,110,110,110,110,110,110,110,110,110,110,105,105,105,105,105,105,105,105,100,100,100,100,100,100,100,100,95,95,95,95,95,95,92,92,92,92,92,92,88,88,88,88,88,88,83,83,83,83,83,83,80,80,80,80,80,75,75,75,75,75

<-- VOO -->
AA0583	CTB	BRU
6	11:05
65
15
800,800,730,730
630,630,630,550,550,550
140,140,140,140,140,140,140,140,140,140,140,140,140,140,140,140,140,140,140,140,140,140,140,140,140,122,122,122,122,122,122,122,122,122,122,122,122,122,122,122,122,122,122,122,122,122,122,122,122,122,118,118,118,118,118,118,118,118,118,118,118,118,118,118,118,118,118,118,118,118,115,115,115,115,115,115,115,115,115,115,115,115,115,115,115,115,115,115,115,115,110,110,110,110,110,110,110,110,110,110,110,110,110,110,110,110,110,110,110,110,105,105,105,105,105,105,105,105,100,100,100,100,100,100,100,100,95,95,95,95,95,95,92,92,92,92,92,92,88,88,88,88,88,88,83,83,83,83,83,83,80,80,80,80,80,75,75,75,75,75

<-- VOO -->
AA0584	BRU	CTB
6	19:40
65
15
800,800,730,730
630,630,630,550,550,550
140,140,140,140,140,140,140,140,140,140,140,140,140,140,140,140,140,140,140,140,140,140,140,140,140,122,122,122,122,122,122,122,122,122,122,122,122,122,122,122,122,122,122,122,122,122,122,122,122,122,118,118,118,118,118,118,118,118,118,118,118,118,118,118,118,118,118,118,118,118,115,115,115,115,115,115,115,115,115,115,115,115,115,115,115,115,115,115,115,115,110,110,110,110,110,110,110,110,110,110,110,110,110,110,110,110,110,110,110,110,105,105,105,105,105,105,105,105,100,100,100,100,100,100,100,100,95,95,95,95,95,95,92,92,92,92,92,92,88,88,88,88,88,88,83,83,83,83,83,83,80,80,80,80,80,75,75,75,75,75

<-- VOO -->
AA0585	CTB	CPH
1	11:50
50
15
780,780,700,700
620,620,620,620,550,550,550,550
140,140,140,140,140,140,140,140,140,140,140,140,140,140,140,140,140,140,140,140,140,140,130,130,130,130,130,130,130,130,130,130,130,130,130,130,130,130,130,130,130,130,120,120,120,120,120,120,120,120,120,120,120,120,120,120,120,120,120,120,120,120,115,115,115,115,115,115,115,115,115,115,115,115,115,115,115,115,115,115,115,115,110,110,110,110,110,110,110,110,110,110,110,110,110,110,110,110,110,110,110,110,99,99,99,99,99,99,99,99,99,99,99,99,99,99,99,96,96,96,96,96,96,96,96,96,96,96,96,96,96,96,92,92,92,92,92,92,92,92,92,92,88,88,88,88,88,88,88,88,88,88,85,85,85,85,85,85,85,85,85,85,80,80,80,80,80,80,80,80,80,80,75,75,75,75,75,75,75,75,72,72,72,72,72,72,72,72

<-- VOO -->
AA0586	CPH	CTB
1	22:05
50
15
780,780,700,700
620,620,620,620,550,550,550,550
140,140,140,140,140,140,140,140,140,140,140,140,140,140,140,140,140,140,140,140,140,140,130,130,130,130,130,130,130,130,130,130,130,130,130,130,130,130,130,130,130,130,120,120,120,120,120,120,120,120,120,120,120,120,120,120,120,120,120,120,120,120,115,115,115,115,115,115,115,115,115,115,115,115,115,115,115,115,115,115,115,115,110,110,110,110,110,110,110,110,110,110,110,110,110,110,110,110,110,110,110,110,99,99,99,99,99,99,99,99,99,99,99,99,99,99,99,96,96,96,96,96,96,96,96,96,96,96,96,96,96,96,92,92,92,92,92,92,92,92,92,92,88,88,88,88,88,88,88,88,88,88,85,85,85,85,85,85,85,85,85,85,80,80,80,80,80,80,80,80,80,80,75,75,75,75,75,75,75,75,72,72,72,72,72,72,72,72

<-- VOO -->
AA0587	CTB	CPH
2	06:00
50
15
780,780,700,700
620,620,620,620,550,550,550,550
140,140,140,140,140,140,140,140,140,140,140,140,140,140,140,140,140,140,140,140,140,140,130,130,130,130,130,130,130,130,130,130,130,130,130,130,130,130,130,130,130,130,120,120,120,120,120,120,120,120,120,120,120,120,120,120,120,120,120,120,120,120,115,115,115,115,115,115,115,115,115,115,115,115,115,115,115,115,115,115,115,115,110,110,110,110,110,110,110,110,110,110,110,110,110,110,110,110,110,110,110,110,99,99,99,99,99,99,99,99,99,99,99,99,99,99,99,96,96,96,96,96,96,96,96,96,96,96,96,96,96,96,92,92,92,92,92,92,92,92,92,92,88,88,88,88,88,88,88,88,88,88,85,85,85,85,85,85,85,85,85,85,80,80,80,80,80,80,80,80,80,80,75,75,75,75,75,75,75,75,72,72,72,72,72,72,72,72

<-- VOO -->
AA0588	CPH	CTB
2	18:40
50
15
780,780,700,700
620,620,620,620,550,550,550,550
140,140,140,140,140,140,140,140,140,140,140,140,140,140,140,140,140,140,140,140,140,140,130,130,130,130,130,130,130,130,130,130,130,130,130,130,130,130,130,130,130,130,120,120,120,120,120,120,120,120,120,120,120,120,120,120,120,120,120,120,120,120,115,115,115,115,115,115,115,115,115,115,115,115,115,115,115,115,115,115,115,115,110,110,110,110,110,110,110,110,110,110,110,110,110,110,110,110,110,110,110,110,99,99,99,99,99,99,99,99,99,99,99,99,99,99,99,96,96,96,96,96,96,96,96,96,96,96,96,96,96,96,92,92,92,92,92,92,92,92,92,92,88,88,88,88,88,88,88,88,88,88,85,85,85,85,85,85,85,85,85,85,80,80,80,80,80,80,80,80,80,80,75,75,75,75,75,75,75,75,72,72,72,72,72,72,72,72

<-- VOO -->
AA0589	CTB	CPH
3	07:55
50
15
780,780,700,700
620,620,620,620,550,550,550,550
140,140,140,140,140,140,140,140,140,140,140,140,140,140,140,140,140,140,140,140,140,140,130,130,130,130,130,130,130,130,130,130,130,130,130,130,130,130,130,130,130,130,120,120,120,120,120,120,120,120,120,120,120,120,120,120,120,120,120,120,120,120,115,115,115,115,115,115,115,115,115,115,115,115,115,115,115,115,115,115,115,115,110,110,110,110,110,110,110,110,110,110,110,110,110,110,110,110,110,110,110,110,99,99,99,99,99,99,99,99,99,99,99,99,99,99,99,96,96,96,96,96,96,96,96,96,96,96,96,96,96,96,92,92,92,92,92,92,92,92,92,92,88,88,88,88,88,88,88,88,88,88,85,85,85,85,85,85,85,85,85,85,80,80,80,80,80,80,80,80,80,80,75,75,75,75,75,75,75,75,72,72,72,72,72,72,72,72

<-- VOO -->
AA0590	CPH	CTB
3	23:20
50
15
780,780,700,700
620,620,620,620,550,550,550,550
140,140,140,140,140,140,140,140,140,140,140,140,140,140,140,140,140,140,140,140,140,140,130,130,130,130,130,130,130,130,130,130,130,130,130,130,130,130,130,130,130,130,120,120,120,120,120,120,120,120,120,120,120,120,120,120,120,120,120,120,120,120,115,115,115,115,115,115,115,115,115,115,115,115,115,115,115,115,115,115,115,115,110,110,110,110,110,110,110,110,110,110,110,110,110,110,110,110,110,110,110,110,99,99,99,99,99,99,99,99,99,99,99,99,99,99,99,96,96,96,96,96,96,96,96,96,96,96,96,96,96,96,92,92,92,92,92,92,92,92,92,92,88,88,88,88,88,88,88,88,88,88,85,85,85,85,85,85,85,85,85,85,80,80,80,80,80,80,80,80,80,80,75,75,75,75,75,75,75,75,72,72,72,72,72,72,72,72

<-- VOO -->
AA0591	CTB	CPH
5	10:45
70
20
900,900,800,800
700,700,700,700,620,620,620,620
164,164,164,164,164,164,164,164,164,164,164,164,164,164,164,164,164,164,164,164,164,164,154,154,154,154,154,154,154,154,154,154,154,154,154,154,154,154,154,154,154,154,154,154,144,144,144,144,144,144,144,144,144,144,144,144,144,144,144,144,144,144,144,144,144,144,139,139,139,139,139,139,139,139,139,139,139,139,139,139,139,139,139,139,139,139,139,139,134,134,134,134,134,134,134,134,134,134,134,134,134,134,134,134,134,134,134,134,134,134,123,123,123,123,123,123,123,123,123,123,123,123,123,123,123,120,120,120,120,120,120,120,120,120,120,120,120,120,116,116,116,116,116,116,116,116,116,116,112,112,112,112,112,112,112,112,109,109,109,109,109,109,109,109,104,104,104,104,104,104,104,104,99,99,99,99,99,99,99,99,96,96,96,96,96,96,96,96

<-- VOO -->
AA0592	CPH	CTB
5	22:30
70
20
900,900,800,800
700,700,700,700,620,620,620,620
164,164,164,164,164,164,164,164,164,164,164,164,164,164,164,164,164,164,164,164,164,164,154,154,154,154,154,154,154,154,154,154,154,154,154,154,154,154,154,154,154,154,154,154,144,144,144,144,144,144,144,144,144,144,144,144,144,144,144,144,144,144,144,144,144,144,139,139,139,139,139,139,139,139,139,139,139,139,139,139,139,139,139,139,139,139,139,139,134,134,134,134,134,134,134,134,134,134,134,134,134,134,134,134,134,134,134,134,134,134,123,123,123,123,123,123,123,123,123,123,123,123,123,123,123,120,120,120,120,120,120,120,120,120,120,120,120,120,116,116,116,116,116,116,116,116,116,116,112,112,112,112,112,112,112,112,109,109,109,109,109,109,109,109,104,104,104,104,104,104,104,104,99,99,99,99,99,99,99,99,96,96,96,96,96,96,96,96

<-- VOO -->
AA0593	CTB	DUS
3	10:00
50
10
730,730,630,630
550,550,550,480,480,480
120,120,120,120,120,120,120,120,120,120,120,120,120,120,120,120,120,120,120,120,102,102,102,102,102,102,102,102,102,102,102,102,102,102,102,102,102,102,102,102,98,98,98,98,98,98,98,98,98,98,98,98,98,98,98,98,98,98,95,95,95,95,95,95,95,95,95,95,95,95,95,95,95,95,95,95,90,90,90,90,90,90,90,90,90,90,90,90,90,90,90,85,85,85,85,85,85,85,85,85,85,85,85,85,85,85,80,80,80,80,80,80,80,80,80,80,80,80,80,80,80,75,75,75,75,75,75,75,75,75,75,75,72,72,72,72,72,72,68,68,68,68,68,68,63,63,63,63,63,63,60,60,60,60,60,55,55,55,55,55

<-- VOO -->
AA0594	DUS	CTB
3	22:45
50
10
730,730,630,630
550,550,550,480,480,480
120,120,120,120,120,120,120,120,120,120,120,120,120,120,120,120,120,120,120,120,102,102,102,102,102,102,102,102,102,102,102,102,102,102,102,102,102,102,102,102,98,98,98,98,98,98,98,98,98,98,98,98,98,98,98,98,98,98,95,95,95,95,95,95,95,95,95,95,95,95,95,95,95,95,95,95,90,90,90,90,90,90,90,90,90,90,90,90,90,90,90,85,85,85,85,85,85,85,85,85,85,85,85,85,85,85,80,80,80,80,80,80,80,80,80,80,80,80,80,80,80,75,75,75,75,75,75,75,75,75,75,75,72,72,72,72,72,72,68,68,68,68,68,68,63,63,63,63,63,63,60,60,60,60,60,55,55,55,55,55

<-- VOO -->
AA0595	CTB	DUS
4	09:30
65
15
800,800,730,730
630,630,630,550,550,550
140,140,140,140,140,140,140,140,140,140,140,140,140,140,140,140,140,140,140,140,140,140,140,140,140,122,122,122,122,122,122,122,122,122,122,122,122,122,122,122,122,122,122,122,122,122,122,122,122,122,118,118,118,118,118,118,118,118,118,118,118,118,118,118,118,118,118,118,118,118,115,115,115,115,115,115,115,115,115,115,115,115,115,115,115,115,115,115,115,115,110,110,110,110,110,110,110,110,110,110,110,110,110,110,110,110,110,110,110,110,105,105,105,105,105,105,105,105,100,100,100,100,100,100,100,100,95,95,95,95,95,95,92,92,92,92,92,92,88,88,88,88,88,88,83,83,83,83,83,83,80,80,80,80,80,75,75,75,75,75

<-- VOO -->
AA0596	DUS	CTB
4	22:30
65
15
800,800,730,730
630,630,630,550,550,550
140,140,140,140,140,140,140,140,140,140,140,140,140,140,140,140,140,140,140,140,140,140,140,140,140,122,122,122,122,122,122,122,122,122,122,122,122,122,122,122,122,122,122,122,122,122,122,122,122,122,118,118,118,118,118,118,118,118,118,118,118,118,118,118,118,118,118,118,118,118,115,115,115,115,115,115,115,115,115,115,115,115,115,115,115,115,115,115,115,115,110,110,110,110,110,110,110,110,110,110,110,110,110,110,110,110,110,110,110,110,105,105,105,105,105,105,105,105,100,100,100,100,100,100,100,100,95,95,95,95,95,95,92,92,92,92,92,92,88,88,88,88,88,88,83,83,83,83,83,83,80,80,80,80,80,75,75,75,75,75

<-- VOO -->
AA0597	CTB	DUS
5	10:40
65
15
800,800,730,730
630,630,630,550,550,550
140,140,140,140,140,140,140,140,140,140,140,140,140,140,140,140,140,140,140,140,140,140,140,140,140,122,122,122,122,122,122,122,122,122,122,122,122,122,122,122,122,122,122,122,122,122,122,122,122,122,118,118,118,118,118,118,118,118,118,118,118,118,118,118,118,118,118,118,118,118,115,115,115,115,115,115,115,115,115,115,115,115,115,115,115,115,115,115,115,115,110,110,110,110,110,110,110,110,110,110,110,110,110,110,110,110,110,110,110,110,105,105,105,105,105,105,105,105,100,100,100,100,100,100,100,100,95,95,95,95,95,95,92,92,92,92,92,92,88,88,88,88,88,88,83,83,83,83,83,83,80,80,80,80,80,75,75,75,75,75

<-- VOO -->
AA0598	DUS	CTB
5	15:10
65
15
800,800,730,730
630,630,630,550,550,550
140,140,140,140,140,140,140,140,140,140,140,140,140,140,140,140,140,140,140,140,140,140,140,140,140,122,122,122,122,122,122,122,122,122,122,122,122,122,122,122,122,122,122,122,122,122,122,122,122,122,118,118,118,118,118,118,118,118,118,118,118,118,118,118,118,118,118,118,118,118,115,115,115,115,115,115,115,115,115,115,115,115,115,115,115,115,115,115,115,115,110,110,110,110,110,110,110,110,110,110,110,110,110,110,110,110,110,110,110,110,105,105,105,105,105,105,105,105,100,100,100,100,100,100,100,100,95,95,95,95,95,95,92,92,92,92,92,92,88,88,88,88,88,88,83,83,83,83,83,83,80,80,80,80,80,75,75,75,75,75

<-- VOO -->
AA0599	CTB	FRA
0	08:50
65
15
800,800,730,730
630,630,630,550,550,550
140,140,140,140,140,140,140,140,140,140,140,140,140,140,140,140,140,140,140,140,140,140,140,140,140,122,122,122,122,122,122,122,122,122,122,122,122,122,122,122,122,122,122,122,122,122,122,122,122,122,118,118,118,118,118,118,118,118,118,118,118,118,118,118,118,118,118,118,118,118,115,115,115,115,115,115,115,115,115,115,115,115,115,115,115,115,115,115,115,115,110,110,110,110,110,110,110,110,110,110,110,110,110,110,110,110,110,110,110,110,105,105,105,105,105,105,105,105,100,100,100,100,100,100,100,100,95,95,95,95,95,95,92,92,92,92,92,92,88,88,88,88,88,88,83,83,83,83,83,83,80,80,80,80,80,75,75,75,75,75

<-- VOO -->
AA0600	FRA	CTB
0	20:20
65
15
800,800,730,730
630,630,630,550,550,550
140,140,140,140,140,140,140,140,140,140,140,140,140,140,140,140,140,140,140,140,140,140,140,140,140,122,122,122,122,122,122,122,122,122,122,122,122,122,122,122,122,122,122,122,122,122,122,122,122,122,118,118,118,118,118,118,118,118,118,118,118,118,118,118,118,118,118,118,118,118,115,115,115,115,115,115,115,115,115,115,115,115,115,115,115,115,115,115,115,115,110,110,110,110,110,110,110,110,110,110,110,110,110,110,110,110,110,110,110,110,105,105,105,105,105,105,105,105,100,100,100,100,100,100,100,100,95,95,95,95,95,95,92,92,92,92,92,92,88,88,88,88,88,88,83,83,83,83,83,83,80,80,80,80,80,75,75,75,75,75

<-- VOO -->
AA0601	CTB	FRA
1	14:45
50
10
730,730,630,630
550,550,550,480,480,480
120,120,120,120,120,120,120,120,120,120,120,120,120,120,120,120,120,120,120,120,102,102,102,102,102,102,102,102,102,102,102,102,102,102,102,102,102,102,102,102,98,98,98,98,98,98,98,98,98,98,98,98,98,98,98,98,98,98,95,95,95,95,95,95,95,95,95,95,95,95,95,95,95,95,95,95,90,90,90,90,90,90,90,90,90,90,90,90,90,90,90,85,85,85,85,85,85,85,85,85,85,85,85,85,85,85,80,80,80,80,80,80,80,80,80,80,80,80,80,80,80,75,75,75,75,75,75,75,75,75,75,75,72,72,72,72,72,72,68,68,68,68,68,68,63,63,63,63,63,63,60,60,60,60,60,55,55,55,55,55

<-- VOO -->
AA0602	FRA	CTB
1	18:00
50
10
730,730,630,630
550,550,550,480,480,480
120,120,120,120,120,120,120,120,120,120,120,120,120,120,120,120,120,120,120,120,102,102,102,102,102,102,102,102,102,102,102,102,102,102,102,102,102,102,102,102,98,98,98,98,98,98,98,98,98,98,98,98,98,98,98,98,98,98,95,95,95,95,95,95,95,95,95,95,95,95,95,95,95,95,95,95,90,90,90,90,90,90,90,90,90,90,90,90,90,90,90,85,85,85,85,85,85,85,85,85,85,85,85,85,85,85,80,80,80,80,80,80,80,80,80,80,80,80,80,80,80,75,75,75,75,75,75,75,75,75,75,75,72,72,72,72,72,72,68,68,68,68,68,68,63,63,63,63,63,63,60,60,60,60,60,55,55,55,55,55

<-- VOO -->
AA0603	CTB	FRA
2	11:00
50
10
730,730,630,630
550,550,550,480,480,480
120,120,120,120,120,120,120,120,120,120,120,120,120,120,120,120,120,120,120,120,102,102,102,102,102,102,102,102,102,102,102,102,102,102,102,102,102,102,102,102,98,98,98,98,98,98,98,98,98,98,98,98,98,98,98,98,98,98,95,95,95,95,95,95,95,95,95,95,95,95,95,95,95,95,95,95,90,90,90,90,90,90,90,90,90,90,90,90,90,90,90,85,85,85,85,85,85,85,85,85,85,85,85,85,85,85,80,80,80,80,80,80,80,80,80,80,80,80,80,80,80,75,75,75,75,75,75,75,75,75,75,75,72,72,72,72,72,72,68,68,68,68,68,68,63,63,63,63,63,63,60,60,60,60,60,55,55,55,55,55

<-- VOO -->
AA0604	FRA	CTB
2	16:15
50
10
730,730,630,630
550,550,550,480,480,480
120,120,120,120,120,120,120,120,120,120,120,120,120,120,120,120,120,120,120,120,102,102,102,102,102,102,102,102,102,102,102,102,102,102,102,102,102,102,102,102,98,98,98,98,98,98,98,98,98,98,98,98,98,98,98,98,98,98,95,95,95,95,95,95,95,95,95,95,95,95,95,95,95,95,95,95,90,90,90,90,90,90,90,90,90,90,90,90,90,90,90,85,85,85,85,85,85,85,85,85,85,85,85,85,85,85,80,80,80,80,80,80,80,80,80,80,80,80,80,80,80,75,75,75,75,75,75,75,75,75,75,75,72,72,72,72,72,72,68,68,68,68,68,68,63,63,63,63,63,63,60,60,60,60,60,55,55,55,55,55

<-- VOO -->
AA0605	CTB	FRA
3	07:10
50
10
730,730,630,630
550,550,550,480,480,480
120,120,120,120,120,120,120,120,120,120,120,120,120,120,120,120,120,120,120,120,102,102,102,102,102,102,102,102,102,102,102,102,102,102,102,102,102,102,102,102,98,98,98,98,98,98,98,98,98,98,98,98,98,98,98,98,98,98,95,95,95,95,95,95,95,95,95,95,95,95,95,95,95,95,95,95,90,90,90,90,90,90,90,90,90,90,90,90,90,90,90,85,85,85,85,85,85,85,85,85,85,85,85,85,85,85,80,80,80,80,80,80,80,80,80,80,80,80,80,80,80,75,75,75,75,75,75,75,75,75,75,75,72,72,72,72,72,72,68,68,68,68,68,68,63,63,63,63,63,63,60,60,60,60,60,55,55,55,55,55

<-- VOO -->
AA0606	FRA	CTB
3	19:55
50
10
730,730,630,630
550,550,550,480,480,480
120,120,120,120,120,120,120,120,120,120,120,120,120,120,120,120,120,120,120,120,102,102,102,102,102,102,102,102,102,102,102,102,102,102,102,102,102,102,102,102,98,98,98,98,98,98,98,98,98,98,98,98,98,98,98,98,98,98,95,95,95,95,95,95,95,95,95,95,95,95,95,95,95,95,95,95,90,90,90,90,90,90,90,90,90,90,90,90,90,90,90,85,85,85,85,85,85,85,85,85,85,85,85,85,85,85,80,80,80,80,80,80,80,80,80,80,80,80,80,80,80,75,75,75,75,75,75,75,75,75,75,75,72,72,72,72,72,72,68,68,68,68,68,68,63,63,63,63,63,63,60,60,60,60,60,55,55,55,55,55

<-- VOO -->
AA0607	CTB	FRA
4	13:15
65
15
800,800,730,730
630,630,630,550,550,550
140,140,140,140,140,140,140,140,140,140,140,140,140,140,140,140,140,140,140,140,140,140,140,140,140,122,122,122,122,122,122,122,122,122,122,122,122,122,122,122,122,122,122,122,122,122,122,122,122,122,118,118,118,118,118,118,118,118,118,118,118,118,118,118,118,118,118,118,118,118,115,115,115,115,115,115,115,115,115,115,115,115,115,115,115,115,115,115,115,115,110,110,110,110,110,110,110,110,110,110,110,110,110,110,110,110,110,110,110,110,105,105,105,105,105,105,105,105,100,100,100,100,100,100,100,100,95,95,95,95,95,95,92,92,92,92,92,92,88,88,88,88,88,88,83,83,83,83,83,83,80,80,80,80,80,75,75,75,75,75

<-- VOO -->
AA0608	FRA	CTB
4	19:15
65
15
800,800,730,730
630,630,630,550,550,550
140,140,140,140,140,140,140,140,140,140,140,140,140,140,140,140,140,140,140,140,140,140,140,140,140,122,122,122,122,122,122,122,122,122,122,122,122,122,122,122,122,122,122,122,122,122,122,122,122,122,118,118,118,118,118,118,118,118,118,118,118,118,118,118,118,118,118,118,118,118,115,115,115,115,115,115,115,115,115,115,115,115,115,115,115,115,115,115,115,115,110,110,110,110,110,110,110,110,110,110,110,110,110,110,110,110,110,110,110,110,105,105,105,105,105,105,105,105,100,100,100,100,100,100,100,100,95,95,95,95,95,95,92,92,92,92,92,92,88,88,88,88,88,88,83,83,83,83,83,83,80,80,80,80,80,75,75,75,75,75

<-- VOO -->
AA0609	CTB	FRA
5	10:30
65
15
800,800,730,730
630,630,630,550,550,550
140,140,140,140,140,140,140,140,140,140,140,140,140,140,140,140,140,140,140,140,140,140,140,140,140,122,122,122,122,122,122,122,122,122,122,122,122,122,122,122,122,122,122,122,122,122,122,122,122,122,118,118,118,118,118,118,118,118,118,118,118,118,118,118,118,118,118,118,118,118,115,115,115,115,115,115,115,115,115,115,115,115,115,115,115,115,115,115,115,115,110,110,110,110,110,110,110,110,110,110,110,110,110,110,110,110,110,110,110,110,105,105,105,105,105,105,105,105,100,100,100,100,100,100,100,100,95,95,95,95,95,95,92,92,92,92,92,92,88,88,88,88,88,88,83,83,83,83,83,83,80,80,80,80,80,75,75,75,75,75

<-- VOO -->
AA0610	FRA	CTB
5	15:05
65
15
800,800,730,730
630,630,630,550,550,550
140,140,140,140,140,140,140,140,140,140,140,140,140,140,140,140,140,140,140,140,140,140,140,140,140,122,122,122,122,122,122,122,122,122,122,122,122,122,122,122,122,122,122,122,122,122,122,122,122,122,118,118,118,118,118,118,118,118,118,118,118,118,118,118,118,118,118,118,118,118,115,115,115,115,115,115,115,115,115,115,115,115,115,115,115,115,115,115,115,115,110,110,110,110,110,110,110,110,110,110,110,110,110,110,110,110,110,110,110,110,105,105,105,105,105,105,105,105,100,100,100,100,100,100,100,100,95,95,95,95,95,95,92,92,92,92,92,92,88,88,88,88,88,88,83,83,83,83,83,83,80,80,80,80,80,75,75,75,75,75

<-- VOO -->
AA0611	CTB	FRA
6	13:45
65
15
800,800,730,730
630,630,630,550,550,550
140,140,140,140,140,140,140,140,140,140,140,140,140,140,140,140,140,140,140,140,140,140,140,140,140,122,122,122,122,122,122,122,122,122,122,122,122,122,122,122,122,122,122,122,122,122,122,122,122,122,118,118,118,118,118,118,118,118,118,118,118,118,118,118,118,118,118,118,118,118,115,115,115,115,115,115,115,115,115,115,115,115,115,115,115,115,115,115,115,115,110,110,110,110,110,110,110,110,110,110,110,110,110,110,110,110,110,110,110,110,105,105,105,105,105,105,105,105,100,100,100,100,100,100,100,100,95,95,95,95,95,95,92,92,92,92,92,92,88,88,88,88,88,88,83,83,83,83,83,83,80,80,80,80,80,75,75,75,75,75

<-- VOO -->
AA0612	FRA	CTB
6	19:50
65
15
800,800,730,730
630,630,630,550,550,550
140,140,140,140,140,140,140,140,140,140,140,140,140,140,140,140,140,140,140,140,140,140,140,140,140,122,122,122,122,122,122,122,122,122,122,122,122,122,122,122,122,122,122,122,122,122,122,122,122,122,118,118,118,118,118,118,118,118,118,118,118,118,118,118,118,118,118,118,118,118,115,115,115,115,115,115,115,115,115,115,115,115,115,115,115,115,115,115,115,115,110,110,110,110,110,110,110,110,110,110,110,110,110,110,110,110,110,110,110,110,105,105,105,105,105,105,105,105,100,100,100,100,100,100,100,100,95,95,95,95,95,95,92,92,92,92,92,92,88,88,88,88,88,88,83,83,83,83,83,83,80,80,80,80,80,75,75,75,75,75

<-- VOO -->
AA0613	CTB	FCO
0	10:35
70
20
900,900,800,800
700,700,700,700,620,620,620,620
164,164,164,164,164,164,164,164,164,164,164,164,164,164,164,164,164,164,164,164,164,164,154,154,154,154,154,154,154,154,154,154,154,154,154,154,154,154,154,154,154,154,154,154,144,144,144,144,144,144,144,144,144,144,144,144,144,144,144,144,144,144,144,144,144,144,139,139,139,139,139,139,139,139,139,139,139,139,139,139,139,139,139,139,139,139,139,139,134,134,134,134,134,134,134,134,134,134,134,134,134,134,134,134,134,134,134,134,134,134,123,123,123,123,123,123,123,123,123,123,123,123,123,123,123,120,120,120,120,120,120,120,120,120,120,120,120,120,116,116,116,116,116,116,116,116,116,116,112,112,112,112,112,112,112,112,109,109,109,109,109,109,109,109,104,104,104,104,104,104,104,104,99,99,99,99,99,99,99,99,96,96,96,96,96,96,96,96

<-- VOO -->
AA0614	FCO	CTB
0	19:40
70
20
900,900,800,800
700,700,700,700,620,620,620,620
164,164,164,164,164,164,164,164,164,164,164,164,164,164,164,164,164,164,164,164,164,164,154,154,154,154,154,154,154,154,154,154,154,154,154,154,154,154,154,154,154,154,154,154,144,144,144,144,144,144,144,144,144,144,144,144,144,144,144,144,144,144,144,144,144,144,139,139,139,139,139,139,139,139,139,139,139,139,139,139,139,139,139,139,139,139,139,139,134,134,134,134,134,134,134,134,134,134,134,134,134,134,134,134,134,134,134,134,134,134,123,123,123,123,123,123,123,123,123,123,123,123,123,123,123,120,120,120,120,120,120,120,120,120,120,120,120,120,116,116,116,116,116,116,116,116,116,116,112,112,112,112,112,112,112,112,109,109,109,109,109,109,109,109,104,104,104,104,104,104,104,104,99,99,99,99,99,99,99,99,96,96,96,96,96,96,96,96

<-- VOO -->
AA0615	CTB	FCO
1	13:55
50
15
780,780,700,700
620,620,620,620,550,550,550,550
140,140,140,140,140,140,140,140,140,140,140,140,140,140,140,140,140,140,140,140,140,140,130,130,130,130,130,130,130,130,130,130,130,130,130,130,130,130,130,130,130,130,120,120,120,120,120,120,120,120,120,120,120,120,120,120,120,120,120,120,120,120,115,115,115,115,115,115,115,115,115,115,115,115,115,115,115,115,115,115,115,115,110,110,110,110,110,110,110,110,110,110,110,110,110,110,110,110,110,110,110,110,99,99,99,99,99,99,99,99,99,99,99,99,99,99,99,96,96,96,96,96,96,96,96,96,96,96,96,96,96,96,92,92,92,92,92,92,92,92,92,92,88,88,88,88,88,88,88,88,88,88,85,85,85,85,85,85,85,85,85,85,80,80,80,80,80,80,80,80,80,80,75,75,75,75,75,75,75,75,72,72,72,72,72,72,72,72

<-- VOO -->
AA0616	FCO	CTB
1	17:45
50
15
780,780,700,700
620,620,620,620,550,550,550,550
140,140,140,140,140,140,140,140,140,140,140,140,140,140,140,140,140,140,140,140,140,140,130,130,130,130,130,130,130,130,130,130,130,130,130,130,130,130,130,130,130,130,120,120,120,120,120,120,120,120,120,120,120,120,120,120,120,120,120,120,120,120,115,115,115,115,115,115,115,115,115,115,115,115,115,115,115,115,115,115,115,115,110,110,110,110,110,110,110,110,110,110,110,110,110,110,110,110,110,110,110,110,99,99,99,99,99,99,99,99,99,99,99,99,99,99,99,96,96,96,96,96,96,96,96,96,96,96,96,96,96,96,92,92,92,92,92,92,92,92,92,92,88,88,88,88,88,88,88,88,88,88,85,85,85,85,85,85,85,85,85,85,80,80,80,80,80,80,80,80,80,80,75,75,75,75,75,75,75,75,72,72,72,72,72,72,72,72

<-- VOO -->
AA0617	CTB	FCO
2	12:25
50
15
780,780,700,700
620,620,620,620,550,550,550,550
140,140,140,140,140,140,140,140,140,140,140,140,140,140,140,140,140,140,140,140,140,140,130,130,130,130,130,130,130,130,130,130,130,130,130,130,130,130,130,130,130,130,120,120,120,120,120,120,120,120,120,120,120,120,120,120,120,120,120,120,120,120,115,115,115,115,115,115,115,115,115,115,115,115,115,115,115,115,115,115,115,115,110,110,110,110,110,110,110,110,110,110,110,110,110,110,110,110,110,110,110,110,99,99,99,99,99,99,99,99,99,99,99,99,99,99,99,96,96,96,96,96,96,96,96,96,96,96,96,96,96,96,92,92,92,92,92,92,92,92,92,92,88,88,88,88,88,88,88,88,88,88,85,85,85,85,85,85,85,85,85,85,80,80,80,80,80,80,80,80,80,80,75,75,75,75,75,75,75,75,72,72,72,72,72,72,72,72

<-- VOO -->
AA0618	FCO	CTB
2	16:10
50
15
780,780,700,700
620,620,620,620,550,550,550,550
140,140,140,140,140,140,140,140,140,140,140,140,140,140,140,140,140,140,140,140,140,140,130,130,130,130,130,130,130,130,130,130,130,130,130,130,130,130,130,130,130,130,120,120,120,120,120,120,120,120,120,120,120,120,120,120,120,120,120,120,120,120,115,115,115,115,115,115,115,115,115,115,115,115,115,115,115,115,115,115,115,115,110,110,110,110,110,110,110,110,110,110,110,110,110,110,110,110,110,110,110,110,99,99,99,99,99,99,99,99,99,99,99,99,99,99,99,96,96,96,96,96,96,96,96,96,96,96,96,96,96,96,92,92,92,92,92,92,92,92,92,92,88,88,88,88,88,88,88,88,88,88,85,85,85,85,85,85,85,85,85,85,80,80,80,80,80,80,80,80,80,80,75,75,75,75,75,75,75,75,72,72,72,72,72,72,72,72

<-- VOO -->
AA0619	CTB	FCO
3	06:00
50
15
780,780,700,700
620,620,620,620,550,550,550,550
140,140,140,140,140,140,140,140,140,140,140,140,140,140,140,140,140,140,140,140,140,140,130,130,130,130,130,130,130,130,130,130,130,130,130,130,130,130,130,130,130,130,120,120,120,120,120,120,120,120,120,120,120,120,120,120,120,120,120,120,120,120,115,115,115,115,115,115,115,115,115,115,115,115,115,115,115,115,115,115,115,115,110,110,110,110,110,110,110,110,110,110,110,110,110,110,110,110,110,110,110,110,99,99,99,99,99,99,99,99,99,99,99,99,99,99,99,96,96,96,96,96,96,96,96,96,96,96,96,96,96,96,92,92,92,92,92,92,92,92,92,92,88,88,88,88,88,88,88,88,88,88,85,85,85,85,85,85,85,85,85,85,80,80,80,80,80,80,80,80,80,80,75,75,75,75,75,75,75,75,72,72,72,72,72,72,72,72

<-- VOO -->
AA0620	FCO	CTB
3	22:05
50
15
780,780,700,700
620,620,620,620,550,550,550,550
140,140,140,140,140,140,140,140,140,140,140,140,140,140,140,140,140,140,140,140,140,140,130,130,130,130,130,130,130,130,130,130,130,130,130,130,130,130,130,130,130,130,120,120,120,120,120,120,120,120,120,120,120,120,120,120,120,120,120,120,120,120,115,115,115,115,115,115,115,115,115,115,115,115,115,115,115,115,115,115,115,115,110,110,110,110,110,110,110,110,110,110,110,110,110,110,110,110,110,110,110,110,99,99,99,99,99,99,99,99,99,99,99,99,99,99,99,96,96,96,96,96,96,96,96,96,96,96,96,96,96,96,92,92,92,92,92,92,92,92,92,92,88,88,88,88,88,88,88,88,88,88,85,85,85,85,85,85,85,85,85,85,80,80,80,80,80,80,80,80,80,80,75,75,75,75,75,75,75,75,72,72,72,72,72,72,72,72

<-- VOO -->
AA0621	CTB	FCO
4	12:30
70
20
900,900,800,800
700,700,700,700,620,620,620,620
164,164,164,164,164,164,164,164,164,164,164,164,164,164,164,164,164,164,164,164,164,164,154,154,154,154,154,154,154,154,154,154,154,154,154,154,154,154,154,154,154,154,154,154,144,144,144,144,144,144,144,144,144,144,144,144,144,144,144,144,144,144,144,144,144,144,139,139,139,139,139,139,139,139,139,139,139,139,139,139,139,139,139,139,139,139,139,139,134,134,134,134,134,134,134,134,134,134,134,134,134,134,134,134,134,134,134,134,134,134,123,123,123,123,123,123,123,123,123,123,123,123,123,123,123,120,120,120,120,120,120,120,120,120,120,120,120,120,116,116,116,116,116,116,116,116,116,116,112,112,112,112,112,112,112,112,109,109,109,109,109,109,109,109,104,104,104,104,104,104,104,104,99,99,99,99,99,99,99,99,96,96,96,96,96,96,96,96

<-- VOO -->
AA0622	FCO	CTB
4	17:55
70
20
900,900,800,800
700,700,700,700,620,620,620,620
164,164,164,164,164,164,164,164,164,164,164,164,164,164,164,164,164,164,164,164,164,164,154,154,154,154,154,154,154,154,154,154,154,154,154,154,154,154,154,154,154,154,154,154,144,144,144,144,144,144,144,144,144,144,144,144,144,144,144,144,144,144,144,144,144,144,139,139,139,139,139,139,139,139,139,139,139,139,139,139,139,139,139,139,139,139,139,139,134,134,134,134,134,134,134,134,134,134,134,134,134,134,134,134,134,134,134,134,134,134,123,123,123,123,123,123,123,123,123,123,123,123,123,123,123,120,120,120,120,120,120,120,120,120,120,120,120,120,116,116,116,116,116,116,116,116,116,116,112,112,112,112,112,112,112,112,109,109,109,109,109,109,109,109,104,104,104,104,104,104,104,104,99,99,99,99,99,99,99,99,96,96,96,96,96,96,96,96

<-- VOO -->
AA0623	CTB	FCO
5	06:10
70
20
900,900,800,800
700,700,700,700,620,620,620,620
164,164,164,164,164,164,164,164,164,164,164,164,164,164,164,164,164,164,164,164,164,164,154,154,154,154,154,154,154,154,154,154,154,154,154,154,154,154,154,154,154,154,154,154,144,144,144,144,144,144,144,144,144,144,144,144,144,144,144,144,144,144,144,144,144,144,139,139,139,139,139,139,139,139,139,139,139,139,139,139,139,139,139,139,139,139,139,139,134,134,134,134,134,134,134,134,134,134,134,134,134,134,134,134,134,134,134,134,134,134,123,123,123,123,123,123,123,123,123,123,123,123,123,123,123,120,120,120,120,120,120,120,120,120,120,120,120,120,116,116,116,116,116,116,116,116,116,116,112,112,112,112,112,112,112,112,109,109,109,109,109,109,109,109,104,104,104,104,104,104,104,104,99,99,99,99,99,99,99,99,96,96,96,96,96,96,96,96

<-- VOO -->
AA0624	FCO	CTB
5	20:50
70
20
900,900,800,800
700,700,700,700,620,620,620,620
164,164,164,164,164,164,164,164,164,164,164,164,164,164,164,164,164,164,164,164,164,164,154,154,154,154,154,154,154,154,154,154,154,154,154,154,154,154,154,154,154,154,154,154,144,144,144,144,144,144,144,144,144,144,144,144,144,144,144,144,144,144,144,144,144,144,139,139,139,139,139,139,139,139,139,139,139,139,139,139,139,139,139,139,139,139,139,139,134,134,134,134,134,134,134,134,134,134,134,134,134,134,134,134,134,134,134,134,134,134,123,123,123,123,123,123,123,123,123,123,123,123,123,123,123,120,120,120,120,120,120,120,120,120,120,120,120,120,116,116,116,116,116,116,116,116,116,116,112,112,112,112,112,112,112,112,109,109,109,109,109,109,109,109,104,104,104,104,104,104,104,104,99,99,99,99,99,99,99,99,96,96,96,96,96,96,96,96

<-- VOO -->
AA0625	CTB	FCO
6	12:15
70
20
900,900,800,800
700,700,700,700,620,620,620,620
164,164,164,164,164,164,164,164,164,164,164,164,164,164,164,164,164,164,164,164,164,164,154,154,154,154,154,154,154,154,154,154,154,154,154,154,154,154,154,154,154,154,154,154,144,144,144,144,144,144,144,144,144,144,144,144,144,144,144,144,144,144,144,144,144,144,139,139,139,139,139,139,139,139,139,139,139,139,139,139,139,139,139,139,139,139,139,139,134,134,134,134,134,134,134,134,134,134,134,134,134,134,134,134,134,134,134,134,134,134,123,123,123,123,123,123,123,123,123,123,123,123,123,123,123,120,120,120,120,120,120,120,120,120,120,120,120,120,116,116,116,116,116,116,116,116,116,116,112,112,112,112,112,112,112,112,109,109,109,109,109,109,109,109,104,104,104,104,104,104,104,104,99,99,99,99,99,99,99,99,96,96,96,96,96,96,96,96

<-- VOO -->
AA0626	FCO	CTB
6	20:45
70
20
900,900,800,800
700,700,700,700,620,620,620,620
164,164,164,164,164,164,164,164,164,164,164,164,164,164,164,164,164,164,164,164,164,164,154,154,154,154,154,154,154,154,154,154,154,154,154,154,154,154,154,154,154,154,154,154,144,144,144,144,144,144,144,144,144,144,144,144,144,144,144,144,144,144,144,144,144,144,139,139,139,139,139,139,139,139,139,139,139,139,139,139,139,139,139,139,139,139,139,139,134,134,134,134,134,134,134,134,134,134,134,134,134,134,134,134,134,134,134,134,134,134,123,123,123,123,123,123,123,123,123,123,123,123,123,123,123,120,120,120,120,120,120,120,120,120,120,120,120,120,116,116,116,116,116,116,116,116,116,116,112,112,112,112,112,112,112,112,109,109,109,109,109,109,109,109,104,104,104,104,104,104,104,104,99,99,99,99,99,99,99,99,96,96,96,96,96,96,96,96

<-- VOO -->
AA0627	CTB	LHR
0	07:40
65
15
800,800,730,730
630,630,630,550,550,550
140,140,140,140,140,140,140,140,140,140,140,140,140,140,140,140,140,140,140,140,140,140,140,140,140,122,122,122,122,122,122,122,122,122,122,122,122,122,122,122,122,122,122,122,122,122,122,122,122,122,118,118,118,118,118,118,118,118,118,118,118,118,118,118,118,118,118,118,118,118,115,115,115,115,115,115,115,115,115,115,115,115,115,115,115,115,115,115,115,115,110,110,110,110,110,110,110,110,110,110,110,110,110,110,110,110,110,110,110,110,105,105,105,105,105,105,105,105,100,100,100,100,100,100,100,100,95,95,95,95,95,95,92,92,92,92,92,92,88,88,88,88,88,88,83,83,83,83,83,83,80,80,80,80,80,75,75,75,75,75

<-- VOO -->
AA0628	LHR	CTB
0	16:40
65
15
800,800,730,730
630,630,630,550,550,550
140,140,140,140,140,140,140,140,140,140,140,140,140,140,140,140,140,140,140,140,140,140,140,140,140,122,122,122,122,122,122,122,122,122,122,122,122,122,122,122,122,122,122,122,122,122,122,122,122,122,118,118,118,118,118,118,118,118,118,118,118,118,118,118,118,118,118,118,118,118,115,115,115,115,115,115,115,115,115,115,115,115,115,115,115,115,115,115,115,115,110,110,110,110,110,110,110,110,110,110,110,110,110,110,110,110,110,110,110,110,105,105,105,105,105,105,105,105,100,100,100,100,100,100,100,100,95,95,95,95,95,95,92,92,92,92,92,92,88,88,88,88,88,88,83,83,83,83,83,83,80,80,80,80,80,75,75,75,75,75

<-- VOO -->
AA0629	CTB	LHR
1	11:50
50
10
730,730,630,630
550,550,550,480,480,480
120,120,120,120,120,120,120,120,120,120,120,120,120,120,120,120,120,120,120,120,102,102,102,102,102,102,102,102,102,102,102,102,102,102,102,102,102,102,102,102,98,98,98,98,98,98,98,98,98,98,98,98,98,98,98,98,98,98,95,95,95,95,95,95,95,95,95,95,95,95,95,95,95,95,95,95,90,90,90,90,90,90,90,90,90,90,90,90,90,90,90,85,85,85,85,85,85,85,85,85,85,85,85,85,85,85,80,80,80,80,80,80,80,80,80,80,80,80,80,80,80,75,75,75,75,75,75,75,75,75,75,75,72,72,72,72,72,72,68,68,68,68,68,68,63,63,63,63,63,63,60,60,60,60,60,55,55,55,55,55

<-- VOO -->
AA0630	LHR	CTB
1	18:10
50
10
730,730,630,630
550,550,550,480,480,480
120,120,120,120,120,120,120,120,120,120,120,120,120,120,120,120,120,120,120,120,102,102,102,102,102,102,102,102,102,102,102,102,102,102,102,102,102,102,102,102,98,98,98,98,98,98,98,98,98,98,98,98,98,98,98,98,98,98,95,95,95,95,95,95,95,95,95,95,95,95,95,95,95,95,95,95,90,90,90,90,90,90,90,90,90,90,90,90,90,90,90,85,85,85,85,85,85,85,85,85,85,85,85,85,85,85,80,80,80,80,80,80,80,80,80,80,80,80,80,80,80,75,75,75,75,75,75,75,75,75,75,75,72,72,72,72,72,72,68,68,68,68,68,68,63,63,63,63,63,63,60,60,60,60,60,55,55,55,55,55

<-- VOO -->
AA0631	CTB	LHR
2	07:35
50
10
730,730,630,630
550,550,550,480,480,480
120,120,120,120,120,120,120,120,120,120,120,120,120,120,120,120,120,120,120,120,102,102,102,102,102,102,102,102,102,102,102,102,102,102,102,102,102,102,102,102,98,98,98,98,98,98,98,98,98,98,98,98,98,98,98,98,98,98,95,95,95,95,95,95,95,95,95,95,95,95,95,95,95,95,95,95,90,90,90,90,90,90,90,90,90,90,90,90,90,90,90,85,85,85,85,85,85,85,85,85,85,85,85,85,85,85,80,80,80,80,80,80,80,80,80,80,80,80,80,80,80,75,75,75,75,75,75,75,75,75,75,75,72,72,72,72,72,72,68,68,68,68,68,68,63,63,63,63,63,63,60,60,60,60,60,55,55,55,55,55

<-- VOO -->
AA0632	LHR	CTB
2	17:15
50
10
730,730,630,630
550,550,550,480,480,480
120,120,120,120,120,120,120,120,120,120,120,120,120,120,120,120,120,120,120,120,102,102,102,102,102,102,102,102,102,102,102,102,102,102,102,102,102,102,102,102,98,98,98,98,98,98,98,98,98,98,98,98,98,98,98,98,98,98,95,95,95,95,95,95,95,95,95,95,95,95,95,95,95,95,95,95,90,90,90,90,90,90,90,90,90,90,90,90,90,90,90,85,85,85,85,85,85,85,85,85,85,85,85,85,85,85,80,80,80,80,80,80,80,80,80,80,80,80,80,80,80,75,75,75,75,75,75,75,75,75,75,75,72,72,72,72,72,72,68,68,68,68,68,68,63,63,63,63,63,63,60,60,60,60,60,55,55,55,55,55

<-- VOO -->
AA0633	CTB	LHR
3	07:45
50
10
730,730,630,630
550,550,550,480,480,480
120,120,120,120,120,120,120,120,120,120,120,120,120,120,120,120,120,120,120,120,102,102,102,102,102,102,102,102,102,102,102,102,102,102,102,102,102,102,102,102,98,98,98,98,98,98,98,98,98,98,98,98,98,98,98,98,98,98,95,95,95,95,95,95,95,95,95,95,95,95,95,95,95,95,95,95,90,90,90,90,90,90,90,90,90,90,90,90,90,90,90,85,85,85,85,85,85,85,85,85,85,85,85,85,85,85,80,80,80,80,80,80,80,80,80,80,80,80,80,80,80,75,75,75,75,75,75,75,75,75,75,75,72,72,72,72,72,72,68,68,68,68,68,68,63,63,63,63,63,63,60,60,60,60,60,55,55,55,55,55

<-- VOO -->
AA0634	LHR	CTB
3	21:25
50
10
730,730,630,630
550,550,550,480,480,480
120,120,120,120,120,120,120,120,120,120,120,120,120,120,120,120,120,120,120,120,102,102,102,102,102,102,102,102,102,102,102,102,102,102,102,102,102,102,102,102,98,98,98,98,98,98,98,98,98,98,98,98,98,98,98,98,98,98,95,95,95,95,95,95,95,95,95,95,95,95,95,95,95,95,95,95,90,90,90,90,90,90,90,90,90,90,90,90,90,90,90,85,85,85,85,85,85,85,85,85,85,85,85,85,85,85,80,80,80,80,80,80,80,80,80,80,80,80,80,80,80,75,75,75,75,75,75,75,75,75,75,75,72,72,72,72,72,72,68,68,68,68,68,68,63,63,63,63,63,63,60,60,60,60,60,55,55,55,55,55

<-- VOO -->
AA0635	CTB	LHR
4	12:00
65
15
800,800,730,730
630,630,630,550,550,550
140,140,140,140,140,140,140,140,140,140,140,140,140,140,140,140,140,140,140,140,140,140,140,140,140,122,122,122,122,122,122,122,122,122,122,122,122,122,122,122,122,122,122,122,122,122,122,122,122,122,118,118,118,118,118,118,118,118,118,118,118,118,118,118,118,118,118,118,118,118,115,115,115,115,115,115,115,115,115,115,115,115,115,115,115,115,115,115,115,115,110,110,110,110,110,110,110,110,110,110,110,110,110,110,110,110,110,110,110,110,105,105,105,105,105,105,105,105,100,100,100,100,100,100,100,100,95,95,95,95,95,95,92,92,92,92,92,92,88,88,88,88,88,88,83,83,83,83,83,83,80,80,80,80,80,75,75,75,75,75

<-- VOO -->
AA0636	LHR	CTB
4	22:50
65
15
800,800,730,730
630,630,630,550,550,550
140,140,140,140,140,140,140,140,140,140,140,140,140,140,140,140,140,140,140,140,140,140,140,140,140,122,122,122,122,122,122,122,122,122,122,122,122,122,122,122,122,122,122,122,122,122,122,122,122,122,118,118,118,118,118,118,118,118,118,118,118,118,118,118,118,118,118,118,118,118,115,115,115,115,115,115,115,115,115,115,115,115,115,115,115,115,115,115,115,115,110,110,110,110,110,110,110,110,110,110,110,110,110,110,110,110,110,110,110,110,105,105,105,105,105,105,105,105,100,100,100,100,100,100,100,100,95,95,95,95,95,95,92,92,92,92,92,92,88,88,88,88,88,88,83,83,83,83,83,83,80,80,80,80,80,75,75,75,75,75

<-- VOO -->
AA0637	CTB	LHR
5	09:15
65
15
800,800,730,730
630,630,630,550,550,550
140,140,140,140,140,140,140,140,140,140,140,140,140,140,140,140,140,140,140,140,140,140,140,140,140,122,122,122,122,122,122,122,122,122,122,122,122,122,122,122,122,122,122,122,122,122,122,122,122,122,118,118,118,118,118,118,118,118,118,118,118,118,118,118,118,118,118,118,118,118,115,115,115,115,115,115,115,115,115,115,115,115,115,115,115,115,115,115,115,115,110,110,110,110,110,110,110,110,110,110,110,110,110,110,110,110,110,110,110,110,105,105,105,105,105,105,105,105,100,100,100,100,100,100,100,100,95,95,95,95,95,95,92,92,92,92,92,92,88,88,88,88,88,88,83,83,83,83,83,83,80,80,80,80,80,75,75,75,75,75

<-- VOO -->
AA0638	LHR	CTB
5	16:55
65
15
800,800,730,730
630,630,630,550,550,550
140,140,140,140,140,140,140,140,140,140,140,140,140,140,140,140,140,140,140,140,140,140,140,140,140,122,122,122,122,122,122,122,122,122,122,122,122,122,122,122,122,122,122,122,122,122,122,122,122,122,118,118,118,118,118,118,118,118,118,118,118,118,118,118,118,118,118,118,118,118,115,115,115,115,115,115,115,115,115,115,115,115,115,115,115,115,115,115,115,115,110,110,110,110,110,110,110,110,110,110,110,110,110,110,110,110,110,110,110,110,105,105,105,105,105,105,105,105,100,100,100,100,100,100,100,100,95,95,95,95,95,95,92,92,92,92,92,92,88,88,88,88,88,88,83,83,83,83,83,83,80,80,80,80,80,75,75,75,75,75

<-- VOO -->
AA0639	CTB	LHR
6	09:10
65
15
800,800,730,730
630,630,630,550,550,550
140,140,140,140,140,140,140,140,140,140,140,140,140,140,140,140,140,140,140,140,140,140,140,140,140,122,122,122,122,122,122,122,122,122,122,122,122,122,122,122,122,122,122,122,122,122,122,122,122,122,118,118,118,118,118,118,118,118,118,118,118,118,118,118,118,118,118,118,118,118,115,115,115,115,115,115,115,115,115,115,115,115,115,115,115,115,115,115,115,115,110,110,110,110,110,110,110,110,110,110,110,110,110,110,110,110,110,110,110,110,105,105,105,105,105,105,105,105,100,100,100,100,100,100,100,100,95,95,95,95,95,95,92,92,92,92,92,92,88,88,88,88,88,88,83,83,83,83,83,83,80,80,80,80,80,75,75,75,75,75

<-- VOO -->
AA0640	LHR	CTB
6	21:30
65
15
800,800,730,730
630,630,630,550,550,550
140,140,140,140,140,140,140,140,140,140,140,140,140,140,140,140,140,140,140,140,140,140,140,140,140,122,122,122,122,122,122,122,122,122,122,122,122,122,122,122,122,122,122,122,122,122,122,122,122,122,118,118,118,118,118,118,118,118,118,118,118,118,118,118,118,118,118,118,118,118,115,115,115,115,115,115,115,115,115,115,115,115,115,115,115,115,115,115,115,115,110,110,110,110,110,110,110,110,110,110,110,110,110,110,110,110,110,110,110,110,105,105,105,105,105,105,105,105,100,100,100,100,100,100,100,100,95,95,95,95,95,95,92,92,92,92,92,92,88,88,88,88,88,88,83,83,83,83,83,83,80,80,80,80,80,75,75,75,75,75

<-- VOO -->
AA0641	CTB	LTN
0	09:05
65
15
800,800,730,730
630,630,630,550,550,550
140,140,140,140,140,140,140,140,140,140,140,140,140,140,140,140,140,140,140,140,140,140,140,140,140,122,122,122,122,122,122,122,122,122,122,122,122,122,122,122,122,122,122,122,122,122,122,122,122,122,118,118,118,118,118,118,118,118,118,118,118,118,118,118,118,118,118,118,118,118,115,115,115,115,115,115,115,115,115,115,115,115,115,115,115,115,115,115,115,115,110,110,110,110,110,110,110,110,110,110,110,110,110,110,110,110,110,110,110,110,105,105,105,105,105,105,105,105,100,100,100,100,100,100,100,100,95,95,95,95,95,95,92,92,92,92,92,92,88,88,88,88,88,88,83,83,83,83,83,83,80,80,80,80,80,75,75,75,75,75

<-- VOO -->
AA0642	LTN	CTB
0	18:50
65
15
800,800,730,730
630,630,630,550,550,550
140,140,140,140,140,140,140,140,140,140,140,140,140,140,140,140,140,140,140,140,140,140,140,140,140,122,122,122,122,122,122,122,122,122,122,122,122,122,122,122,122,122,122,122,122,122,122,122,122,122,118,118,118,118,118,118,118,118,118,118,118,118,118,118,118,118,118,118,118,118,115,115,115,115,115,115,115,115,115,115,115,115,115,115,115,115,115,115,115,115,110,110,110,110,110,110,110,110,110,110,110,110,110,110,110,110,110,110,110,110,105,105,105,105,105,105,105,105,100,100,100,100,100,100,100,100,95,95,95,95,95,95,92,92,92,92,92,92,88,88,88,88,88,88,83,83,83,83,83,83,80,80,80,80,80,75,75,75,75,75

<-- VOO -->
AA0643	CTB	LTN
4	06:25
65
15
800,800,730,730
630,630,630,550,550,550
140,140,140,140,140,140,140,140,140,140,140,140,140,140,140,140,140,140,140,140,140,140,140,140,140,122,122,122,122,122,122,122,122,122,122,122,122,122,122,122,122,122,122,122,122,122,122,122,122,122,118,118,118,118,118,118,118,118,118,118,118,118,118,118,118,118,118,118,118,118,115,115,115,115,115,115,115,115,115,115,115,115,115,115,115,115,115,115,115,115,110,110,110,110,110,110,110,110,110,110,110,110,110,110,110,110,110,110,110,110,105,105,105,105,105,105,105,105,100,100,100,100,100,100,100,100,95,95,95,95,95,95,92,92,92,92,92,92,88,88,88,88,88,88,83,83,83,83,83,83,80,80,80,80,80,75,75,75,75,75

<-- VOO -->
AA0644	LTN	CTB
4	19:30
65
15
800,800,730,730
630,630,630,550,550,550
140,140,140,140,140,140,140,140,140,140,140,140,140,140,140,140,140,140,140,140,140,140,140,140,140,122,122,122,122,122,122,122,122,122,122,122,122,122,122,122,122,122,122,122,122,122,122,122,122,122,118,118,118,118,118,118,118,118,118,118,118,118,118,118,118,118,118,118,118,118,115,115,115,115,115,115,115,115,115,115,115,115,115,115,115,115,115,115,115,115,110,110,110,110,110,110,110,110,110,110,110,110,110,110,110,110,110,110,110,110,105,105,105,105,105,105,105,105,100,100,100,100,100,100,100,100,95,95,95,95,95,95,92,92,92,92,92,92,88,88,88,88,88,88,83,83,83,83,83,83,80,80,80,80,80,75,75,75,75,75

<-- VOO -->
AA0645	CTB	LTN
5	14:55
65
15
800,800,730,730
630,630,630,550,550,550
140,140,140,140,140,140,140,140,140,140,140,140,140,140,140,140,140,140,140,140,140,140,140,140,140,122,122,122,122,122,122,122,122,122,122,122,122,122,122,122,122,122,122,122,122,122,122,122,122,122,118,118,118,118,118,118,118,118,118,118,118,118,118,118,118,118,118,118,118,118,115,115,115,115,115,115,115,115,115,115,115,115,115,115,115,115,115,115,115,115,110,110,110,110,110,110,110,110,110,110,110,110,110,110,110,110,110,110,110,110,105,105,105,105,105,105,105,105,100,100,100,100,100,100,100,100,95,95,95,95,95,95,92,92,92,92,92,92,88,88,88,88,88,88,83,83,83,83,83,83,80,80,80,80,80,75,75,75,75,75

<-- VOO -->
AA0646	LTN	CTB
5	19:45
65
15
800,800,730,730
630,630,630,550,550,550
140,140,140,140,140,140,140,140,140,140,140,140,140,140,140,140,140,140,140,140,140,140,140,140,140,122,122,122,122,122,122,122,122,122,122,122,122,122,122,122,122,122,122,122,122,122,122,122,122,122,118,118,118,118,118,118,118,118,118,118,118,118,118,118,118,118,118,118,118,118,115,115,115,115,115,115,115,115,115,115,115,115,115,115,115,115,115,115,115,115,110,110,110,110,110,110,110,110,110,110,110,110,110,110,110,110,110,110,110,110,105,105,105,105,105,105,105,105,100,100,100,100,100,100,100,100,95,95,95,95,95,95,92,92,92,92,92,92,88,88,88,88,88,88,83,83,83,83,83,83,80,80,80,80,80,75,75,75,75,75

<-- VOO -->
AA0647	CTB	LTN
6	07:05
65
15
800,800,730,730
630,630,630,550,550,550
140,140,140,140,140,140,140,140,140,140,140,140,140,140,140,140,140,140,140,140,140,140,140,140,140,122,122,122,122,122,122,122,122,122,122,122,122,122,122,122,122,122,122,122,122,122,122,122,122,122,118,118,118,118,118,118,118,118,118,118,118,118,118,118,118,118,118,118,118,118,115,115,115,115,115,115,115,115,115,115,115,115,115,115,115,115,115,115,115,115,110,110,110,110,110,110,110,110,110,110,110,110,110,110,110,110,110,110,110,110,105,105,105,105,105,105,105,105,100,100,100,100,100,100,100,100,95,95,95,95,95,95,92,92,92,92,92,92,88,88,88,88,88,88,83,83,83,83,83,83,80,80,80,80,80,75,75,75,75,75

<-- VOO -->
AA0648	LTN	CTB
6	18:35
65
15
800,800,730,730
630,630,630,550,550,550
140,140,140,140,140,140,140,140,140,140,140,140,140,140,140,140,140,140,140,140,140,140,140,140,140,122,122,122,122,122,122,122,122,122,122,122,122,122,122,122,122,122,122,122,122,122,122,122,122,122,118,118,118,118,118,118,118,118,118,118,118,118,118,118,118,118,118,118,118,118,115,115,115,115,115,115,115,115,115,115,115,115,115,115,115,115,115,115,115,115,110,110,110,110,110,110,110,110,110,110,110,110,110,110,110,110,110,110,110,110,105,105,105,105,105,105,105,105,100,100,100,100,100,100,100,100,95,95,95,95,95,95,92,92,92,92,92,92,88,88,88,88,88,88,83,83,83,83,83,83,80,80,80,80,80,75,75,75,75,75

<-- VOO -->
AA0649	CTB	MAD
0	09:10
65
15
800,800,730,730
630,630,630,550,550,550
140,140,140,140,140,140,140,140,140,140,140,140,140,140,140,140,140,140,140,140,140,140,140,140,140,122,122,122,122,122,122,122,122,122,122,122,122,122,122,122,122,122,122,122,122,122,122,122,122,122,118,118,118,118,118,118,118,118,118,118,118,118,118,118,118,118,118,118,118,118,115,115,115,115,115,115,115,115,115,115,115,115,115,115,115,115,115,115,115,115,110,110,110,110,110,110,110,110,110,110,110,110,110,110,110,110,110,110,110,110,105,105,105,105,105,105,105,105,100,100,100,100,100,100,100,100,95,95,95,95,95,95,92,92,92,92,92,92,88,88,88,88,88,88,83,83,83,83,83,83,80,80,80,80,80,75,75,75,75,75

<-- VOO -->
AA0650	MAD	CTB
0	16:50
65
15
800,800,730,730
630,630,630,550,550,550
140,140,140,140,140,140,140,140,140,140,140,140,140,140,140,140,140,140,140,140,140,140,140,140,140,122,122,122,122,122,122,122,122,122,122,122,122,122,122,122,122,122,122,122,122,122,122,122,122,122,118,118,118,118,118,118,118,118,118,118,118,118,118,118,118,118,118,118,118,118,115,115,115,115,115,115,115,115,115,115,115,115,115,115,115,115,115,115,115,115,110,110,110,110,110,110,110,110,110,110,110,110,110,110,110,110,110,110,110,110,105,105,105,105,105,105,105,105,100,100,100,100,100,100,100,100,95,95,95,95,95,95,92,92,92,92,92,92,88,88,88,88,88,88,83,83,83,83,83,83,80,80,80,80,80,75,75,75,75,75

<-- VOO -->
AA0651	CTB	MAD
1	13:35
50
10
730,730,630,630
550,550,550,480,480,480
120,120,120,120,120,120,120,120,120,120,120,120,120,120,120,120,120,120,120,120,102,102,102,102,102,102,102,102,102,102,102,102,102,102,102,102,102,102,102,102,98,98,98,98,98,98,98,98,98,98,98,98,98,98,98,98,98,98,95,95,95,95,95,95,95,95,95,95,95,95,95,95,95,95,95,95,90,90,90,90,90,90,90,90,90,90,90,90,90,90,90,85,85,85,85,85,85,85,85,85,85,85,85,85,85,85,80,80,80,80,80,80,80,80,80,80,80,80,80,80,80,75,75,75,75,75,75,75,75,75,75,75,72,72,72,72,72,72,68,68,68,68,68,68,63,63,63,63,63,63,60,60,60,60,60,55,55,55,55,55

<-- VOO -->
AA0652	MAD	CTB
1	20:00
50
10
730,730,630,630
550,550,550,480,480,480
120,120,120,120,120,120,120,120,120,120,120,120,120,120,120,120,120,120,120,120,102,102,102,102,102,102,102,102,102,102,102,102,102,102,102,102,102,102,102,102,98,98,98,98,98,98,98,98,98,98,98,98,98,98,98,98,98,98,95,95,95,95,95,95,95,95,95,95,95,95,95,95,95,95,95,95,90,90,90,90,90,90,90,90,90,90,90,90,90,90,90,85,85,85,85,85,85,85,85,85,85,85,85,85,85,85,80,80,80,80,80,80,80,80,80,80,80,80,80,80,80,75,75,75,75,75,75,75,75,75,75,75,72,72,72,72,72,72,68,68,68,68,68,68,63,63,63,63,63,63,60,60,60,60,60,55,55,55,55,55

<-- VOO -->
AA0653	CTB	MAD
2	06:55
50
10
730,730,630,630
550,550,550,480,480,480
120,120,120,120,120,120,120,120,120,120,120,120,120,120,120,120,120,120,120,120,102,102,102,102,102,102,102,102,102,102,102,102,102,102,102,102,102,102,102,102,98,98,98,98,98,98,98,98,98,98,98,98,98,98,98,98,98,98,95,95,95,95,95,95,95,95,95,95,95,95,95,95,95,95,95,95,90,90,90,90,90,90,90,90,90,90,90,90,90,90,90,85,85,85,85,85,85,85,85,85,85,85,85,85,85,85,80,80,80,80,80,80,80,80,80,80,80,80,80,80,80,75,75,75,75,75,75,75,75,75,75,75,72,72,72,72,72,72,68,68,68,68,68,68,63,63,63,63,63,63,60,60,60,60,60,55,55,55,55,55

<-- VOO -->
AA0654	MAD	CTB
2	22:15
50
10
730,730,630,630
550,550,550,480,480,480
120,120,120,120,120,120,120,120,120,120,120,120,120,120,120,120,120,120,120,120,102,102,102,102,102,102,102,102,102,102,102,102,102,102,102,102,102,102,102,102,98,98,98,98,98,98,98,98,98,98,98,98,98,98,98,98,98,98,95,95,95,95,95,95,95,95,95,95,95,95,95,95,95,95,95,95,90,90,90,90,90,90,90,90,90,90,90,90,90,90,90,85,85,85,85,85,85,85,85,85,85,85,85,85,85,85,80,80,80,80,80,80,80,80,80,80,80,80,80,80,80,75,75,75,75,75,75,75,75,75,75,75,72,72,72,72,72,72,68,68,68,68,68,68,63,63,63,63,63,63,60,60,60,60,60,55,55,55,55,55

<-- VOO -->
AA0655	CTB	MAD
3	10:20
50
10
730,730,630,630
550,550,550,480,480,480
120,120,120,120,120,120,120,120,120,120,120,120,120,120,120,120,120,120,120,120,102,102,102,102,102,102,102,102,102,102,102,102,102,102,102,102,102,102,102,102,98,98,98,98,98,98,98,98,98,98,98,98,98,98,98,98,98,98,95,95,95,95,95,95,95,95,95,95,95,95,95,95,95,95,95,95,90,90,90,90,90,90,90,90,90,90,90,90,90,90,90,85,85,85,85,85,85,85,85,85,85,85,85,85,85,85,80,80,80,80,80,80,80,80,80,80,80,80,80,80,80,75,75,75,75,75,75,75,75,75,75,75,72,72,72,72,72,72,68,68,68,68,68,68,63,63,63,63,63,63,60,60,60,60,60,55,55,55,55,55

<-- VOO -->
AA0656	MAD	CTB
3	23:45
50
10
730,730,630,630
550,550,550,480,480,480
120,120,120,120,120,120,120,120,120,120,120,120,120,120,120,120,120,120,120,120,102,102,102,102,102,102,102,102,102,102,102,102,102,102,102,102,102,102,102,102,98,98,98,98,98,98,98,98,98,98,98,98,98,98,98,98,98,98,95,95,95,95,95,95,95,95,95,95,95,95,95,95,95,95,95,95,90,90,90,90,90,90,90,90,90,90,90,90,90,90,90,85,85,85,85,85,85,85,85,85,85,85,85,85,85,85,80,80,80,80,80,80,80,80,80,80,80,80,80,80,80,75,75,75,75,75,75,75,75,75,75,75,72,72,72,72,72,72,68,68,68,68,68,68,63,63,63,63,63,63,60,60,60,60,60,55,55,55,55,55

<-- VOO -->
AA0657	CTB	MAD
4	08:30
65
15
800,800,730,730
630,630,630,550,550,550
140,140,140,140,140,140,140,140,140,140,140,140,140,140,140,140,140,140,140,140,140,140,140,140,140,122,122,122,122,122,122,122,122,122,122,122,122,122,122,122,122,122,122,122,122,122,122,122,122,122,118,118,118,118,118,118,118,118,118,118,118,118,118,118,118,118,118,118,118,118,115,115,115,115,115,115,115,115,115,115,115,115,115,115,115,115,115,115,115,115,110,110,110,110,110,110,110,110,110,110,110,110,110,110,110,110,110,110,110,110,105,105,105,105,105,105,105,105,100,100,100,100,100,100,100,100,95,95,95,95,95,95,92,92,92,92,92,92,88,88,88,88,88,88,83,83,83,83,83,83,80,80,80,80,80,75,75,75,75,75

<-- VOO -->
AA0658	MAD	CTB
4	15:50
65
15
800,800,730,730
630,630,630,550,550,550
140,140,140,140,140,140,140,140,140,140,140,140,140,140,140,140,140,140,140,140,140,140,140,140,140,122,122,122,122,122,122,122,122,122,122,122,122,122,122,122,122,122,122,122,122,122,122,122,122,122,118,118,118,118,118,118,118,118,118,118,118,118,118,118,118,118,118,118,118,118,115,115,115,115,115,115,115,115,115,115,115,115,115,115,115,115,115,115,115,115,110,110,110,110,110,110,110,110,110,110,110,110,110,110,110,110,110,110,110,110,105,105,105,105,105,105,105,105,100,100,100,100,100,100,100,100,95,95,95,95,95,95,92,92,92,92,92,92,88,88,88,88,88,88,83,83,83,83,83,83,80,80,80,80,80,75,75,75,75,75

<-- VOO -->
AA0659	CTB	MAD
5	11:05
65
15
800,800,730,730
630,630,630,550,550,550
140,140,140,140,140,140,140,140,140,140,140,140,140,140,140,140,140,140,140,140,140,140,140,140,140,122,122,122,122,122,122,122,122,122,122,122,122,122,122,122,122,122,122,122,122,122,122,122,122,122,118,118,118,118,118,118,118,118,118,118,118,118,118,118,118,118,118,118,118,118,115,115,115,115,115,115,115,115,115,115,115,115,115,115,115,115,115,115,115,115,110,110,110,110,110,110,110,110,110,110,110,110,110,110,110,110,110,110,110,110,105,105,105,105,105,105,105,105,100,100,100,100,100,100,100,100,95,95,95,95,95,95,92,92,92,92,92,92,88,88,88,88,88,88,83,83,83,83,83,83,80,80,80,80,80,75,75,75,75,75

<-- VOO -->
AA0660	MAD	CTB
5	15:05
65
15
800,800,730,730
630,630,630,550,550,550
140,140,140,140,140,140,140,140,140,140,140,140,140,140,140,140,140,140,140,140,140,140,140,140,140,122,122,122,122,122,122,122,122,122,122,122,122,122,122,122,122,122,122,122,122,122,122,122,122,122,118,118,118,118,118,118,118,118,118,118,118,118,118,118,118,118,118,118,118,118,115,115,115,115,115,115,115,115,115,115,115,115,115,115,115,115,115,115,115,115,110,110,110,110,110,110,110,110,110,110,110,110,110,110,110,110,110,110,110,110,105,105,105,105,105,105,105,105,100,100,100,100,100,100,100,100,95,95,95,95,95,95,92,92,92,92,92,92,88,88,88,88,88,88,83,83,83,83,83,83,80,80,80,80,80,75,75,75,75,75

<-- VOO -->
AA0661	CTB	MAD
6	06:00
65
15
800,800,730,730
630,630,630,550,550,550
140,140,140,140,140,140,140,140,140,140,140,140,140,140,140,140,140,140,140,140,140,140,140,140,140,122,122,122,122,122,122,122,122,122,122,122,122,122,122,122,122,122,122,122,122,122,122,122,122,122,118,118,118,118,118,118,118,118,118,118,118,118,118,118,118,118,118,118,118,118,115,115,115,115,115,115,115,115,115,115,115,115,115,115,115,115,115,115,115,115,110,110,110,110,110,110,110,110,110,110,110,110,110,110,110,110,110,110,110,110,105,105,105,105,105,105,105,105,100,100,100,100,100,100,100,100,95,95,95,95,95,95,92,92,92,92,92,92,88,88,88,88,88,88,83,83,83,83,83,83,80,80,80,80,80,75,75,75,75,75

<-- VOO -->
AA0662	MAD	CTB
6	15:20
65
15
800,800,730,730
630,630,630,550,550,550
140,140,140,140,140,140,140,140,140,140,140,140,140,140,140,140,140,140,140,140,140,140,140,140,140,122,122,122,122,122,122,122,122,122,122,122,122,122,122,122,122,122,122,122,122,122,122,122,122,122,118,118,118,118,118,118,118,118,118,118,118,118,118,118,118,118,118,118,118,118,115,115,115,115,115,115,115,115,115,115,115,115,115,115,115,115,115,115,115,115,110,110,110,110,110,110,110,110,110,110,110,110,110,110,110,110,110,110,110,110,105,105,105,105,105,105,105,105,100,100,100,100,100,100,100,100,95,95,95,95,95,95,92,92,92,92,92,92,88,88,88,88,88,88,83,83,83,83,83,83,80,80,80,80,80,75,75,75,75,75

<-- VOO -->
AA0663	CTB	MUC
0	07:55
65
15
800,800,730,730
630,630,630,550,550,550
140,140,140,140,140,140,140,140,140,140,140,140,140,140,140,140,140,140,140,140,140,140,140,140,140,122,122,122,122,122,122,122,122,122,122,122,122,122,122,122,122,122,122,122,122,122,122,122,122,122,118,118,118,118,118,118,118,118,118,118,118,118,118,118,118,118,118,118,118,118,115,115,115,115,115,115,115,115,115,115,115,115,115,115,115,115,115,115,115,115,110,110,110,110,110,110,110,110,110,110,110,110,110,110,110,110,110,110,110,110,105,105,105,105,105,105,105,105,100,100,100,100,100,100,100,100,95,95,95,95,95,95,92,92,92,92,92,92,88,88,88,88,88,88,83,83,83,83,83,83,80,80,80,80,80,75,75,75,75,75

<-- VOO -->
AA0664	MUC	CTB
0	15:35
65
15
800,800,730,730
630,630,630,550,550,550
140,140,140,140,140,140,140,140,140,140,140,140,140,140,140,140,140,140,140,140,140,140,140,140,140,122,122,122,122,122,122,122,122,122,122,122,122,122,122,122,122,122,122,122,122,122,122,122,122,122,118,118,118,118,118,118,118,118,118,118,118,118,118,118,118,118,118,118,118,118,115,115,115,115,115,115,115,115,115,115,115,115,115,115,115,115,115,115,115,115,110,110,110,110,110,110,110,110,110,110,110,110,110,110,110,110,110,110,110,110,105,105,105,105,105,105,105,105,100,100,100,100,100,100,100,100,95,95,95,95,95,95,92,92,92,92,92,92,88,88,88,88,88,88,83,83,83,83,83,83,80,80,80,80,80,75,75,75,75,75

<-- VOO -->
AA0665	CTB	MUC
2	06:30
50
10
730,730,630,630
550,550,550,480,480,480
120,120,120,120,120,120,120,120,120,120,120,120,120,120,120,120,120,120,120,120,102,102,102,102,102,102,102,102,102,102,102,102,102,102,102,102,102,102,102,102,98,98,98,98,98,98,98,98,98,98,98,98,98,98,98,98,98,98,95,95,95,95,95,95,95,95,95,95,95,95,95,95,95,95,95,95,90,90,90,90,90,90,90,90,90,90,90,90,90,90,90,85,85,85,85,85,85,85,85,85,85,85,85,85,85,85,80,80,80,80,80,80,80,80,80,80,80,80,80,80,80,75,75,75,75,75,75,75,75,75,75,75,72,72,72,72,72,72,68,68,68,68,68,68,63,63,63,63,63,63,60,60,60,60,60,55,55,55,55,55

<-- VOO -->
AA0666	MUC	CTB
2	16:55
50
10
730,730,630,630
550,550,550,480,480,480
120,120,120,120,120,120,120,120,120,120,120,120,120,120,120,120,120,120,120,120,102,102,102,102,102,102,102,102,102,102,102,102,102,102,102,102,102,102,102,102,98,98,98,98,98,98,98,98,98,98,98,98,98,98,98,98,98,98,95,95,95,95,95,95,95,95,95,95,95,95,95,95,95,95,95,95,90,90,90,90,90,90,90,90,90,90,90,90,90,90,90,85,85,85,85,85,85,85,85,85,85,85,85,85,85,85,80,80,80,80,80,80,80,80,80,80,80,80,80,80,80,75,75,75,75,75,75,75,75,75,75,75,72,72,72,72,72,72,68,68,68,68,68,68,63,63,63,63,63,63,60,60,60,60,60,55,55,55,55,55

<-- VOO -->
AA0667	CTB	MUC
4	07:20
65
15
800,800,730,730
630,630,630,550,550,550
140,140,140,140,140,140,140,140,140,140,140,140,140,140,140,140,140,140,140,140,140,140,140,140,140,122,122,122,122,122,122,122,122,122,122,122,122,122,122,122,122,122,122,122,122,122,122,122,122,122,118,118,118,118,118,118,118,118,118,118,118,118,118,118,118,118,118,118,118,118,115,115,115,115,115,115,115,115,115,115,115,115,115,115,115,115,115,115,115,115,110,110,110,110,110,110,110,110,110,110,110,110,110,110,110,110,110,110,110,110,105,105,105,105,105,105,105,105,100,100,100,100,100,100,100,100,95,95,95,95,95,95,92,92,92,92,92,92,88,88,88,88,88,88,83,83,83,83,83,83,80,80,80,80,80,75,75,75,75,75

<-- VOO -->
AA0668	MUC	CTB
4	20:25
65
15
800,800,730,730
630,630,630,550,550,550
140,140,140,140,140,140,140,140,140,140,140,140,140,140,140,140,140,140,140,140,140,140,140,140,140,122,122,122,122,122,122,122,122,122,122,122,122,122,122,122,122,122,122,122,122,122,122,122,122,122,118,118,118,118,118,118,118,118,118,118,118,118,118,118,118,118,118,118,118,118,115,115,115,115,115,115,115,115,115,115,115,115,115,115,115,115,115,115,115,115,110,110,110,110,110,110,110,110,110,110,110,110,110,110,110,110,110,110,110,110,105,105,105,105,105,105,105,105,100,100,100,100,100,100,100,100,95,95,95,95,95,95,92,92,92,92,92,92,88,88,88,88,88,88,83,83,83,83,83,83,80,80,80,80,80,75,75,75,75,75

<-- VOO -->
AA0669	CTB	MUC
6	13:00
65
15
800,800,730,730
630,630,630,550,550,550
140,140,140,140,140,140,140,140,140,140,140,140,140,140,140,140,140,140,140,140,140,140,140,140,140,122,122,122,122,122,122,122,122,122,122,122,122,122,122,122,122,122,122,122,122,122,122,122,122,122,118,118,118,118,118,118,118,118,118,118,118,118,118,118,118,118,118,118,118,118,115,115,115,115,115,115,115,115,115,115,115,115,115,115,115,115,115,115,115,115,110,110,110,110,110,110,110,110,110,110,110,110,110,110,110,110,110,110,110,110,105,105,105,105,105,105,105,105,100,100,100,100,100,100,100,100,95,95,95,95,95,95,92,92,92,92,92,92,88,88,88,88,88,88,83,83,83,83,83,83,80,80,80,80,80,75,75,75,75,75

<-- VOO -->
AA0670	MUC	CTB
6	23:20
65
15
800,800,730,730
630,630,630,550,550,550
140,140,140,140,140,140,140,140,140,140,140,140,140,140,140,140,140,140,140,140,140,140,140,140,140,122,122,122,122,122,122,122,122,122,122,122,122,122,122,122,122,122,122,122,122,122,122,122,122,122,118,118,118,118,118,118,118,118,118,118,118,118,118,118,118,118,118,118,118,118,115,115,115,115,115,115,115,115,115,115,115,115,115,115,115,115,115,115,115,115,110,110,110,110,110,110,110,110,110,110,110,110,110,110,110,110,110,110,110,110,105,105,105,105,105,105,105,105,100,100,100,100,100,100,100,100,95,95,95,95,95,95,92,92,92,92,92,92,88,88,88,88,88,88,83,83,83,83,83,83,80,80,80,80,80,75,75,75,75,75

<-- VOO -->
AA0671	CTB	ORY
0	06:10
65
15
800,800,730,730
630,630,630,550,550,550
140,140,140,140,140,140,140,140,140,140,140,140,140,140,140,140,140,140,140,140,140,140,140,140,140,122,122,122,122,122,122,122,122,122,122,122,122,122,122,122,122,122,122,122,122,122,122,122,122,122,118,118,118,118,118,118,118,118,118,118,118,118,118,118,118,118,118,118,118,118,115,115,115,115,115,115,115,115,115,115,115,115,115,115,115,115,115,115,115,115,110,110,110,110,110,110,110,110,110,110,110,110,110,110,110,110,110,110,110,110,105,105,105,105,105,105,105,105,100,100,100,100,100,100,100,100,95,95,95,95,95,95,92,92,92,92,92,92,88,88,88,88,88,88,83,83,83,83,83,83,80,80,80,80,80,75,75,75,75,75

<-- VOO -->
AA0672	ORY	CTB
0	19:40
65
15
800,800,730,730
630,630,630,550,550,550
140,140,140,140,140,140,140,140,140,140,140,140,140,140,140,140,140,140,140,140,140,140,140,140,140,122,122,122,122,122,122,122,122,122,122,122,122,122,122,122,122,122,122,122,122,122,122,122,122,122,118,118,118,118,118,118,118,118,118,118,118,118,118,118,118,118,118,118,118,118,115,115,115,115,115,115,115,115,115,115,115,115,115,115,115,115,115,115,115,115,110,110,110,110,110,110,110,110,110,110,110,110,110,110,110,110,110,110,110,110,105,105,105,105,105,105,105,105,100,100,100,100,100,100,100,100,95,95,95,95,95,95,92,92,92,92,92,92,88,88,88,88,88,88,83,83,83,83,83,83,80,80,80,80,80,75,75,75,75,75

<-- VOO -->
AA0673	CTB	ORY
1	09:45
50
10
730,730,630,630
550,550,550,480,480,480
120,120,120,120,120,120,120,120,120,120,120,120,120,120,120,120,120,120,120,120,102,102,102,102,102,102,102,102,102,102,102,102,102,102,102,102,102,102,102,102,98,98,98,98,98,98,98,98,98,98,98,98,98,98,98,98,98,98,95,95,95,95,95,95,95,95,95,95,95,95,95,95,95,95,95,95,90,90,90,90,90,90,90,90,90,90,90,90,90,90,90,85,85,85,85,85,85,85,85,85,85,85,85,85,85,85,80,80,80,80,80,80,80,80,80,80,80,80,80,80,80,75,75,75,75,75,75,75,75,75,75,75,72,72,72,72,72,72,68,68,68,68,68,68,63,63,63,63,63,63,60,60,60,60,60,55,55,55,55,55

<-- VOO -->
AA0674	ORY	CTB
1	20:20
50
10
730,730,630,630
550,550,550,480,480,480
120,120,120,120,120,120,120,120,120,120,120,120,120,120,120,120,120,120,120,120,102,102,102,102,102,102,102,102,102,102,102,102,102,102,102,102,102,102,102,102,98,98,98,98,98,98,98,98,98,98,98,98,98,98,98,98,98,98,95,95,95,95,95,95,95,95,95,95,95,95,95,95,95,95,95,95,90,90,90,90,90,90,90,90,90,90,90,90,90,90,90,85,85,85,85,85,85,85,85,85,85,85,85,85,85,85,80,80,80,80,80,80,80,80,80,80,80,80,80,80,80,75,75,75,75,75,75,75,75,75,75,75,72,72,72,72,72,72,68,68,68,68,68,68,63,63,63,63,63,63,60,60,60,60,60,55,55,55,55,55

<-- VOO -->
AA0675	CTB	ORY
2	12:10
50
10
730,730,630,630
550,550,550,480,480,480
120,120,120,120,120,120,120,120,120,120,120,120,120,120,120,120,120,120,120,120,102,102,102,102,102,102,102,102,102,102,102,102,102,102,102,102,102,102,102,102,98,98,98,98,98,98,98,98,98,98,98,98,98,98,98,98,98,98,95,95,95,95,95,95,95,95,95,95,95,95,95,95,95,95,95,95,90,90,90,90,90,90,90,90,90,90,90,90,90,90,90,85,85,85,85,85,85,85,85,85,85,85,85,85,85,85,80,80,80,80,80,80,80,80,80,80,80,80,80,80,80,75,75,75,75,75,75,75,75,75,75,75,72,72,72,72,72,72,68,68,68,68,68,68,63,63,63,63,63,63,60,60,60,60,60,55,55,55,55,55

<-- VOO -->
AA0676	ORY	CTB
2	19:55
50
10
730,730,630,630
550,550,550,480,480,480
120,120,120,120,120,120,120,120,120,120,120,120,120,120,120,120,120,120,120,120,102,102,102,102,102,102,102,102,102,102,102,102,102,102,102,102,102,102,102,102,98,98,98,98,98,98,98,98,98,98,98,98,98,98,98,98,98,98,95,95,95,95,95,95,95,95,95,95,95,95,95,95,95,95,95,95,90,90,90,90,90,90,90,90,90,90,90,90,90,90,90,85,85,85,85,85,85,85,85,85,85,85,85,85,85,85,80,80,80,80,80,80,80,80,80,80,80,80,80,80,80,75,75,75,75,75,75,75,75,75,75,75,72,72,72,72,72,72,68,68,68,68,68,68,63,63,63,63,63,63,60,60,60,60,60,55,55,55,55,55

<-- VOO -->
AA0677	CTB	ORY
3	10:00
50
10
730,730,630,630
550,550,550,480,480,480
120,120,120,120,120,120,120,120,120,120,120,120,120,120,120,120,120,120,120,120,102,102,102,102,102,102,102,102,102,102,102,102,102,102,102,102,102,102,102,102,98,98,98,98,98,98,98,98,98,98,98,98,98,98,98,98,98,98,95,95,95,95,95,95,95,95,95,95,95,95,95,95,95,95,95,95,90,90,90,90,90,90,90,90,90,90,90,90,90,90,90,85,85,85,85,85,85,85,85,85,85,85,85,85,85,85,80,80,80,80,80,80,80,80,80,80,80,80,80,80,80,75,75,75,75,75,75,75,75,75,75,75,72,72,72,72,72,72,68,68,68,68,68,68,63,63,63,63,63,63,60,60,60,60,60,55,55,55,55,55

<-- VOO -->
AA0678	ORY	CTB
3	19:05
50
10
730,730,630,630
550,550,550,480,480,480
120,120,120,120,120,120,120,120,120,120,120,120,120,120,120,120,120,120,120,120,102,102,102,102,102,102,102,102,102,102,102,102,102,102,102,102,102,102,102,102,98,98,98,98,98,98,98,98,98,98,98,98,98,98,98,98,98,98,95,95,95,95,95,95,95,95,95,95,95,95,95,95,95,95,95,95,90,90,90,90,90,90,90,90,90,90,90,90,90,90,90,85,85,85,85,85,85,85,85,85,85,85,85,85,85,85,80,80,80,80,80,80,80,80,80,80,80,80,80,80,80,75,75,75,75,75,75,75,75,75,75,75,72,72,72,72,72,72,68,68,68,68,68,68,63,63,63,63,63,63,60,60,60,60,60,55,55,55,55,55

<-- VOO -->
AA0679	CTB	ORY
4	14:40
65
15
800,800,730,730
630,630,630,550,550,550
140,140,140,140,140,140,140,140,140,140,140,140,140,140,140,140,140,140,140,140,140,140,140,140,140,122,122,122,122,122,122,122,122,122,122,122,122,122,122,122,122,122,122,122,122,122,122,122,122,122,118,118,118,118,118,118,118,118,118,118,118,118,118,118,118,118,118,118,118,118,115,115,115,115,115,115,115,115,115,115,115,115,115,115,115,115,115,115,115,115,110,110,110,110,110,110,110,110,110,110,110,110,110,110,110,110,110,110,110,110,105,105,105,105,105,105,105,105,100,100,100,100,100,100,100,100,95,95,95,95,95,95,92,92,92,92,92,92,88,88,88,88,88,88,83,83,83,83,83,83,80,80,80,80,80,75,75,75,75,75

<-- VOO -->
AA0680	ORY	CTB
4	18:35
65
15
800,800,730,730
630,630,630,550,550,550
140,140,140,140,140,140,140,140,140,140,140,140,140,140,140,140,140,140,140,140,140,140,140,140,140,122,122,122,122,122,122,122,122,122,122,122,122,122,122,122,122,122,122,122,122,122,122,122,122,122,118,118,118,118,118,118,118,118,118,118,118,118,118,118,118,118,118,118,118,118,115,115,115,115,115,115,115,115,115,115,115,115,115,115,115,115,115,115,115,115,110,110,110,110,110,110,110,110,110,110,110,110,110,110,110,110,110,110,110,110,105,105,105,105,105,105,105,105,100,100,100,100,100,100,100,100,95,95,95,95,95,95,92,92,92,92,92,92,88,88,88,88,88,88,83,83,83,83,83,83,80,80,80,80,80,75,75,75,75,75

<-- VOO -->
AA0681	CTB	ORY
5	13:20
65
15
800,800,730,730
630,630,630,550,550,550
140,140,140,140,140,140,140,140,140,140,140,140,140,140,140,140,140,140,140,140,140,140,140,140,140,122,122,122,122,122,122,122,122,122,122,122,122,122,122,122,122,122,122,122,122,122,122,122,122,122,118,118,118,118,118,118,118,118,118,118,118,118,118,118,118,118,118,118,118,118,115,115,115,115,115,115,115,115,115,115,115,115,115,115,115,115,115,115,115,115,110,110,110,110,110,110,110,110,110,110,110,110,110,110,110,110,110,110,110,110,105,105,105,105,105,105,105,105,100,100,100,100,100,100,100,100,95,95,95,95,95,95,92,92,92,92,92,92,88,88,88,88,88,88,83,83,83,83,83,83,80,80,80,80,80,75,75,75,75,75

<-- VOO -->
AA0682	ORY	CTB
5	23:00
65
15
800,800,730,730
630,630,630,550,550,550
140,140,140,140,140,140,140,140,140,140,140,140,140,140,140,140,140,140,140,140,140,140,140,140,140,122,122,122,122,122,122,122,122,122,122,122,122,122,122,122,122,122,122,122,122,122,122,122,122,122,118,118,118,118,118,118,118,118,118,118,118,118,118,118,118,118,118,118,118,118,115,115,115,115,115,115,115,115,115,115,115,115,115,115,115,115,115,115,115,115,110,110,110,110,110,110,110,110,110,110,110,110,110,110,110,110,110,110,110,110,105,105,105,105,105,105,105,105,100,100,100,100,100,100,100,100,95,95,95,95,95,95,92,92,92,92,92,92,88,88,88,88,88,88,83,83,83,83,83,83,80,80,80,80,80,75,75,75,75,75

<-- VOO -->
AA0683	CTB	ORY
6	11:30
65
15
800,800,730,730
630,630,630,550,550,550
140,140,140,140,140,140,140,140,140,140,140,140,140,140,140,140,140,140,140,140,140,140,140,140,140,122,122,122,122,122,122,122,122,122,122,122,122,122,122,122,122,122,122,122,122,122,122,122,122,122,118,118,118,118,118,118,118,118,118,118,118,118,118,118,118,118,118,118,118,118,115,115,115,115,115,115,115,115,115,115,115,115,115,115,115,115,115,115,115,115,110,110,110,110,110,110,110,110,110,110,110,110,110,110,110,110,110,110,110,110,105,105,105,105,105,105,105,105,100,100,100,100,100,100,100,100,95,95,95,95,95,95,92,92,92,92,92,92,88,88,88,88,88,88,83,83,83,83,83,83,80,80,80,80,80,75,75,75,75,75

<-- VOO -->
AA0684	ORY	CTB
6	15:35
65
15
800,800,730,730
630,630,630,550,550,550
140,140,140,140,140,140,140,140,140,140,140,140,140,140,140,140,140,140,140,140,140,140,140,140,140,122,122,122,122,122,122,122,122,122,122,122,122,122,122,122,122,122,122,122,122,122,122,122,122,122,118,118,118,118,118,118,118,118,118,118,118,118,118,118,118,118,118,118,118,118,115,115,115,115,115,115,115,115,115,115,115,115,115,115,115,115,115,115,115,115,110,110,110,110,110,110,110,110,110,110,110,110,110,110,110,110,110,110,110,110,105,105,105,105,105,105,105,105,100,100,100,100,100,100,100,100,95,95,95,95,95,95,92,92,92,92,92,92,88,88,88,88,88,88,83,83,83,83,83,83,80,80,80,80,80,75,75,75,75,75

<-- VOO -->
AA0685	CTB	BCN
0	09:15
65
15
800,800,730,730
630,630,630,550,550,550
140,140,140,140,140,140,140,140,140,140,140,140,140,140,140,140,140,140,140,140,140,140,140,140,140,122,122,122,122,122,122,122,122,122,122,122,122,122,122,122,122,122,122,122,122,122,122,122,122,122,118,118,118,118,118,118,118,118,118,118,118,118,118,118,118,118,118,118,118,118,115,115,115,115,115,115,115,115,115,115,115,115,115,115,115,115,115,115,115,115,110,110,110,110,110,110,110,110,110,110,110,110,110,110,110,110,110,110,110,110,105,105,105,105,105,105,105,105,100,100,100,100,100,100,100,100,95,95,95,95,95,95,92,92,92,92,92,92,88,88,88,88,88,88,83,83,83,83,83,83,80,80,80,80,80,75,75,75,75,75

<-- VOO -->
AA0686	BCN	CTB
0	16:40
65
15
800,800,730,730
630,630,630,550,550,550
140,140,140,140,140,140,140,140,140,140,140,140,140,140,140,140,140,140,140,140,140,140,140,140,140,122,122,122,122,122,122,122,122,122,122,122,122,122,122,122,122,122,122,122,122,122,122,122,122,122,118,118,118,118,118,118,118,118,118,118,118,118,118,118,118,118,118,118,118,118,115,115,115,115,115,115,115,115,115,115,115,115,115,115,115,115,115,115,115,115,110,110,110,110,110,110,110,110,110,110,110,110,110,110,110,110,110,110,110,110,105,105,105,105,105,105,105,105,100,100,100,100,100,100,100,100,95,95,95,95,95,95,92,92,92,92,92,92,88,88,88,88,88,88,83,83,83,83,83,83,80,80,80,80,80,75,75,75,75,75

<-- VOO -->
AA0687	CTB	BCN
1	13:25
50
10
730,730,630,630
550,550,550,480,480,480
120,120,120,120,120,120,120,120,120,120,120,120,120,120,120,120,120,120,120,120,102,102,102,102,102,102,102,102,102,102,102,102,102,102,102,102,102,102,102,102,98,98,98,98,98,98,98,98,98,98,98,98,98,98,98,98,98,98,95,95,95,95,95,95,95,95,95,95,95,95,95,95,95,95,95,95,90,90,90,90,90,90,90,90,90,90,90,90,90,90,90,85,85,85,85,85,85,85,85,85,85,85,85,85,85,85,80,80,80,80,80,80,80,80,80,80,80,80,80,80,80,75,75,75,75,75,75,75,75,75,75,75,72,72,72,72,72,72,68,68,68,68,68,68,63,63,63,63,63,63,60,60,60,60,60,55,55,55,55,55

<-- VOO -->
AA0688	BCN	CTB
1	16:15
50
10
730,730,630,630
550,550,550,480,480,480
120,120,120,120,120,120,120,120,120,120,120,120,120,120,120,120,120,120,120,120,102,102,102,102,102,102,102,102,102,102,102,102,102,102,102,102,102,102,102,102,98,98,98,98,98,98,98,98,98,98,98,98,98,98,98,98,98,98,95,95,95,95,95,95,95,95,95,95,95,95,95,95,95,95,95,95,90,90,90,90,90,90,90,90,90,90,90,90,90,90,90,85,85,85,85,85,85,85,85,85,85,85,85,85,85,85,80,80,80,80,80,80,80,80,80,80,80,80,80,80,80,75,75,75,75,75,75,75,75,75,75,75,72,72,72,72,72,72,68,68,68,68,68,68,63,63,63,63,63,63,60,60,60,60,60,55,55,55,55,55

<-- VOO -->
AA0689	CTB	BCN
2	08:55
50
10
730,730,630,630
550,550,550,480,480,480
120,120,120,120,120,120,120,120,120,120,120,120,120,120,120,120,120,120,120,120,102,102,102,102,102,102,102,102,102,102,102,102,102,102,102,102,102,102,102,102,98,98,98,98,98,98,98,98,98,98,98,98,98,98,98,98,98,98,95,95,95,95,95,95,95,95,95,95,95,95,95,95,95,95,95,95,90,90,90,90,90,90,90,90,90,90,90,90,90,90,90,85,85,85,85,85,85,85,85,85,85,85,85,85,85,85,80,80,80,80,80,80,80,80,80,80,80,80,80,80,80,75,75,75,75,75,75,75,75,75,75,75,72,72,72,72,72,72,68,68,68,68,68,68,63,63,63,63,63,63,60,60,60,60,60,55,55,55,55,55

<-- VOO -->
AA0690	BCN	CTB
2	21:55
50
10
730,730,630,630
550,550,550,480,480,480
120,120,120,120,120,120,120,120,120,120,120,120,120,120,120,120,120,120,120,120,102,102,102,102,102,102,102,102,102,102,102,102,102,102,102,102,102,102,102,102,98,98,98,98,98,98,98,98,98,98,98,98,98,98,98,98,98,98,95,95,95,95,95,95,95,95,95,95,95,95,95,95,95,95,95,95,90,90,90,90,90,90,90,90,90,90,90,90,90,90,90,85,85,85,85,85,85,85,85,85,85,85,85,85,85,85,80,80,80,80,80,80,80,80,80,80,80,80,80,80,80,75,75,75,75,75,75,75,75,75,75,75,72,72,72,72,72,72,68,68,68,68,68,68,63,63,63,63,63,63,60,60,60,60,60,55,55,55,55,55

<-- VOO -->
AA0691	CTB	BCN
3	13:15
50
10
730,730,630,630
550,550,550,480,480,480
120,120,120,120,120,120,120,120,120,120,120,120,120,120,120,120,120,120,120,120,102,102,102,102,102,102,102,102,102,102,102,102,102,102,102,102,102,102,102,102,98,98,98,98,98,98,98,98,98,98,98,98,98,98,98,98,98,98,95,95,95,95,95,95,95,95,95,95,95,95,95,95,95,95,95,95,90,90,90,90,90,90,90,90,90,90,90,90,90,90,90,85,85,85,85,85,85,85,85,85,85,85,85,85,85,85,80,80,80,80,80,80,80,80,80,80,80,80,80,80,80,75,75,75,75,75,75,75,75,75,75,75,72,72,72,72,72,72,68,68,68,68,68,68,63,63,63,63,63,63,60,60,60,60,60,55,55,55,55,55

<-- VOO -->
AA0692	BCN	CTB
3	19:55
50
10
730,730,630,630
550,550,550,480,480,480
120,120,120,120,120,120,120,120,120,120,120,120,120,120,120,120,120,120,120,120,102,102,102,102,102,102,102,102,102,102,102,102,102,102,102,102,102,102,102,102,98,98,98,98,98,98,98,98,98,98,98,98,98,98,98,98,98,98,95,95,95,95,95,95,95,95,95,95,95,95,95,95,95,95,95,95,90,90,90,90,90,90,90,90,90,90,90,90,90,90,90,85,85,85,85,85,85,85,85,85,85,85,85,85,85,85,80,80,80,80,80,80,80,80,80,80,80,80,80,80,80,75,75,75,75,75,75,75,75,75,75,75,72,72,72,72,72,72,68,68,68,68,68,68,63,63,63,63,63,63,60,60,60,60,60,55,55,55,55,55

<-- VOO -->
AA0693	CTB	BCN
4	10:30
65
15
800,800,730,730
630,630,630,550,550,550
140,140,140,140,140,140,140,140,140,140,140,140,140,140,140,140,140,140,140,140,140,140,140,140,140,122,122,122,122,122,122,122,122,122,122,122,122,122,122,122,122,122,122,122,122,122,122,122,122,122,118,118,118,118,118,118,118,118,118,118,118,118,118,118,118,118,118,118,118,118,115,115,115,115,115,115,115,115,115,115,115,115,115,115,115,115,115,115,115,115,110,110,110,110,110,110,110,110,110,110,110,110,110,110,110,110,110,110,110,110,105,105,105,105,105,105,105,105,100,100,100,100,100,100,100,100,95,95,95,95,95,95,92,92,92,92,92,92,88,88,88,88,88,88,83,83,83,83,83,83,80,80,80,80,80,75,75,75,75,75

<-- VOO -->
AA0694	BCN	CTB
4	17:55
65
15
800,800,730,730
630,630,630,550,550,550
140,140,140,140,140,140,140,140,140,140,140,140,140,140,140,140,140,140,140,140,140,140,140,140,140,122,122,122,122,122,122,122,122,122,122,122,122,122,122,122,122,122,122,122,122,122,122,122,122,122,118,118,118,118,118,118,118,118,118,118,118,118,118,118,118,118,118,118,118,118,115,115,115,115,115,115,115,115,115,115,115,115,115,115,115,115,115,115,115,115,110,110,110,110,110,110,110,110,110,110,110,110,110,110,110,110,110,110,110,110,105,105,105,105,105,105,105,105,100,100,100,100,100,100,100,100,95,95,95,95,95,95,92,92,92,92,92,92,88,88,88,88,88,88,83,83,83,83,83,83,80,80,80,80,80,75,75,75,75,75

<-- VOO -->
AA0695	CTB	BCN
5	13:45
65
15
800,800,730,730
630,630,630,550,550,550
140,140,140,140,140,140,140,140,140,140,140,140,140,140,140,140,140,140,140,140,140,140,140,140,140,122,122,122,122,122,122,122,122,122,122,122,122,122,122,122,122,122,122,122,122,122,122,122,122,122,118,118,118,118,118,118,118,118,118,118,118,118,118,118,118,118,118,118,118,118,115,115,115,115,115,115,115,115,115,115,115,115,115,115,115,115,115,115,115,115,110,110,110,110,110,110,110,110,110,110,110,110,110,110,110,110,110,110,110,110,105,105,105,105,105,105,105,105,100,100,100,100,100,100,100,100,95,95,95,95,95,95,92,92,92,92,92,92,88,88,88,88,88,88,83,83,83,83,83,83,80,80,80,80,80,75,75,75,75,75

<-- VOO -->
AA0696	BCN	CTB
5	15:50
65
15
800,800,730,730
630,630,630,550,550,550
140,140,140,140,140,140,140,140,140,140,140,140,140,140,140,140,140,140,140,140,140,140,140,140,140,122,122,122,122,122,122,122,122,122,122,122,122,122,122,122,122,122,122,122,122,122,122,122,122,122,118,118,118,118,118,118,118,118,118,118,118,118,118,118,118,118,118,118,118,118,115,115,115,115,115,115,115,115,115,115,115,115,115,115,115,115,115,115,115,115,110,110,110,110,110,110,110,110,110,110,110,110,110,110,110,110,110,110,110,110,105,105,105,105,105,105,105,105,100,100,100,100,100,100,100,100,95,95,95,95,95,95,92,92,92,92,92,92,88,88,88,88,88,88,83,83,83,83,83,83,80,80,80,80,80,75,75,75,75,75

<-- VOO -->
AA0697	CTB	BCN
6	10:20
65
15
800,800,730,730
630,630,630,550,550,550
140,140,140,140,140,140,140,140,140,140,140,140,140,140,140,140,140,140,140,140,140,140,140,140,140,122,122,122,122,122,122,122,122,122,122,122,122,122,122,122,122,122,122,122,122,122,122,122,122,122,118,118,118,118,118,118,118,118,118,118,118,118,118,118,118,118,118,118,118,118,115,115,115,115,115,115,115,115,115,115,115,115,115,115,115,115,115,115,115,115,110,110,110,110,110,110,110,110,110,110,110,110,110,110,110,110,110,110,110,110,105,105,105,105,105,105,105,105,100,100,100,100,100,100,100,100,95,95,95,95,95,95,92,92,92,92,92,92,88,88,88,88,88,88,83,83,83,83,83,83,80,80,80,80,80,75,75,75,75,75

<-- VOO -->
AA0698	BCN	CTB
6	22:05
65
15
800,800,730,730
630,630,630,550,550,550
140,140,140,140,140,140,140,140,140,140,140,140,140,140,140,140,140,140,140,140,140,140,140,140,140,122,122,122,122,122,122,122,122,122,122,122,122,122,122,122,122,122,122,122,122,122,122,122,122,122,118,118,118,118,118,118,118,118,118,118,118,118,118,118,118,118,118,118,118,118,115,115,115,115,115,115,115,115,115,115,115,115,115,115,115,115,115,115,115,115,110,110,110,110,110,110,110,110,110,110,110,110,110,110,110,110,110,110,110,110,105,105,105,105,105,105,105,105,100,100,100,100,100,100,100,100,95,95,95,95,95,95,92,92,92,92,92,92,88,88,88,88,88,88,83,83,83,83,83,83,80,80,80,80,80,75,75,75,75,75

<-- VOO -->
AA0699	CTB	ZRH
0	13:10
70
20
900,900,800,800
700,700,700,700,620,620,620,620
164,164,164,164,164,164,164,164,164,164,164,164,164,164,164,164,164,164,164,164,164,164,154,154,154,154,154,154,154,154,154,154,154,154,154,154,154,154,154,154,154,154,154,154,144,144,144,144,144,144,144,144,144,144,144,144,144,144,144,144,144,144,144,144,144,144,139,139,139,139,139,139,139,139,139,139,139,139,139,139,139,139,139,139,139,139,139,139,134,134,134,134,134,134,134,134,134,134,134,134,134,134,134,134,134,134,134,134,134,134,123,123,123,123,123,123,123,123,123,123,123,123,123,123,123,120,120,120,120,120,120,120,120,120,120,120,120,120,116,116,116,116,116,116,116,116,116,116,112,112,112,112,112,112,112,112,109,109,109,109,109,109,109,109,104,104,104,104,104,104,104,104,99,99,99,99,99,99,99,99,96,96,96,96,96,96,96,96

<-- VOO -->
AA0700	ZRH	CTB
0	18:10
70
20
900,900,800,800
700,700,700,700,620,620,620,620
164,164,164,164,164,164,164,164,164,164,164,164,164,164,164,164,164,164,164,164,164,164,154,154,154,154,154,154,154,154,154,154,154,154,154,154,154,154,154,154,154,154,154,154,144,144,144,144,144,144,144,144,144,144,144,144,144,144,144,144,144,144,144,144,144,144,139,139,139,139,139,139,139,139,139,139,139,139,139,139,139,139,139,139,139,139,139,139,134,134,134,134,134,134,134,134,134,134,134,134,134,134,134,134,134,134,134,134,134,134,123,123,123,123,123,123,123,123,123,123,123,123,123,123,123,120,120,120,120,120,120,120,120,120,120,120,120,120,116,116,116,116,116,116,116,116,116,116,112,112,112,112,112,112,112,112,109,109,109,109,109,109,109,109,104,104,104,104,104,104,104,104,99,99,99,99,99,99,99,99,96,96,96,96,96,96,96,96

<-- VOO -->
AA0701	CTB	ZRH
1	08:35
50
15
780,780,700,700
620,620,620,620,550,550,550,550
140,140,140,140,140,140,140,140,140,140,140,140,140,140,140,140,140,140,140,140,140,140,130,130,130,130,130,130,130,130,130,130,130,130,130,130,130,130,130,130,130,130,120,120,120,120,120,120,120,120,120,120,120,120,120,120,120,120,120,120,120,120,115,115,115,115,115,115,115,115,115,115,115,115,115,115,115,115,115,115,115,115,110,110,110,110,110,110,110,110,110,110,110,110,110,110,110,110,110,110,110,110,99,99,99,99,99,99,99,99,99,99,99,99,99,99,99,96,96,96,96,96,96,96,96,96,96,96,96,96,96,96,92,92,92,92,92,92,92,92,92,92,88,88,88,88,88,88,88,88,88,88,85,85,85,85,85,85,85,85,85,85,80,80,80,80,80,80,80,80,80,80,75,75,75,75,75,75,75,75,72,72,72,72,72,72,72,72

<-- VOO -->
AA0702	ZRH	CTB
1	17:10
50
15
780,780,700,700
620,620,620,620,550,550,550,550
140,140,140,140,140,140,140,140,140,140,140,140,140,140,140,140,140,140,140,140,140,140,130,130,130,130,130,130,130,130,130,130,130,130,130,130,130,130,130,130,130,130,120,120,120,120,120,120,120,120,120,120,120,120,120,120,120,120,120,120,120,120,115,115,115,115,115,115,115,115,115,115,115,115,115,115,115,115,115,115,115,115,110,110,110,110,110,110,110,110,110,110,110,110,110,110,110,110,110,110,110,110,99,99,99,99,99,99,99,99,99,99,99,99,99,99,99,96,96,96,96,96,96,96,96,96,96,96,96,96,96,96,92,92,92,92,92,92,92,92,92,92,88,88,88,88,88,88,88,88,88,88,85,85,85,85,85,85,85,85,85,85,80,80,80,80,80,80,80,80,80,80,75,75,75,75,75,75,75,75,72,72,72,72,72,72,72,72

<-- VOO -->
AA0703	CTB	ZRH
4	13:30
70
20
900,900,800,800
700,700,700,700,620,620,620,620
164,164,164,164,164,164,164,164,164,164,164,164,164,164,164,164,164,164,164,164,164,164,154,154,154,154,154,154,154,154,154,154,154,154,154,154,154,154,154,154,154,154,154,154,144,144,144,144,144,144,144,144,144,144,144,144,144,144,144,144,144,144,144,144,144,144,139,139,139,139,139,139,139,139,139,139,139,139,139,139,139,139,139,139,139,139,139,139,134,134,134,134,134,134,134,134,134,134,134,134,134,134,134,134,134,134,134,134,134,134,123,123,123,123,123,123,123,123,123,123,123,123,123,123,123,120,120,120,120,120,120,120,120,120,120,120,120,120,116,116,116,116,116,116,116,116,116,116,112,112,112,112,112,112,112,112,109,109,109,109,109,109,109,109,104,104,104,104,104,104,104,104,99,99,99,99,99,99,99,99,96,96,96,96,96,96,96,96

<-- VOO -->
AA0704	ZRH	CTB
4	23:55
70
20
900,900,800,800
700,700,700,700,620,620,620,620
164,164,164,164,164,164,164,164,164,164,164,164,164,164,164,164,164,164,164,164,164,164,154,154,154,154,154,154,154,154,154,154,154,154,154,154,154,154,154,154,154,154,154,154,144,144,144,144,144,144,144,144,144,144,144,144,144,144,144,144,144,144,144,144,144,144,139,139,139,139,139,139,139,139,139,139,139,139,139,139,139,139,139,139,139,139,139,139,134,134,134,134,134,134,134,134,134,134,134,134,134,134,134,134,134,134,134,134,134,134,123,123,123,123,123,123,123,123,123,123,123,123,123,123,123,120,120,120,120,120,120,120,120,120,120,120,120,120,116,116,116,116,116,116,116,116,116,116,112,112,112,112,112,112,112,112,109,109,109,109,109,109,109,109,104,104,104,104,104,104,104,104,99,99,99,99,99,99,99,99,96,96,96,96,96,96,96,96

<-- VOO -->
AA0705	CTB	ZRH
6	07:25
70
20
900,900,800,800
700,700,700,700,620,620,620,620
164,164,164,164,164,164,164,164,164,164,164,164,164,164,164,164,164,164,164,164,164,164,154,154,154,154,154,154,154,154,154,154,154,154,154,154,154,154,154,154,154,154,154,154,144,144,144,144,144,144,144,144,144,144,144,144,144,144,144,144,144,144,144,144,144,144,139,139,139,139,139,139,139,139,139,139,139,139,139,139,139,139,139,139,139,139,139,139,134,134,134,134,134,134,134,134,134,134,134,134,134,134,134,134,134,134,134,134,134,134,123,123,123,123,123,123,123,123,123,123,123,123,123,123,123,120,120,120,120,120,120,120,120,120,120,120,120,120,116,116,116,116,116,116,116,116,116,116,112,112,112,112,112,112,112,112,109,109,109,109,109,109,109,109,104,104,104,104,104,104,104,104,99,99,99,99,99,99,99,99,96,96,96,96,96,96,96,96

<-- VOO -->
AA0706	ZRH	CTB
6	18:05
70
20
900,900,800,800
700,700,700,700,620,620,620,620
164,164,164,164,164,164,164,164,164,164,164,164,164,164,164,164,164,164,164,164,164,164,154,154,154,154,154,154,154,154,154,154,154,154,154,154,154,154,154,154,154,154,154,154,144,144,144,144,144,144,144,144,144,144,144,144,144,144,144,144,144,144,144,144,144,144,139,139,139,139,139,139,139,139,139,139,139,139,139,139,139,139,139,139,139,139,139,139,134,134,134,134,134,134,134,134,134,134,134,134,134,134,134,134,134,134,134,134,134,134,123,123,123,123,123,123,123,123,123,123,123,123,123,123,123,120,120,120,120,120,120,120,120,120,120,120,120,120,116,116,116,116,116,116,116,116,116,116,112,112,112,112,112,112,112,112,109,109,109,109,109,109,109,109,104,104,104,104,104,104,104,104,99,99,99,99,99,99,99,99,96,96,96,96,96,96,96,96

<-- VOO -->
AA0707	CTB	VIE
1	09:00
50
15
780,780,700,700
620,620,620,620,550,550,550,550
140,140,140,140,140,140,140,140,140,140,140,140,140,140,140,140,140,140,140,140,140,140,130,130,130,130,130,130,130,130,130,130,130,130,130,130,130,130,130,130,130,130,120,120,120,120,120,120,120,120,120,120,120,120,120,120,120,120,120,120,120,120,115,115,115,115,115,115,115,115,115,115,115,115,115,115,115,115,115,115,115,115,110,110,110,110,110,110,110,110,110,110,110,110,110,110,110,110,110,110,110,110,99,99,99,99,99,99,99,99,99,99,99,99,99,99,99,96,96,96,96,96,96,96,96,96,96,96,96,96,96,96,92,92,92,92,92,92,92,92,92,92,88,88,88,88,88,88,88,88,88,88,85,85,85,85,85,85,85,85,85,85,80,80,80,80,80,80,80,80,80,80,75,75,75,75,75,75,75,75,72,72,72,72,72,72,72,72

<-- VOO -->
AA0708	VIE	CTB
1	17:05
50
15
780,780,700,700
620,620,620,620,550,550,550,550
140,140,140,140,140,140,140,140,140,140,140,140,140,140,140,140,140,140,140,140,140,140,130,130,130,130,130,130,130,130,130,130,130,130,130,130,130,130,130,130,130,130,120,120,120,120,120,120,120,120,120,120,120,120,120,120,120,120,120,120,120,120,115,115,115,115,115,115,115,115,115,115,115,115,115,115,115,115,115,115,115,115,110,110,110,110,110,110,110,110,110,110,110,110,110,110,110,110,110,110,110,110,99,99,99,99,99,99,99,99,99,99,99,99,99,99,99,96,96,96,96,96,96,96,96,96,96,96,96,96,96,96,92,92,92,92,92,92,92,92,92,92,88,88,88,88,88,88,88,88,88,88,85,85,85,85,85,85,85,85,85,85,80,80,80,80,80,80,80,80,80,80,75,75,75,75,75,75,75,75,72,72,72,72,72,72,72,72

<-- VOO -->
AA0709	CTB	VIE
3	08:45
50
15
780,780,700,700
620,620,620,620,550,550,550,550
140,140,140,140,140,140,140,140,140,140,140,140,140,140,140,140,140,140,140,140,140,140,130,130,130,130,130,130,130,130,130,130,130,130,130,130,130,130,130,130,130,130,120,120,120,120,120,120,120,120,120,120,120,120,120,120,120,120,120,120,120,120,115,115,115,115,115,115,115,115,115,115,115,115,115,115,115,115,115,115,115,115,110,110,110,110,110,110,110,110,110,110,110,110,110,110,110,110,110,110,110,110,99,99,99,99,99,99,99,99,99,99,99,99,99,99,99,96,96,96,96,96,96,96,96,96,96,96,96,96,96,96,92,92,92,92,92,92,92,92,92,92,88,88,88,88,88,88,88,88,88,88,85,85,85,85,85,85,85,85,85,85,80,80,80,80,80,80,80,80,80,80,75,75,75,75,75,75,75,75,72,72,72,72,72,72,72,72

<-- VOO -->
AA0710	VIE	CTB
3	22:20
50
15
780,780,700,700
620,620,620,620,550,550,550,550
140,140,140,140,140,140,140,140,140,140,140,140,140,140,140,140,140,140,140,140,140,140,130,130,130,130,130,130,130,130,130,130,130,130,130,130,130,130,130,130,130,130,120,120,120,120,120,120,120,120,120,120,120,120,120,120,120,120,120,120,120,120,115,115,115,115,115,115,115,115,115,115,115,115,115,115,115,115,115,115,115,115,110,110,110,110,110,110,110,110,110,110,110,110,110,110,110,110,110,110,110,110,99,99,99,99,99,99,99,99,99,99,99,99,99,99,99,96,96,96,96,96,96,96,96,96,96,96,96,96,96,96,92,92,92,92,92,92,92,92,92,92,88,88,88,88,88,88,88,88,88,88,85,85,85,85,85,85,85,85,85,85,80,80,80,80,80,80,80,80,80,80,75,75,75,75,75,75,75,75,72,72,72,72,72,72,72,72

<-- VOO -->
AA0711	CTB	VIE
4	07:10
70
20
900,900,800,800
700,700,700,700,620,620,620,620
164,164,164,164,164,164,164,164,164,164,164,164,164,164,164,164,164,164,164,164,164,164,154,154,154,154,154,154,154,154,154,154,154,154,154,154,154,154,154,154,154,154,154,154,144,144,144,144,144,144,144,144,144,144,144,144,144,144,144,144,144,144,144,144,144,144,139,139,139,139,139,139,139,139,139,139,139,139,139,139,139,139,139,139,139,139,139,139,134,134,134,134,134,134,134,134,134,134,134,134,134,134,134,134,134,134,134,134,134,134,123,123,123,123,123,123,123,123,123,123,123,123,123,123,123,120,120,120,120,120,120,120,120,120,120,120,120,120,116,116,116,116,116,116,116,116,116,116,112,112,112,112,112,112,112,112,109,109,109,109,109,109,109,109,104,104,104,104,104,104,104,104,99,99,99,99,99,99,99,99,96,96,96,96,96,96,96,96

<-- VOO -->
AA0712	VIE	CTB
4	16:35
70
20
900,900,800,800
700,700,700,700,620,620,620,620
164,164,164,164,164,164,164,164,164,164,164,164,164,164,164,164,164,164,164,164,164,164,154,154,154,154,154,154,154,154,154,154,154,154,154,154,154,154,154,154,154,154,154,154,144,144,144,144,144,144,144,144,144,144,144,144,144,144,144,144,144,144,144,144,144,144,139,139,139,139,139,139,139,139,139,139,139,139,139,139,139,139,139,139,139,139,139,139,134,134,134,134,134,134,134,134,134,134,134,134,134,134,134,134,134,134,134,134,134,134,123,123,123,123,123,123,123,123,123,123,123,123,123,123,123,120,120,120,120,120,120,120,120,120,120,120,120,120,116,116,116,116,116,116,116,116,116,116,112,112,112,112,112,112,112,112,109,109,109,109,109,109,109,109,104,104,104,104,104,104,104,104,99,99,99,99,99,99,99,99,96,96,96,96,96,96,96,96

<-- VOO -->
AA0713	CTB	VIE
6	06:40
70
20
900,900,800,800
700,700,700,700,620,620,620,620
164,164,164,164,164,164,164,164,164,164,164,164,164,164,164,164,164,164,164,164,164,164,154,154,154,154,154,154,154,154,154,154,154,154,154,154,154,154,154,154,154,154,154,154,144,144,144,144,144,144,144,144,144,144,144,144,144,144,144,144,144,144,144,144,144,144,139,139,139,139,139,139,139,139,139,139,139,139,139,139,139,139,139,139,139,139,139,139,134,134,134,134,134,134,134,134,134,134,134,134,134,134,134,134,134,134,134,134,134,134,123,123,123,123,123,123,123,123,123,123,123,123,123,123,123,120,120,120,120,120,120,120,120,120,120,120,120,120,116,116,116,116,116,116,116,116,116,116,112,112,112,112,112,112,112,112,109,109,109,109,109,109,109,109,104,104,104,104,104,104,104,104,99,99,99,99,99,99,99,99,96,96,96,96,96,96,96,96

<-- VOO -->
AA0714	VIE	CTB
6	21:45
70
20
900,900,800,800
700,700,700,700,620,620,620,620
164,164,164,164,164,164,164,164,164,164,164,164,164,164,164,164,164,164,164,164,164,164,154,154,154,154,154,154,154,154,154,154,154,154,154,154,154,154,154,154,154,154,154,154,144,144,144,144,144,144,144,144,144,144,144,144,144,144,144,144,144,144,144,144,144,144,139,139,139,139,139,139,139,139,139,139,139,139,139,139,139,139,139,139,139,139,139,139,134,134,134,134,134,134,134,134,134,134,134,134,134,134,134,134,134,134,134,134,134,134,123,123,123,123,123,123,123,123,123,123,123,123,123,123,123,120,120,120,120,120,120,120,120,120,120,120,120,120,116,116,116,116,116,116,116,116,116,116,112,112,112,112,112,112,112,112,109,109,109,109,109,109,109,109,104,104,104,104,104,104,104,104,99,99,99,99,99,99,99,99,96,96,96,96,96,96,96,96

<-- VOO -->
AA0715	CTB	KG
3	09:40
80
15
1600,1600,1400,1400
1200,1200,1200,1200,1000,1000,1000,1000
550,550,550,550,550,550,550,550,550,550,550,550,550,550,550,550,550,550,550,550,550,550,520,520,520,520,520,520,520,520,520,520,520,520,520,520,520,520,520,520,520,520,480,480,480,480,480,480,480,480,480,480,480,480,480,480,480,480,480,480,480,480,430,430,430,430,430,430,430,430,430,430,430,430,430,430,430,430,430,430,430,430,400,400,400,400,400,400,400,400,400,400,400,400,400,400,400,400,400,400,400,400,350,350,350,350,350,350,350,350,350,350,350,350,350,350,350,320,320,320,320,320,320,320,320,320,320,320,320,320,320,320,300,300,300,300,300,300,300,300,300,300,280,280,280,280,280,280,280,280,280,280,260,260,260,260,260,260,260,260,260,260,240,240,240,240,240,240,240,240,240,240,220,220,220,220,220,220,220,220,200,200,200,200,200,200,200,200

<-- VOO -->
AA0716	KG	CTB
3	22:00
80
15
1600,1600,1400,1400
1200,1200,1200,1200,1000,1000,1000,1000
550,550,550,550,550,550,550,550,550,550,550,550,550,550,550,550,550,550,550,550,550,550,520,520,520,520,520,520,520,520,520,520,520,520,520,520,520,520,520,520,520,520,480,480,480,480,480,480,480,480,480,480,480,480,480,480,480,480,480,480,480,480,430,430,430,430,430,430,430,430,430,430,430,430,430,430,430,430,430,430,430,430,400,400,400,400,400,400,400,400,400,400,400,400,400,400,400,400,400,400,400,400,350,350,350,350,350,350,350,350,350,350,350,350,350,350,350,320,320,320,320,320,320,320,320,320,320,320,320,320,320,320,300,300,300,300,300,300,300,300,300,300,280,280,280,280,280,280,280,280,280,280,260,260,260,260,260,260,260,260,260,260,240,240,240,240,240,240,240,240,240,240,220,220,220,220,220,220,220,220,200,200,200,200,200,200,200,200

<-- VOO -->
AA0717	CTB	NRT
3	14:40
80
15
1600,1600,1400,1400
1200,1200,1200,1200,1000,1000,1000,1000
550,550,550,550,550,550,550,550,550,550,550,550,550,550,550,550,550,550,550,550,550,550,520,520,520,520,520,520,520,520,520,520,520,520,520,520,520,520,520,520,520,520,480,480,480,480,480,480,480,480,480,480,480,480,480,480,480,480,480,480,480,480,430,430,430,430,430,430,430,430,430,430,430,430,430,430,430,430,430,430,430,430,400,400,400,400,400,400,400,400,400,400,400,400,400,400,400,400,400,400,400,400,350,350,350,350,350,350,350,350,350,350,350,350,350,350,350,320,320,320,320,320,320,320,320,320,320,320,320,320,320,320,300,300,300,300,300,300,300,300,300,300,280,280,280,280,280,280,280,280,280,280,260,260,260,260,260,260,260,260,260,260,240,240,240,240,240,240,240,240,240,240,220,220,220,220,220,220,220,220,200,200,200,200,200,200,200,200

<-- VOO -->
AA0718	NRT	CTB
3	17:20
80
15
1600,1600,1400,1400
1200,1200,1200,1200,1000,1000,1000,1000
550,550,550,550,550,550,550,550,550,550,550,550,550,550,550,550,550,550,550,550,550,550,520,520,520,520,520,520,520,520,520,520,520,520,520,520,520,520,520,520,520,520,480,480,480,480,480,480,480,480,480,480,480,480,480,480,480,480,480,480,480,480,430,430,430,430,430,430,430,430,430,430,430,430,430,430,430,430,430,430,430,430,400,400,400,400,400,400,400,400,400,400,400,400,400,400,400,400,400,400,400,400,350,350,350,350,350,350,350,350,350,350,350,350,350,350,350,320,320,320,320,320,320,320,320,320,320,320,320,320,320,320,300,300,300,300,300,300,300,300,300,300,280,280,280,280,280,280,280,280,280,280,260,260,260,260,260,260,260,260,260,260,240,240,240,240,240,240,240,240,240,240,220,220,220,220,220,220,220,220,200,200,200,200,200,200,200,200

<-- VOO -->
AA0719	CTB	NRT
4	09:35
100
25
1750,1750,1600,1600
1450,1450,1450,1450,1250,1250,1250,1250
610,610,610,610,610,610,610,610,610,610,610,610,610,610,610,610,610,610,610,610,610,610,580,580,580,580,580,580,580,580,580,580,580,580,580,580,580,580,580,580,580,580,580,580,540,540,540,540,540,540,540,540,540,540,540,540,540,540,540,540,540,540,540,540,540,540,490,490,490,490,490,490,490,490,490,490,490,490,490,490,490,490,490,490,490,490,490,490,460,460,460,460,460,460,460,460,460,460,460,460,460,460,460,460,460,460,460,460,460,460,410,410,410,410,410,410,410,410,410,410,410,410,410,410,410,380,380,380,380,380,380,380,380,380,380,380,380,380,360,360,360,360,360,360,360,360,360,360,340,340,340,340,340,340,340,340,320,320,320,320,320,320,320,320,300,300,300,300,300,300,300,300,280,280,280,280,280,280,280,280,260,260,260,260,260,260,260,260

<-- VOO -->
AA0720	NRT	CTB
4	21:40
100
25
1750,1750,1600,1600
1450,1450,1450,1450,1250,1250,1250,1250
610,610,610,610,610,610,610,610,610,610,610,610,610,610,610,610,610,610,610,610,610,610,580,580,580,580,580,580,580,580,580,580,580,580,580,580,580,580,580,580,580,580,580,580,540,540,540,540,540,540,540,540,540,540,540,540,540,540,540,540,540,540,540,540,540,540,490,490,490,490,490,490,490,490,490,490,490,490,490,490,490,490,490,490,490,490,490,490,460,460,460,460,460,460,460,460,460,460,460,460,460,460,460,460,460,460,460,460,460,460,410,410,410,410,410,410,410,410,410,410,410,410,410,410,410,380,380,380,380,380,380,380,380,380,380,380,380,380,360,360,360,360,360,360,360,360,360,360,340,340,340,340,340,340,340,340,320,320,320,320,320,320,320,320,300,300,300,300,300,300,300,300,280,280,280,280,280,280,280,280,260,260,260,260,260,260,260,260

<-- VOO -->
AA0721	CTB	HND
1	14:40
80
15
1600,1600,1400,1400
1200,1200,1200,1200,1000,1000,1000,1000
550,550,550,550,550,550,550,550,550,550,550,550,550,550,550,550,550,550,550,550,550,550,520,520,520,520,520,520,520,520,520,520,520,520,520,520,520,520,520,520,520,520,480,480,480,480,480,480,480,480,480,480,480,480,480,480,480,480,480,480,480,480,430,430,430,430,430,430,430,430,430,430,430,430,430,430,430,430,430,430,430,430,400,400,400,400,400,400,400,400,400,400,400,400,400,400,400,400,400,400,400,400,350,350,350,350,350,350,350,350,350,350,350,350,350,350,350,320,320,320,320,320,320,320,320,320,320,320,320,320,320,320,300,300,300,300,300,300,300,300,300,300,280,280,280,280,280,280,280,280,280,280,260,260,260,260,260,260,260,260,260,260,240,240,240,240,240,240,240,240,240,240,220,220,220,220,220,220,220,220,200,200,200,200,200,200,200,200

<-- VOO -->
AA0722	HND	CTB
1	17:20
80
15
1600,1600,1400,1400
1200,1200,1200,1200,1000,1000,1000,1000
550,550,550,550,550,550,550,550,550,550,550,550,550,550,550,550,550,550,550,550,550,550,520,520,520,520,520,520,520,520,520,520,520,520,520,520,520,520,520,520,520,520,480,480,480,480,480,480,480,480,480,480,480,480,480,480,480,480,480,480,480,480,430,430,430,430,430,430,430,430,430,430,430,430,430,430,430,430,430,430,430,430,400,400,400,400,400,400,400,400,400,400,400,400,400,400,400,400,400,400,400,400,350,350,350,350,350,350,350,350,350,350,350,350,350,350,350,320,320,320,320,320,320,320,320,320,320,320,320,320,320,320,300,300,300,300,300,300,300,300,300,300,280,280,280,280,280,280,280,280,280,280,260,260,260,260,260,260,260,260,260,260,240,240,240,240,240,240,240,240,240,240,220,220,220,220,220,220,220,220,200,200,200,200,200,200,200,200

<-- VOO -->
AA0723	CTB	ICN
1	10:55
80
15
1600,1600,1400,1400
1200,1200,1200,1200,1000,1000,1000,1000
550,550,550,550,550,550,550,550,550,550,550,550,550,550,550,550,550,550,550,550,550,550,520,520,520,520,520,520,520,520,520,520,520,520,520,520,520,520,520,520,520,520,480,480,480,480,480,480,480,480,480,480,480,480,480,480,480,480,480,480,480,480,430,430,430,430,430,430,430,430,430,430,430,430,430,430,430,430,430,430,430,430,400,400,400,400,400,400,400,400,400,400,400,400,400,400,400,400,400,400,400,400,350,350,350,350,350,350,350,350,350,350,350,350,350,350,350,320,320,320,320,320,320,320,320,320,320,320,320,320,320,320,300,300,300,300,300,300,300,300,300,300,280,280,280,280,280,280,280,280,280,280,260,260,260,260,260,260,260,260,260,260,240,240,240,240,240,240,240,240,240,240,220,220,220,220,220,220,220,220,200,200,200,200,200,200,200,200

<-- VOO -->
AA0724	ICN	CTB
1	21:05
80
15
1600,1600,1400,1400
1200,1200,1200,1200,1000,1000,1000,1000
550,550,550,550,550,550,550,550,550,550,550,550,550,550,550,550,550,550,550,550,550,550,520,520,520,520,520,520,520,520,520,520,520,520,520,520,520,520,520,520,520,520,480,480,480,480,480,480,480,480,480,480,480,480,480,480,480,480,480,480,480,480,430,430,430,430,430,430,430,430,430,430,430,430,430,430,430,430,430,430,430,430,400,400,400,400,400,400,400,400,400,400,400,400,400,400,400,400,400,400,400,400,350,350,350,350,350,350,350,350,350,350,350,350,350,350,350,320,320,320,320,320,320,320,320,320,320,320,320,320,320,320,300,300,300,300,300,300,300,300,300,300,280,280,280,280,280,280,280,280,280,280,260,260,260,260,260,260,260,260,260,260,240,240,240,240,240,240,240,240,240,240,220,220,220,220,220,220,220,220,200,200,200,200,200,200,200,200

<-- VOO -->
AA0725	CTB	ICN
2	13:30
80
15
1600,1600,1400,1400
1200,1200,1200,1200,1000,1000,1000,1000
550,550,550,550,550,550,550,550,550,550,550,550,550,550,550,550,550,550,550,550,550,550,520,520,520,520,520,520,520,520,520,520,520,520,520,520,520,520,520,520,520,520,480,480,480,480,480,480,480,480,480,480,480,480,480,480,480,480,480,480,480,480,430,430,430,430,430,430,430,430,430,430,430,430,430,430,430,430,430,430,430,430,400,400,400,400,400,400,400,400,400,400,400,400,400,400,400,400,400,400,400,400,350,350,350,350,350,350,350,350,350,350,350,350,350,350,350,320,320,320,320,320,320,320,320,320,320,320,320,320,320,320,300,300,300,300,300,300,300,300,300,300,280,280,280,280,280,280,280,280,280,280,260,260,260,260,260,260,260,260,260,260,240,240,240,240,240,240,240,240,240,240,220,220,220,220,220,220,220,220,200,200,200,200,200,200,200,200

<-- VOO -->
AA0726	ICN	CTB
2	16:15
80
15
1600,1600,1400,1400
1200,1200,1200,1200,1000,1000,1000,1000
550,550,550,550,550,550,550,550,550,550,550,550,550,550,550,550,550,550,550,550,550,550,520,520,520,520,520,520,520,520,520,520,520,520,520,520,520,520,520,520,520,520,480,480,480,480,480,480,480,480,480,480,480,480,480,480,480,480,480,480,480,480,430,430,430,430,430,430,430,430,430,430,430,430,430,430,430,430,430,430,430,430,400,400,400,400,400,400,400,400,400,400,400,400,400,400,400,400,400,400,400,400,350,350,350,350,350,350,350,350,350,350,350,350,350,350,350,320,320,320,320,320,320,320,320,320,320,320,320,320,320,320,300,300,300,300,300,300,300,300,300,300,280,280,280,280,280,280,280,280,280,280,260,260,260,260,260,260,260,260,260,260,240,240,240,240,240,240,240,240,240,240,220,220,220,220,220,220,220,220,200,200,200,200,200,200,200,200

<-- VOO -->
AA0727	CTB	SIN
0	09:35
100
25
1750,1750,1600,1600
1450,1450,1450,1450,1250,1250,1250,1250
610,610,610,610,610,610,610,610,610,610,610,610,610,610,610,610,610,610,610,610,610,610,580,580,580,580,580,580,580,580,580,580,580,580,580,580,580,580,580,580,580,580,580,580,540,540,540,540,540,540,540,540,540,540,540,540,540,540,540,540,540,540,540,540,540,540,490,490,490,490,490,490,490,490,490,490,490,490,490,490,490,490,490,490,490,490,490,490,460,460,460,460,460,460,460,460,460,460,460,460,460,460,460,460,460,460,460,460,460,460,410,410,410,410,410,410,410,410,410,410,410,410,410,410,410,380,380,380,380,380,380,380,380,380,380,380,380,380,360,360,360,360,360,360,360,360,360,360,340,340,340,340,340,340,340,340,320,320,320,320,320,320,320,320,300,300,300,300,300,300,300,300,280,280,280,280,280,280,280,280,260,260,260,260,260,260,260,260

<-- VOO -->
AA0728	SIN	CTB
0	15:50
100
25
1750,1750,1600,1600
1450,1450,1450,1450,1250,1250,1250,1250
610,610,610,610,610,610,610,610,610,610,610,610,610,610,610,610,610,610,610,610,610,610,580,580,580,580,580,580,580,580,580,580,580,580,580,580,580,580,580,580,580,580,580,580,540,540,540,540,540,540,540,540,540,540,540,540,540,540,540,540,540,540,540,540,540,540,490,490,490,490,490,490,490,490,490,490,490,490,490,490,490,490,490,490,490,490,490,490,460,460,460,460,460,460,460,460,460,460,460,460,460,460,460,460,460,460,460,460,460,460,410,410,410,410,410,410,410,410,410,410,410,410,410,410,410,380,380,380,380,380,380,380,380,380,380,380,380,380,360,360,360,360,360,360,360,360,360,360,340,340,340,340,340,340,340,340,320,320,320,320,320,320,320,320,300,300,300,300,300,300,300,300,280,280,280,280,280,280,280,280,260,260,260,260,260,260,260,260

<-- VOO -->
AA0729	CTB	BKK
5	13:50
100
25
1750,1750,1600,1600
1450,1450,1450,1450,1250,1250,1250,1250
610,610,610,610,610,610,610,610,610,610,610,610,610,610,610,610,610,610,610,610,610,610,580,580,580,580,580,580,580,580,580,580,580,580,580,580,580,580,580,580,580,580,580,580,540,540,540,540,540,540,540,540,540,540,540,540,540,540,540,540,540,540,540,540,540,540,490,490,490,490,490,490,490,490,490,490,490,490,490,490,490,490,490,490,490,490,490,490,460,460,460,460,460,460,460,460,460,460,460,460,460,460,460,460,460,460,460,460,460,460,410,410,410,410,410,410,410,410,410,410,410,410,410,410,410,380,380,380,380,380,380,380,380,380,380,380,380,380,360,360,360,360,360,360,360,360,360,360,340,340,340,340,340,340,340,340,320,320,320,320,320,320,320,320,300,300,300,300,300,300,300,300,280,280,280,280,280,280,280,280,260,260,260,260,260,260,260,260

<-- VOO -->
AA0730	BKK	CTB
5	19:25
100
25
1750,1750,1600,1600
1450,1450,1450,1450,1250,1250,1250,1250
610,610,610,610,610,610,610,610,610,610,610,610,610,610,610,610,610,610,610,610,610,610,580,580,580,580,580,580,580,580,580,580,580,580,580,580,580,580,580,580,580,580,580,580,540,540,540,540,540,540,540,540,540,540,540,540,540,540,540,540,540,540,540,540,540,540,490,490,490,490,490,490,490,490,490,490,490,490,490,490,490,490,490,490,490,490,490,490,460,460,460,460,460,460,460,460,460,460,460,460,460,460,460,460,460,460,460,460,460,460,410,410,410,410,410,410,410,410,410,410,410,410,410,410,410,380,380,380,380,380,380,380,380,380,380,380,380,380,360,360,360,360,360,360,360,360,360,360,340,340,340,340,340,340,340,340,320,320,320,320,320,320,320,320,300,300,300,300,300,300,300,300,280,280,280,280,280,280,280,280,260,260,260,260,260,260,260,260

<-- VOO -->
AA0731	CTB	DEL
1	06:05
80
15
1600,1600,1400,1400
1200,1200,1200,1200,1000,1000,1000,1000
550,550,550,550,550,550,550,550,550,550,550,550,550,550,550,550,550,550,550,550,550,550,520,520,520,520,520,520,520,520,520,520,520,520,520,520,520,520,520,520,520,520,480,480,480,480,480,480,480,480,480,480,480,480,480,480,480,480,480,480,480,480,430,430,430,430,430,430,430,430,430,430,430,430,430,430,430,430,430,430,430,430,400,400,400,400,400,400,400,400,400,400,400,400,400,400,400,400,400,400,400,400,350,350,350,350,350,350,350,350,350,350,350,350,350,350,350,320,320,320,320,320,320,320,320,320,320,320,320,320,320,320,300,300,300,300,300,300,300,300,300,300,280,280,280,280,280,280,280,280,280,280,260,260,260,260,260,260,260,260,260,260,240,240,240,240,240,240,240,240,240,240,220,220,220,220,220,220,220,220,200,200,200,200,200,200,200,200

<-- VOO -->
AA0732	DEL	CTB
1	19:25
80
15
1600,1600,1400,1400
1200,1200,1200,1200,1000,1000,1000,1000
550,550,550,550,550,550,550,550,550,550,550,550,550,550,550,550,550,550,550,550,550,550,520,520,520,520,520,520,520,520,520,520,520,520,520,520,520,520,520,520,520,520,480,480,480,480,480,480,480,480,480,480,480,480,480,480,480,480,480,480,480,480,430,430,430,430,430,430,430,430,430,430,430,430,430,430,430,430,430,430,430,430,400,400,400,400,400,400,400,400,400,400,400,400,400,400,400,400,400,400,400,400,350,350,350,350,350,350,350,350,350,350,350,350,350,350,350,320,320,320,320,320,320,320,320,320,320,320,320,320,320,320,300,300,300,300,300,300,300,300,300,300,280,280,280,280,280,280,280,280,280,280,260,260,260,260,260,260,260,260,260,260,240,240,240,240,240,240,240,240,240,240,220,220,220,220,220,220,220,220,200,200,200,200,200,200,200,200

<-- VOO -->
AA0733	CTB	KUL
3	10:20
80
15
1600,1600,1400,1400
1200,1200,1200,1200,1000,1000,1000,1000
550,550,550,550,550,550,550,550,550,550,550,550,550,550,550,550,550,550,550,550,550,550,520,520,520,520,520,520,520,520,520,520,520,520,520,520,520,520,520,520,520,520,480,480,480,480,480,480,480,480,480,480,480,480,480,480,480,480,480,480,480,480,430,430,430,430,430,430,430,430,430,430,430,430,430,430,430,430,430,430,430,430,400,400,400,400,400,400,400,400,400,400,400,400,400,400,400,400,400,400,400,400,350,350,350,350,350,350,350,350,350,350,350,350,350,350,350,320,320,320,320,320,320,320,320,320,320,320,320,320,320,320,300,300,300,300,300,300,300,300,300,300,280,280,280,280,280,280,280,280,280,280,260,260,260,260,260,260,260,260,260,260,240,240,240,240,240,240,240,240,240,240,220,220,220,220,220,220,220,220,200,200,200,200,200,200,200,200

<-- VOO -->
AA0734	KUL	CTB
3	23:25
80
15
1600,1600,1400,1400
1200,1200,1200,1200,1000,1000,1000,1000
550,550,550,550,550,550,550,550,550,550,550,550,550,550,550,550,550,550,550,550,550,550,520,520,520,520,520,520,520,520,520,520,520,520,520,520,520,520,520,520,520,520,480,480,480,480,480,480,480,480,480,480,480,480,480,480,480,480,480,480,480,480,430,430,430,430,430,430,430,430,430,430,430,430,430,430,430,430,430,430,430,430,400,400,400,400,400,400,400,400,400,400,400,400,400,400,400,400,400,400,400,400,350,350,350,350,350,350,350,350,350,350,350,350,350,350,350,320,320,320,320,320,320,320,320,320,320,320,320,320,320,320,300,300,300,300,300,300,300,300,300,300,280,280,280,280,280,280,280,280,280,280,260,260,260,260,260,260,260,260,260,260,240,240,240,240,240,240,240,240,240,240,220,220,220,220,220,220,220,220,200,200,200,200,200,200,200,200

<-- VOO -->
AA0735	CTB	SHA
1	11:25
80
15
1600,1600,1400,1400
1200,1200,1200,1200,1000,1000,1000,1000
550,550,550,550,550,550,550,550,550,550,550,550,550,550,550,550,550,550,550,550,550,550,520,520,520,520,520,520,520,520,520,520,520,520,520,520,520,520,520,520,520,520,480,480,480,480,480,480,480,480,480,480,480,480,480,480,480,480,480,480,480,480,430,430,430,430,430,430,430,430,430,430,430,430,430,430,430,430,430,430,430,430,400,400,400,400,400,400,400,400,400,400,400,400,400,400,400,400,400,400,400,400,350,350,350,350,350,350,350,350,350,350,350,350,350,350,350,320,320,320,320,320,320,320,320,320,320,320,320,320,320,320,300,300,300,300,300,300,300,300,300,300,280,280,280,280,280,280,280,280,280,280,260,260,260,260,260,260,260,260,260,260,240,240,240,240,240,240,240,240,240,240,220,220,220,220,220,220,220,220,200,200,200,200,200,200,200,200

<-- VOO -->
AA0736	SHA	CTB
1	18:15
80
15
1600,1600,1400,1400
1200,1200,1200,1200,1000,1000,1000,1000
550,550,550,550,550,550,550,550,550,550,550,550,550,550,550,550,550,550,550,550,550,550,520,520,520,520,520,520,520,520,520,520,520,520,520,520,520,520,520,520,520,520,480,480,480,480,480,480,480,480,480,480,480,480,480,480,480,480,480,480,480,480,430,430,430,430,430,430,430,430,430,430,430,430,430,430,430,430,430,430,430,430,400,400,400,400,400,400,400,400,400,400,400,400,400,400,400,400,400,400,400,400,350,350,350,350,350,350,350,350,350,350,350,350,350,350,350,320,320,320,320,320,320,320,320,320,320,320,320,320,320,320,300,300,300,300,300,300,300,300,300,300,280,280,280,280,280,280,280,280,280,280,260,260,260,260,260,260,260,260,260,260,240,240,240,240,240,240,240,240,240,240,220,220,220,220,220,220,220,220,200,200,200,200,200,200,200,200

<-- VOO -->
AA0737	CTB	PEK
3	11:40
80
15
1600,1600,1400,1400
1200,1200,1200,1200,1000,1000,1000,1000
550,550,550,550,550,550,550,550,550,550,550,550,550,550,550,550,550,550,550,550,550,550,520,520,520,520,520,520,520,520,520,520,520,520,520,520,520,520,520,520,520,520,480,480,480,480,480,480,480,480,480,480,480,480,480,480,480,480,480,480,480,480,430,430,430,430,430,430,430,430,430,430,430,430,430,430,430,430,430,430,430,430,400,400,400,400,400,400,400,400,400,400,400,400,400,400,400,400,400,400,400,400,350,350,350,350,350,350,350,350,350,350,350,350,350,350,350,320,320,320,320,320,320,320,320,320,320,320,320,320,320,320,300,300,300,300,300,300,300,300,300,300,280,280,280,280,280,280,280,280,280,280,260,260,260,260,260,260,260,260,260,260,240,240,240,240,240,240,240,240,240,240,220,220,220,220,220,220,220,220,200,200,200,200,200,200,200,200

<-- VOO -->
AA0738	PEK	CTB
3	23:35
80
15
1600,1600,1400,1400
1200,1200,1200,1200,1000,1000,1000,1000
550,550,550,550,550,550,550,550,550,550,550,550,550,550,550,550,550,550,550,550,550,550,520,520,520,520,520,520,520,520,520,520,520,520,520,520,520,520,520,520,520,520,480,480,480,480,480,480,480,480,480,480,480,480,480,480,480,480,480,480,480,480,430,430,430,430,430,430,430,430,430,430,430,430,430,430,430,430,430,430,430,430,400,400,400,400,400,400,400,400,400,400,400,400,400,400,400,400,400,400,400,400,350,350,350,350,350,350,350,350,350,350,350,350,350,350,350,320,320,320,320,320,320,320,320,320,320,320,320,320,320,320,300,300,300,300,300,300,300,300,300,300,280,280,280,280,280,280,280,280,280,280,260,260,260,260,260,260,260,260,260,260,240,240,240,240,240,240,240,240,240,240,220,220,220,220,220,220,220,220,200,200,200,200,200,200,200,200

<-- VOO -->
AA0739	CTB	PEK
5	10:30
100
25
1750,1750,1600,1600
1450,1450,1450,1450,1250,1250,1250,1250
610,610,610,610,610,610,610,610,610,610,610,610,610,610,610,610,610,610,610,610,610,610,580,580,580,580,580,580,580,580,580,580,580,580,580,580,580,580,580,580,580,580,580,580,540,540,540,540,540,540,540,540,540,540,540,540,540,540,540,540,540,540,540,540,540,540,490,490,490,490,490,490,490,490,490,490,490,490,490,490,490,490,490,490,490,490,490,490,460,460,460,460,460,460,460,460,460,460,460,460,460,460,460,460,460,460,460,460,460,460,410,410,410,410,410,410,410,410,410,410,410,410,410,410,410,380,380,380,380,380,380,380,380,380,380,380,380,380,360,360,360,360,360,360,360,360,360,360,340,340,340,340,340,340,340,340,320,320,320,320,320,320,320,320,300,300,300,300,300,300,300,300,280,280,280,280,280,280,280,280,260,260,260,260,260,260,260,260

<-- VOO -->
AA0740	PEK	CTB
5	20:10
100
25
1750,1750,1600,1600
1450,1450,1450,1450,1250,1250,1250,1250
610,610,610,610,610,610,610,610,610,610,610,610,610,610,610,610,610,610,610,610,610,610,580,580,580,580,580,580,580,580,580,580,580,580,580,580,580,580,580,580,580,580,580,580,540,540,540,540,540,540,540,540,540,540,540,540,540,540,540,540,540,540,540,540,540,540,490,490,490,490,490,490,490,490,490,490,490,490,490,490,490,490,490,490,490,490,490,490,460,460,460,460,460,460,460,460,460,460,460,460,460,460,460,460,460,460,460,460,460,460,410,410,410,410,410,410,410,410,410,410,410,410,410,410,410,380,380,380,380,380,380,380,380,380,380,380,380,380,360,360,360,360,360,360,360,360,360,360,340,340,340,340,340,340,340,340,320,320,320,320,320,320,320,320,300,300,300,300,300,300,300,300,280,280,280,280,280,280,280,280,260,260,260,260,260,260,260,260

<-- VOO -->
AA0741	CTB	DXB
0	08:40
100
25
1750,1750,1600,1600
1450,1450,1450,1450,1250,1250,1250,1250
610,610,610,610,610,610,610,610,610,610,610,610,610,610,610,610,610,610,610,610,610,610,580,580,580,580,580,580,580,580,580,580,580,580,580,580,580,580,580,580,580,580,580,580,540,540,540,540,540,540,540,540,540,540,540,540,540,540,540,540,540,540,540,540,540,540,490,490,490,490,490,490,490,490,490,490,490,490,490,490,490,490,490,490,490,490,490,490,460,460,460,460,460,460,460,460,460,460,460,460,460,460,460,460,460,460,460,460,460,460,410,410,410,410,410,410,410,410,410,410,410,410,410,410,410,380,380,380,380,380,380,380,380,380,380,380,380,380,360,360,360,360,360,360,360,360,360,360,340,340,340,340,340,340,340,340,320,320,320,320,320,320,320,320,300,300,300,300,300,300,300,300,280,280,280,280,280,280,280,280,260,260,260,260,260,260,260,260

<-- VOO -->
AA0742	DXB	CTB
0	17:10
100
25
1750,1750,1600,1600
1450,1450,1450,1450,1250,1250,1250,1250
610,610,610,610,610,610,610,610,610,610,610,610,610,610,610,610,610,610,610,610,610,610,580,580,580,580,580,580,580,580,580,580,580,580,580,580,580,580,580,580,580,580,580,580,540,540,540,540,540,540,540,540,540,540,540,540,540,540,540,540,540,540,540,540,540,540,490,490,490,490,490,490,490,490,490,490,490,490,490,490,490,490,490,490,490,490,490,490,460,460,460,460,460,460,460,460,460,460,460,460,460,460,460,460,460,460,460,460,460,460,410,410,410,410,410,410,410,410,410,410,410,410,410,410,410,380,380,380,380,380,380,380,380,380,380,380,380,380,360,360,360,360,360,360,360,360,360,360,340,340,340,340,340,340,340,340,320,320,320,320,320,320,320,320,300,300,300,300,300,300,300,300,280,280,280,280,280,280,280,280,260,260,260,260,260,260,260,260

<-- VOO -->
AA0743	CTB	DXB
4	14:05
100
25
1750,1750,1600,1600
1450,1450,1450,1450,1250,1250,1250,1250
610,610,610,610,610,610,610,610,610,610,610,610,610,610,610,610,610,610,610,610,610,610,580,580,580,580,580,580,580,580,580,580,580,580,580,580,580,580,580,580,580,580,580,580,540,540,540,540,540,540,540,540,540,540,540,540,540,540,540,540,540,540,540,540,540,540,490,490,490,490,490,490,490,490,490,490,490,490,490,490,490,490,490,490,490,490,490,490,460,460,460,460,460,460,460,460,460,460,460,460,460,460,460,460,460,460,460,460,460,460,410,410,410,410,410,410,410,410,410,410,410,410,410,410,410,380,380,380,380,380,380,380,380,380,380,380,380,380,360,360,360,360,360,360,360,360,360,360,340,340,340,340,340,340,340,340,320,320,320,320,320,320,320,320,300,300,300,300,300,300,300,300,280,280,280,280,280,280,280,280,260,260,260,260,260,260,260,260

<-- VOO -->
AA0744	DXB	CTB
4	15:55
100
25
1750,1750,1600,1600
1450,1450,1450,1450,1250,1250,1250,1250
610,610,610,610,610,610,610,610,610,610,610,610,610,610,610,610,610,610,610,610,610,610,580,580,580,580,580,580,580,580,580,580,580,580,580,580,580,580,580,580,580,580,580,580,540,540,540,540,540,540,540,540,540,540,540,540,540,540,540,540,540,540,540,540,540,540,490,490,490,490,490,490,490,490,490,490,490,490,490,490,490,490,490,490,490,490,490,490,460,460,460,460,460,460,460,460,460,460,460,460,460,460,460,460,460,460,460,460,460,460,410,410,410,410,410,410,410,410,410,410,410,410,410,410,410,380,380,380,380,380,380,380,380,380,380,380,380,380,360,360,360,360,360,360,360,360,360,360,340,340,340,340,340,340,340,340,320,320,320,320,320,320,320,320,300,300,300,300,300,300,300,300,280,280,280,280,280,280,280,280,260,260,260,260,260,260,260,260

<-- VOO -->
AA0745	CTB	MNL
0	06:30
100
25
1750,1750,1600,1600
1450,1450,1450,1450,1250,1250,1250,1250
610,610,610,610,610,610,610,610,610,610,610,610,610,610,610,610,610,610,610,610,610,610,580,580,580,580,580,580,580,580,580,580,580,580,580,580,580,580,580,580,580,580,580,580,540,540,540,540,540,540,540,540,540,540,540,540,540,540,540,540,540,540,540,540,540,540,490,490,490,490,490,490,490,490,490,490,490,490,490,490,490,490,490,490,490,490,490,490,460,460,460,460,460,460,460,460,460,460,460,460,460,460,460,460,460,460,460,460,460,460,410,410,410,410,410,410,410,410,410,410,410,410,410,410,410,380,380,380,380,380,380,380,380,380,380,380,380,380,360,360,360,360,360,360,360,360,360,360,340,340,340,340,340,340,340,340,320,320,320,320,320,320,320,320,300,300,300,300,300,300,300,300,280,280,280,280,280,280,280,280,260,260,260,260,260,260,260,260

<-- VOO -->
AA0746	MNL	CTB
0	22:30
100
25
1750,1750,1600,1600
1450,1450,1450,1450,1250,1250,1250,1250
610,610,610,610,610,610,610,610,610,610,610,610,610,610,610,610,610,610,610,610,610,610,580,580,580,580,580,580,580,580,580,580,580,580,580,580,580,580,580,580,580,580,580,580,540,540,540,540,540,540,540,540,540,540,540,540,540,540,540,540,540,540,540,540,540,540,490,490,490,490,490,490,490,490,490,490,490,490,490,490,490,490,490,490,490,490,490,490,460,460,460,460,460,460,460,460,460,460,460,460,460,460,460,460,460,460,460,460,460,460,410,410,410,410,410,410,410,410,410,410,410,410,410,410,410,380,380,380,380,380,380,380,380,380,380,380,380,380,360,360,360,360,360,360,360,360,360,360,340,340,340,340,340,340,340,340,320,320,320,320,320,320,320,320,300,300,300,300,300,300,300,300,280,280,280,280,280,280,280,280,260,260,260,260,260,260,260,260

<-- VOO -->
AA0747	CTB	TPE
5	12:40
100
25
1750,1750,1600,1600
1450,1450,1450,1450,1250,1250,1250,1250
610,610,610,610,610,610,610,610,610,610,610,610,610,610,610,610,610,610,610,610,610,610,580,580,580,580,580,580,580,580,580,580,580,580,580,580,580,580,580,580,580,580,580,580,540,540,540,540,540,540,540,540,540,540,540,540,540,540,540,540,540,540,540,540,540,540,490,490,490,490,490,490,490,490,490,490,490,490,490,490,490,490,490,490,490,490,490,490,460,460,460,460,460,460,460,460,460,460,460,460,460,460,460,460,460,460,460,460,460,460,410,410,410,410,410,410,410,410,410,410,410,410,410,410,410,380,380,380,380,380,380,380,380,380,380,380,380,380,360,360,360,360,360,360,360,360,360,360,340,340,340,340,340,340,340,340,320,320,320,320,320,320,320,320,300,300,300,300,300,300,300,300,280,280,280,280,280,280,280,280,260,260,260,260,260,260,260,260

<-- VOO -->
AA0748	TPE	CTB
5	15:20
100
25
1750,1750,1600,1600
1450,1450,1450,1450,1250,1250,1250,1250
610,610,610,610,610,610,610,610,610,610,610,610,610,610,610,610,610,610,610,610,610,610,580,580,580,580,580,580,580,580,580,580,580,580,580,580,580,580,580,580,580,580,580,580,540,540,540,540,540,540,540,540,540,540,540,540,540,540,540,540,540,540,540,540,540,540,490,490,490,490,490,490,490,490,490,490,490,490,490,490,490,490,490,490,490,490,490,490,460,460,460,460,460,460,460,460,460,460,460,460,460,460,460,460,460,460,460,460,460,460,410,410,410,410,410,410,410,410,410,410,410,410,410,410,410,380,380,380,380,380,380,380,380,380,380,380,380,380,360,360,360,360,360,360,360,360,360,360,340,340,340,340,340,340,340,340,320,320,320,320,320,320,320,320,300,300,300,300,300,300,300,300,280,280,280,280,280,280,280,280,260,260,260,260,260,260,260,260

<-- VOO -->
AA0749	CTB	BOM
4	07:00
100
25
1750,1750,1600,1600
1450,1450,1450,1450,1250,1250,1250,1250
610,610,610,610,610,610,610,610,610,610,610,610,610,610,610,610,610,610,610,610,610,610,580,580,580,580,580,580,580,580,580,580,580,580,580,580,580,580,580,580,580,580,580,580,540,540,540,540,540,540,540,540,540,540,540,540,540,540,540,540,540,540,540,540,540,540,490,490,490,490,490,490,490,490,490,490,490,490,490,490,490,490,490,490,490,490,490,490,460,460,460,460,460,460,460,460,460,460,460,460,460,460,460,460,460,460,460,460,460,460,410,410,410,410,410,410,410,410,410,410,410,410,410,410,410,380,380,380,380,380,380,380,380,380,380,380,380,380,360,360,360,360,360,360,360,360,360,360,340,340,340,340,340,340,340,340,320,320,320,320,320,320,320,320,300,300,300,300,300,300,300,300,280,280,280,280,280,280,280,280,260,260,260,260,260,260,260,260

<-- VOO -->
AA0750	BOM	CTB
4	19:45
100
25
1750,1750,1600,1600
1450,1450,1450,1450,1250,1250,1250,1250
610,610,610,610,610,610,610,610,610,610,610,610,610,610,610,610,610,610,610,610,610,610,580,580,580,580,580,580,580,580,580,580,580,580,580,580,580,580,580,580,580,580,580,580,540,540,540,540,540,540,540,540,540,540,540,540,540,540,540,540,540,540,540,540,540,540,490,490,490,490,490,490,490,490,490,490,490,490,490,490,490,490,490,490,490,490,490,490,460,460,460,460,460,460,460,460,460,460,460,460,460,460,460,460,460,460,460,460,460,460,410,410,410,410,410,410,410,410,410,410,410,410,410,410,410,380,380,380,380,380,380,380,380,380,380,380,380,380,360,360,360,360,360,360,360,360,360,360,340,340,340,340,340,340,340,340,320,320,320,320,320,320,320,320,300,300,300,300,300,300,300,300,280,280,280,280,280,280,280,280,260,260,260,260,260,260,260,260

<-- VOO -->
AA0751	CTB	CGK
0	07:25
100
25
1750,1750,1600,1600
1450,1450,1450,1450,1250,1250,1250,1250
610,610,610,610,610,610,610,610,610,610,610,610,610,610,610,610,610,610,610,610,610,610,580,580,580,580,580,580,580,580,580,580,580,580,580,580,580,580,580,580,580,580,580,580,540,540,540,540,540,540,540,540,540,540,540,540,540,540,540,540,540,540,540,540,540,540,490,490,490,490,490,490,490,490,490,490,490,490,490,490,490,490,490,490,490,490,490,490,460,460,460,460,460,460,460,460,460,460,460,460,460,460,460,460,460,460,460,460,460,460,410,410,410,410,410,410,410,410,410,410,410,410,410,410,410,380,380,380,380,380,380,380,380,380,380,380,380,380,360,360,360,360,360,360,360,360,360,360,340,340,340,340,340,340,340,340,320,320,320,320,320,320,320,320,300,300,300,300,300,300,300,300,280,280,280,280,280,280,280,280,260,260,260,260,260,260,260,260

<-- VOO -->
AA0752	CGK	CTB
0	18:55
100
25
1750,1750,1600,1600
1450,1450,1450,1450,1250,1250,1250,1250
610,610,610,610,610,610,610,610,610,610,610,610,610,610,610,610,610,610,610,610,610,610,580,580,580,580,580,580,580,580,580,580,580,580,580,580,580,580,580,580,580,580,580,580,540,540,540,540,540,540,540,540,540,540,540,540,540,540,540,540,540,540,540,540,540,540,490,490,490,490,490,490,490,490,490,490,490,490,490,490,490,490,490,490,490,490,490,490,460,460,460,460,460,460,460,460,460,460,460,460,460,460,460,460,460,460,460,460,460,460,410,410,410,410,410,410,410,410,410,410,410,410,410,410,410,380,380,380,380,380,380,380,380,380,380,380,380,380,360,360,360,360,360,360,360,360,360,360,340,340,340,340,340,340,340,340,320,320,320,320,320,320,320,320,300,300,300,300,300,300,300,300,280,280,280,280,280,280,280,280,260,260,260,260,260,260,260,260

<-- VOO -->
AA0753	CTB	BOM
1	13:45
80
15
1600,1600,1400,1400
1200,1200,1200,1200,1000,1000,1000,1000
550,550,550,550,550,550,550,550,550,550,550,550,550,550,550,550,550,550,550,550,550,550,520,520,520,520,520,520,520,520,520,520,520,520,520,520,520,520,520,520,520,520,480,480,480,480,480,480,480,480,480,480,480,480,480,480,480,480,480,480,480,480,430,430,430,430,430,430,430,430,430,430,430,430,430,430,430,430,430,430,430,430,400,400,400,400,400,400,400,400,400,400,400,400,400,400,400,400,400,400,400,400,350,350,350,350,350,350,350,350,350,350,350,350,350,350,350,320,320,320,320,320,320,320,320,320,320,320,320,320,320,320,300,300,300,300,300,300,300,300,300,300,280,280,280,280,280,280,280,280,280,280,260,260,260,260,260,260,260,260,260,260,240,240,240,240,240,240,240,240,240,240,220,220,220,220,220,220,220,220,200,200,200,200,200,200,200,200

<-- VOO -->
AA0754	BOM	CTB
1	16:10
80
15
1600,1600,1400,1400
1200,1200,1200,1200,1000,1000,1000,1000
550,550,550,550,550,550,550,550,550,550,550,550,550,550,550,550,550,550,550,550,550,550,520,520,520,520,520,520,520,520,520,520,520,520,520,520,520,520,520,520,520,520,480,480,480,480,480,480,480,480,480,480,480,480,480,480,480,480,480,480,480,480,430,430,430,430,430,430,430,430,430,430,430,430,430,430,430,430,430,430,430,430,400,400,400,400,400,400,400,400,400,400,400,400,400,400,400,400,400,400,400,400,350,350,350,350,350,350,350,350,350,350,350,350,350,350,350,320,320,320,320,320,320,320,320,320,320,320,320,320,320,320,300,300,300,300,300,300,300,300,300,300,280,280,280,280,280,280,280,280,280,280,260,260,260,260,260,260,260,260,260,260,240,240,240,240,240,240,240,240,240,240,220,220,220,220,220,220,220,220,200,200,200,200,200,200,200,200

<-- VOO -->
AA0755	CTB	CEB
1	13:40
80
15
1600,1600,1400,1400
1200,1200,1200,1200,1000,1000,1000,1000
550,550,550,550,550,550,550,550,550,550,550,550,550,550,550,550,550,550,550,550,550,550,520,520,520,520,520,520,520,520,520,520,520,520,520,520,520,520,520,520,520,520,480,480,480,480,480,480,480,480,480,480,480,480,480,480,480,480,480,480,480,480,430,430,430,430,430,430,430,430,430,430,430,430,430,430,430,430,430,430,430,430,400,400,400,400,400,400,400,400,400,400,400,400,400,400,400,400,400,400,400,400,350,350,350,350,350,350,350,350,350,350,350,350,350,350,350,320,320,320,320,320,320,320,320,320,320,320,320,320,320,320,300,300,300,300,300,300,300,300,300,300,280,280,280,280,280,280,280,280,280,280,260,260,260,260,260,260,260,260,260,260,240,240,240,240,240,240,240,240,240,240,220,220,220,220,220,220,220,220,200,200,200,200,200,200,200,200

<-- VOO -->
AA0756	CEB	CTB
1	15:25
80
15
1600,1600,1400,1400
1200,1200,1200,1200,1000,1000,1000,1000
550,550,550,550,550,550,550,550,550,550,550,550,550,550,550,550,550,550,550,550,550,550,520,520,520,520,520,520,520,520,520,520,520,520,520,520,520,520,520,520,520,520,480,480,480,480,480,480,480,480,480,480,480,480,480,480,480,480,480,480,480,480,430,430,430,430,430,430,430,430,430,430,430,430,430,430,430,430,430,430,430,430,400,400,400,400,400,400,400,400,400,400,400,400,400,400,400,400,400,400,400,400,350,350,350,350,350,350,350,350,350,350,350,350,350,350,350,320,320,320,320,320,320,320,320,320,320,320,320,320,320,320,300,300,300,300,300,300,300,300,300,300,280,280,280,280,280,280,280,280,280,280,260,260,260,260,260,260,260,260,260,260,240,240,240,240,240,240,240,240,240,240,220,220,220,220,220,220,220,220,200,200,200,200,200,200,200,200

<-- VOO -->
AA0757	CTB	JFK
0	13:45
100
25
1750,1750,1600,1600
1450,1450,1450,1450,1250,1250,1250,1250
610,610,610,610,610,610,610,610,610,610,610,610,610,610,610,610,610,610,610,610,610,610,580,580,580,580,580,580,580,580,580,580,580,580,580,580,580,580,580,580,580,580,580,580,540,540,540,540,540,540,540,540,540,540,540,540,540,540,540,540,540,540,540,540,540,540,490,490,490,490,490,490,490,490,490,490,490,490,490,490,490,490,490,490,490,490,490,490,460,460,460,460,460,460,460,460,460,460,460,460,460,460,460,460,460,460,460,460,460,460,410,410,410,410,410,410,410,410,410,410,410,410,410,410,410,380,380,380,380,380,380,380,380,380,380,380,380,380,360,360,360,360,360,360,360,360,360,360,340,340,340,340,340,340,340,340,320,320,320,320,320,320,320,320,300,300,300,300,300,300,300,300,280,280,280,280,280,280,280,280,260,260,260,260,260,260,260,260

<-- VOO -->
AA0758	JFK	CTB
0	20:00
100
25
1750,1750,1600,1600
1450,1450,1450,1450,1250,1250,1250,1250
610,610,610,610,610,610,610,610,610,610,610,610,610,610,610,610,610,610,610,610,610,610,580,580,580,580,580,580,580,580,580,580,580,580,580,580,580,580,580,580,580,580,580,580,540,540,540,540,540,540,540,540,540,540,540,540,540,540,540,540,540,540,540,540,540,540,490,490,490,490,490,490,490,490,490,490,490,490,490,490,490,490,490,490,490,490,490,490,460,460,460,460,460,460,460,460,460,460,460,460,460,460,460,460,460,460,460,460,460,460,410,410,410,410,410,410,410,410,410,410,410,410,410,410,410,380,380,380,380,380,380,380,380,380,380,380,380,380,360,360,360,360,360,360,360,360,360,360,340,340,340,340,340,340,340,340,320,320,320,320,320,320,320,320,300,300,300,300,300,300,300,300,280,280,280,280,280,280,280,280,260,260,260,260,260,260,260,260

<-- VOO -->
AA0759	CTB	JFK
5	06:35
100
25
1750,1750,1600,1600
1450,1450,1450,1450,1250,1250,1250,1250
610,610,610,610,610,610,610,610,610,610,610,610,610,610,610,610,610,610,610,610,610,610,580,580,580,580,580,580,580,580,580,580,580,580,580,580,580,580,580,580,580,580,580,580,540,540,540,540,540,540,540,540,540,540,540,540,540,540,540,540,540,540,540,540,540,540,490,490,490,490,490,490,490,490,490,490,490,490,490,490,490,490,490,490,490,490,490,490,460,460,460,460,460,460,460,460,460,460,460,460,460,460,460,460,460,460,460,460,460,460,410,410,410,410,410,410,410,410,410,410,410,410,410,410,410,380,380,380,380,380,380,380,380,380,380,380,380,380,360,360,360,360,360,360,360,360,360,360,340,340,340,340,340,340,340,340,320,320,320,320,320,320,320,320,300,300,300,300,300,300,300,300,280,280,280,280,280,280,280,280,260,260,260,260,260,260,260,260

<-- VOO -->
AA0760	JFK	CTB
5	21:55
100
25
1750,1750,1600,1600
1450,1450,1450,1450,1250,1250,1250,1250
610,610,610,610,610,610,610,610,610,610,610,610,610,610,610,610,610,610,610,610,610,610,580,580,580,580,580,580,580,580,580,580,580,580,580,580,580,580,580,580,580,580,580,580,540,540,540,540,540,540,540,540,540,540,540,540,540,540,540,540,540,540,540,540,540,540,490,490,490,490,490,490,490,490,490,490,490,490,490,490,490,490,490,490,490,490,490,490,460,460,460,460,460,460,460,460,460,460,460,460,460,460,460,460,460,460,460,460,460,460,410,410,410,410,410,410,410,410,410,410,410,410,410,410,410,380,380,380,380,380,380,380,380,380,380,380,380,380,360,360,360,360,360,360,360,360,360,360,340,340,340,340,340,340,340,340,320,320,320,320,320,320,320,320,300,300,300,300,300,300,300,300,280,280,280,280,280,280,280,280,260,260,260,260,260,260,260,260

<-- VOO -->
AA0761	CTB	LAX
2	13:25
80
15
1600,1600,1400,1400
1200,1200,1200,1200,1000,1000,1000,1000
550,550,550,550,550,550,550,550,550,550,550,550,550,550,550,550,550,550,550,550,550,550,520,520,520,520,520,520,520,520,520,520,520,520,520,520,520,520,520,520,520,520,480,480,480,480,480,480,480,480,480,480,480,480,480,480,480,480,480,480,480,480,430,430,430,430,430,430,430,430,430,430,430,430,430,430,430,430,430,430,430,430,400,400,400,400,400,400,400,400,400,400,400,400,400,400,400,400,400,400,400,400,350,350,350,350,350,350,350,350,350,350,350,350,350,350,350,320,320,320,320,320,320,320,320,320,320,320,320,320,320,320,300,300,300,300,300,300,300,300,300,300,280,280,280,280,280,280,280,280,280,280,260,260,260,260,260,260,260,260,260,260,240,240,240,240,240,240,240,240,240,240,220,220,220,220,220,220,220,220,200,200,200,200,200,200,200,200

<-- VOO -->
AA0762	LAX	CTB
2	17:10
80
15
1600,1600,1400,1400
1200,1200,1200,1200,1000,1000,1000,1000
550,550,550,550,550,550,550,550,550,550,550,550,550,550,550,550,550,550,550,550,550,550,520,520,520,520,520,520,520,520,520,520,520,520,520,520,520,520,520,520,520,520,480,480,480,480,480,480,480,480,480,480,480,480,480,480,480,480,480,480,480,480,430,430,430,430,430,430,430,430,430,430,430,430,430,430,430,430,430,430,430,430,400,400,400,400,400,400,400,400,400,400,400,400,400,400,400,400,400,400,400,400,350,350,350,350,350,350,350,350,350,350,350,350,350,350,350,320,320,320,320,320,320,320,320,320,320,320,320,320,320,320,300,300,300,300,300,300,300,300,300,300,280,280,280,280,280,280,280,280,280,280,260,260,260,260,260,260,260,260,260,260,240,240,240,240,240,240,240,240,240,240,220,220,220,220,220,220,220,220,200,200,200,200,200,200,200,200

<-- VOO -->
AA0763	CTB	ORD
1	14:10
80
15
1600,1600,1400,1400
1200,1200,1200,1200,1000,1000,1000,1000
550,550,550,550,550,550,550,550,550,550,550,550,550,550,550,550,550,550,550,550,550,550,520,520,520,520,520,520,520,520,520,520,520,520,520,520,520,520,520,520,520,520,480,480,480,480,480,480,480,480,480,480,480,480,480,480,480,480,480,480,480,480,430,430,430,430,430,430,430,430,430,430,430,430,430,430,430,430,430,430,430,430,400,400,400,400,400,400,400,400,400,400,400,400,400,400,400,400,400,400,400,400,350,350,350,350,350,350,350,350,350,350,350,350,350,350,350,320,320,320,320,320,320,320,320,320,320,320,320,320,320,320,300,300,300,300,300,300,300,300,300,300,280,280,280,280,280,280,280,280,280,280,260,260,260,260,260,260,260,260,260,260,240,240,240,240,240,240,240,240,240,240,220,220,220,220,220,220,220,220,200,200,200,200,200,200,200,200

<-- VOO -->
AA0764	ORD	CTB
1	19:00
80
15
1600,1600,1400,1400
1200,1200,1200,1200,1000,1000,1000,1000
550,550,550,550,550,550,550,550,550,550,550,550,550,550,550,550,550,550,550,550,550,550,520,520,520,520,520,520,520,520,520,520,520,520,520,520,520,520,520,520,520,520,480,480,480,480,480,480,480,480,480,480,480,480,480,480,480,480,480,480,480,480,430,430,430,430,430,430,430,430,430,430,430,430,430,430,430,430,430,430,430,430,400,400,400,400,400,400,400,400,400,400,400,400,400,400,400,400,400,400,400,400,350,350,350,350,350,350,350,350,350,350,350,350,350,350,350,320,320,320,320,320,320,320,320,320,320,320,320,320,320,320,300,300,300,300,300,300,300,300,300,300,280,280,280,280,280,280,280,280,280,280,260,260,260,260,260,260,260,260,260,260,240,240,240,240,240,240,240,240,240,240,220,220,220,220,220,220,220,220,200,200,200,200,200,200,200,200

<-- VOO -->
AA0765	CTB	ATL
3	11:45
80
15
1600,1600,1400,1400
1200,1200,1200,1200,1000,1000,1000,1000
550,550,550,550,550,550,550,550,550,550,550,550,550,550,550,550,550,550,550,550,550,550,520,520,520,520,520,520,520,520,520,520,520,520,520,520,520,520,520,520,520,520,480,480,480,480,480,480,480,480,480,480,480,480,480,480,480,480,480,480,480,480,430,430,430,430,430,430,430,430,430,430,430,430,430,430,430,430,430,430,430,430,400,400,400,400,400,400,400,400,400,400,400,400,400,400,400,400,400,400,400,400,350,350,350,350,350,350,350,350,350,350,350,350,350,350,350,320,320,320,320,320,320,320,320,320,320,320,320,320,320,320,300,300,300,300,300,300,300,300,300,300,280,280,280,280,280,280,280,280,280,280,260,260,260,260,260,260,260,260,260,260,240,240,240,240,240,240,240,240,240,240,220,220,220,220,220,220,220,220,200,200,200,200,200,200,200,200

<-- VOO -->
AA0766	ATL	CTB
3	23:50
80
15
1600,1600,1400,1400
1200,1200,1200,1200,1000,1000,1000,1000
550,550,550,550,550,550,550,550,550,550,550,550,550,550,550,550,550,550,550,550,550,550,520,520,520,520,520,520,520,520,520,520,520,520,520,520,520,520,520,520,520,520,480,480,480,480,480,480,480,480,480,480,480,480,480,480,480,480,480,480,480,480,430,430,430,430,430,430,430,430,430,430,430,430,430,430,430,430,430,430,430,430,400,400,400,400,400,400,400,400,400,400,400,400,400,400,400,400,400,400,400,400,350,350,350,350,350,350,350,350,350,350,350,350,350,350,350,320,320,320,320,320,320,320,320,320,320,320,320,320,320,320,300,300,300,300,300,300,300,300,300,300,280,280,280,280,280,280,280,280,280,280,260,260,260,260,260,260,260,260,260,260,240,240,240,240,240,240,240,240,240,240,220,220,220,220,220,220,220,220,200,200,200,200,200,200,200,200

<-- VOO -->
AA0767	CTB	MIA
1	11:50
80
15
1600,1600,1400,1400
1200,1200,1200,1200,1000,1000,1000,1000
550,550,550,550,550,550,550,550,550,550,550,550,550,550,550,550,550,550,550,550,550,550,520,520,520,520,520,520,520,520,520,520,520,520,520,520,520,520,520,520,520,520,480,480,480,480,480,480,480,480,480,480,480,480,480,480,480,480,480,480,480,480,430,430,430,430,430,430,430,430,430,430,430,430,430,430,430,430,430,430,430,430,400,400,400,400,400,400,400,400,400,400,400,400,400,400,400,400,400,400,400,400,350,350,350,350,350,350,350,350,350,350,350,350,350,350,350,320,320,320,320,320,320,320,320,320,320,320,320,320,320,320,300,300,300,300,300,300,300,300,300,300,280,280,280,280,280,280,280,280,280,280,260,260,260,260,260,260,260,260,260,260,240,240,240,240,240,240,240,240,240,240,220,220,220,220,220,220,220,220,200,200,200,200,200,200,200,200

<-- VOO -->
AA0768	MIA	CTB
1	17:40
80
15
1600,1600,1400,1400
1200,1200,1200,1200,1000,1000,1000,1000
550,550,550,550,550,550,550,550,550,550,550,550,550,550,550,550,550,550,550,550,550,550,520,520,520,520,520,520,520,520,520,520,520,520,520,520,520,520,520,520,520,520,480,480,480,480,480,480,480,480,480,480,480,480,480,480,480,480,480,480,480,480,430,430,430,430,430,430,430,430,430,430,430,430,430,430,430,430,430,430,430,430,400,400,400,400,400,400,400,400,400,400,400,400,400,400,400,400,400,400,400,400,350,350,350,350,350,350,350,350,350,350,350,350,350,350,350,320,320,320,320,320,320,320,320,320,320,320,320,320,320,320,300,300,300,300,300,300,300,300,300,300,280,280,280,280,280,280,280,280,280,280,260,260,260,260,260,260,260,260,260,260,240,240,240,240,240,240,240,240,240,240,220,220,220,220,220,220,220,220,200,200,200,200,200,200,200,200

<-- VOO -->
AA0769	CTB	SFO
4	06:05
100
25
1750,1750,1600,1600
1450,1450,1450,1450,1250,1250,1250,1250
610,610,610,610,610,610,610,610,610,610,610,610,610,610,610,610,610,610,610,610,610,610,580,580,580,580,580,580,580,580,580,580,580,580,580,580,580,580,580,580,580,580,580,580,540,540,540,540,540,540,540,540,540,540,540,540,540,540,540,540,540,540,540,540,540,540,490,490,490,490,490,490,490,490,490,490,490,490,490,490,490,490,490,490,490,490,490,490,460,460,460,460,460,460,460,460,460,460,460,460,460,460,460,460,460,460,460,460,460,460,410,410,410,410,410,410,410,410,410,410,410,410,410,410,410,380,380,380,380,380,380,380,380,380,380,380,380,380,360,360,360,360,360,360,360,360,360,360,340,340,340,340,340,340,340,340,320,320,320,320,320,320,320,320,300,300,300,300,300,300,300,300,280,280,280,280,280,280,280,280,260,260,260,260,260,260,260,260

<-- VOO -->
AA0770	SFO	CTB
4	16:55
100
25
1750,1750,1600,1600
1450,1450,1450,1450,1250,1250,1250,1250
610,610,610,610,610,610,610,610,610,610,610,610,610,610,610,610,610,610,610,610,610,610,580,580,580,580,580,580,580,580,580,580,580,580,580,580,580,580,580,580,580,580,580,580,540,540,540,540,540,540,540,540,540,540,540,540,540,540,540,540,540,540,540,540,540,540,490,490,490,490,490,490,490,490,490,490,490,490,490,490,490,490,490,490,490,490,490,490,460,460,460,460,460,460,460,460,460,460,460,460,460,460,460,460,460,460,460,460,460,460,410,410,410,410,410,410,410,410,410,410,410,410,410,410,410,380,380,380,380,380,380,380,380,380,380,380,380,380,360,360,360,360,360,360,360,360,360,360,340,340,340,340,340,340,340,340,320,320,320,320,320,320,320,320,300,300,300,300,300,300,300,300,280,280,280,280,280,280,280,280,260,260,260,260,260,260,260,260

<-- VOO -->
AA0771	CTB	YYZ
6	11:25
100
25
1750,1750,1600,1600
1450,1450,1450,1450,1250,1250,1250,1250
610,610,610,610,610,610,610,610,610,610,610,610,610,610,610,610,610,610,610,610,610,610,580,580,580,580,580,580,580,580,580,580,580,580,580,580,580,580,580,580,580,580,580,580,540,540,540,540,540,540,540,540,540,540,540,540,540,540,540,540,540,540,540,540,540,540,490,490,490,490,490,490,490,490,490,490,490,490,490,490,490,490,490,490,490,490,490,490,460,460,460,460,460,460,460,460,460,460,460,460,460,460,460,460,460,460,460,460,460,460,410,410,410,410,410,410,410,410,410,410,410,410,410,410,410,380,380,380,380,380,380,380,380,380,380,380,380,380,360,360,360,360,360,360,360,360,360,360,340,340,340,340,340,340,340,340,320,320,320,320,320,320,320,320,300,300,300,300,300,300,300,300,280,280,280,280,280,280,280,280,260,260,260,260,260,260,260,260

<-- VOO -->
AA0772	YYZ	CTB
6	22:00
100
25
1750,1750,1600,1600
1450,1450,1450,1450,1250,1250,1250,1250
610,610,610,610,610,610,610,610,610,610,610,610,610,610,610,610,610,610,610,610,610,610,580,580,580,580,580,580,580,580,580,580,580,580,580,580,580,580,580,580,580,580,580,580,540,540,540,540,540,540,540,540,540,540,540,540,540,540,540,540,540,540,540,540,540,540,490,490,490,490,490,490,490,490,490,490,490,490,490,490,490,490,490,490,490,490,490,490,460,460,460,460,460,460,460,460,460,460,460,460,460,460,460,460,460,460,460,460,460,460,410,410,410,410,410,410,410,410,410,410,410,410,410,410,410,380,380,380,380,380,380,380,380,380,380,380,380,380,360,360,360,360,360,360,360,360,360,360,340,340,340,340,340,340,340,340,320,320,320,320,320,320,320,320,300,300,300,300,300,300,300,300,280,280,280,280,280,280,280,280,260,260,260,260,260,260,260,260

<-- VOO -->
AA0773	CTB	YUL
0	13:50
100
25
1750,1750,1600,1600
1450,1450,1450,1450,1250,1250,1250,1250
610,610,610,610,610,610,610,610,610,610,610,610,610,610,610,610,610,610,610,610,610,610,580,580,580,580,580,580,580,580,580,580,580,580,580,580,580,580,580,580,580,580,580,580,540,540,540,540,540,540,540,540,540,540,540,540,540,540,540,540,540,540,540,540,540,540,490,490,490,490,490,490,490,490,490,490,490,490,490,490,490,490,490,490,490,490,490,490,460,460,460,460,460,460,460,460,460,460,460,460,460,460,460,460,460,460,460,460,460,460,410,410,410,410,410,410,410,410,410,410,410,410,410,410,410,380,380,380,380,380,380,380,380,380,380,380,380,380,360,360,360,360,360,360,360,360,360,360,340,340,340,340,340,340,340,340,320,320,320,320,320,320,320,320,300,300,300,300,300,300,300,300,280,280,280,280,280,280,280,280,260,260,260,260,260,260,260,260

<-- VOO -->
AA0774	YUL	CTB
0	22:35
100
25
1750,1750,1600,1600
1450,1450,1450,1450,1250,1250,1250,1250
610,610,610,610,610,610,610,610,610,610,610,610,610,610,610,610,610,610,610,610,610,610,580,580,580,580,580,580,580,580,580,580,580,580,580,580,580,580,580,580,580,580,580,580,540,540,540,540,540,540,540,540,540,540,540,540,540,540,540,540,540,540,540,540,540,540,490,490,490,490,490,490,490,490,490,490,490,490,490,490,490,490,490,490,490,490,490,490,460,460,460,460,460,460,460,460,460,460,460,460,460,460,460,460,460,460,460,460,460,460,410,410,410,410,410,410,410,410,410,410,410,410,410,410,410,380,380,380,380,380,380,380,380,380,380,380,380,380,360,360,360,360,360,360,360,360,360,360,340,340,340,340,340,340,340,340,320,320,320,320,320,320,320,320,300,300,300,300,300,300,300,300,280,280,280,280,280,280,280,280,260,260,260,260,260,260,260,260

<-- VOO -->
AA0775	CTB	BOG
4	14:20
100
25
1750,1750,1600,1600
1450,1450,1450,1450,1250,1250,1250,1250
610,610,610,610,610,610,610,610,610,610,610,610,610,610,610,610,610,610,610,610,610,610,580,580,580,580,580,580,580,580,580,580,580,580,580,580,580,580,580,580,580,580,580,580,540,540,540,540,540,540,540,540,540,540,540,540,540,540,540,540,540,540,540,540,540,540,490,490,490,490,490,490,490,490,490,490,490,490,490,490,490,490,490,490,490,490,490,490,460,460,460,460,460,460,460,460,460,460,460,460,460,460,460,460,460,460,460,460,460,460,410,410,410,410,410,410,410,410,410,410,410,410,410,410,410,380,380,380,380,380,380,380,380,380,380,380,380,380,360,360,360,360,360,360,360,360,360,360,340,340,340,340,340,340,340,340,320,320,320,320,320,320,320,320,300,300,300,300,300,300,300,300,280,280,280,280,280,280,280,280,260,260,260,260,260,260,260,260

<-- VOO -->
AA0776	BOG	CTB
4	23:15
100
25
1750,1750,1600,1600
1450,1450,1450,1450,1250,1250,1250,1250
610,610,610,610,610,610,610,610,610,610,610,610,610,610,610,610,610,610,610,610,610,610,580,580,580,580,580,580,580,580,580,580,580,580,580,580,580,580,580,580,580,580,580,580,540,540,540,540,540,540,540,540,540,540,540,540,540,540,540,540,540,540,540,540,540,540,490,490,490,490,490,490,490,490,490,490,490,490,490,490,490,490,490,490,490,490,490,490,460,460,460,460,460,460,460,460,460,460,460,460,460,460,460,460,460,460,460,460,460,460,410,410,410,410,410,410,410,410,410,410,410,410,410,410,410,380,380,380,380,380,380,380,380,380,380,380,380,380,360,360,360,360,360,360,360,360,360,360,340,340,340,340,340,340,340,340,320,320,320,320,320,320,320,320,300,300,300,300,300,300,300,300,280,280,280,280,280,280,280,280,260,260,260,260,260,260,260,260

<-- VOO -->
AA0777	CTB	GRU
2	08:35
80
15
1600,1600,1400,1400
1200,1200,1200,1200,1000,1000,1000,1000
550,550,550,550,550,550,550,550,550,550,550,550,550,550,550,550,550,550,550,550,550,550,520,520,520,520,520,520,520,520,520,520,520,520,520,520,520,520,520,520,520,520,480,480,480,480,480,480,480,480,480,480,480,480,480,480,480,480,480,480,480,480,430,430,430,430,430,430,430,430,430,430,430,430,430,430,430,430,430,430,430,430,400,400,400,400,400,400,400,400,400,400,400,400,400,400,400,400,400,400,400,400,350,350,350,350,350,350,350,350,350,350,350,350,350,350,350,320,320,320,320,320,320,320,320,320,320,320,320,320,320,320,300,300,300,300,300,300,300,300,300,300,280,280,280,280,280,280,280,280,280,280,260,260,260,260,260,260,260,260,260,260,240,240,240,240,240,240,240,240,240,240,220,220,220,220,220,220,220,220,200,200,200,200,200,200,200,200

<-- VOO -->
AA0778	GRU	CTB
2	21:20
80
15
1600,1600,1400,1400
1200,1200,1200,1200,1000,1000,1000,1000
550,550,550,550,550,550,550,550,550,550,550,550,550,550,550,550,550,550,550,550,550,550,520,520,520,520,520,520,520,520,520,520,520,520,520,520,520,520,520,520,520,520,480,480,480,480,480,480,480,480,480,480,480,480,480,480,480,480,480,480,480,480,430,430,430,430,430,430,430,430,430,430,430,430,430,430,430,430,430,430,430,430,400,400,400,400,400,400,400,400,400,400,400,400,400,400,400,400,400,400,400,400,350,350,350,350,350,350,350,350,350,350,350,350,350,350,350,320,320,320,320,320,320,320,320,320,320,320,320,320,320,320,300,300,300,300,300,300,300,300,300,300,280,280,280,280,280,280,280,280,280,280,260,260,260,260,260,260,260,260,260,260,240,240,240,240,240,240,240,240,240,240,220,220,220,220,220,220,220,220,200,200,200,200,200,200,200,200

<-- VOO -->
AA0779	CTB	GRU
3	08:20
80
15
1600,1600,1400,1400
1200,1200,1200,1200,1000,1000,1000,1000
550,550,550,550,550,550,550,550,550,550,550,550,550,550,550,550,550,550,550,550,550,550,520,520,520,520,520,520,520,520,520,520,520,520,520,520,520,520,520,520,520,520,480,480,480,480,480,480,480,480,480,480,480,480,480,480,480,480,480,480,480,480,430,430,430,430,430,430,430,430,430,430,430,430,430,430,430,430,430,430,430,430,400,400,400,400,400,400,400,400,400,400,400,400,400,400,400,400,400,400,400,400,350,350,350,350,350,350,350,350,350,350,350,350,350,350,350,320,320,320,320,320,320,320,320,320,320,320,320,320,320,320,300,300,300,300,300,300,300,300,300,300,280,280,280,280,280,280,280,280,280,280,260,260,260,260,260,260,260,260,260,260,240,240,240,240,240,240,240,240,240,240,220,220,220,220,220,220,220,220,200,200,200,200,200,200,200,200

<-- VOO -->
AA0780	GRU	CTB
3	20:20
80
15
1600,1600,1400,1400
1200,1200,1200,1200,1000,1000,1000,1000
550,550,550,550,550,550,550,550,550,550,550,550,550,550,550,550,550,550,550,550,550,550,520,520,520,520,520,520,520,520,520,520,520,520,520,520,520,520,520,520,520,520,480,480,480,480,480,480,480,480,480,480,480,480,480,480,480,480,480,480,480,480,430,430,430,430,430,430,430,430,430,430,430,430,430,430,430,430,430,430,430,430,400,400,400,400,400,400,400,400,400,400,400,400,400,400,400,400,400,400,400,400,350,350,350,350,350,350,350,350,350,350,350,350,350,350,350,320,320,320,320,320,320,320,320,320,320,320,320,320,320,320,300,300,300,300,300,300,300,300,300,300,280,280,280,280,280,280,280,280,280,280,260,260,260,260,260,260,260,260,260,260,240,240,240,240,240,240,240,240,240,240,220,220,220,220,220,220,220,220,200,200,200,200,200,200,200,200

<-- VOO -->
AA0781	CTB	GRU
5	14:40
100
25
1750,1750,1600,1600
1450,1450,1450,1450,1250,1250,1250,1250
610,610,610,610,610,610,610,610,610,610,610,610,610,610,610,610,610,610,610,610,610,610,580,580,580,580,580,580,580,580,580,580,580,580,580,580,580,580,580,580,580,580,580,580,540,540,540,540,540,540,540,540,540,540,540,540,540,540,540,540,540,540,540,540,540,540,490,490,490,490,490,490,490,490,490,490,490,490,490,490,490,490,490,490,490,490,490,490,460,460,460,460,460,460,460,460,460,460,460,460,460,460,460,460,460,460,460,460,460,460,410,410,410,410,410,410,410,410,410,410,410,410,410,410,410,380,380,380,380,380,380,380,380,380,380,380,380,380,360,360,360,360,360,360,360,360,360,360,340,340,340,340,340,340,340,340,320,320,320,320,320,320,320,320,300,300,300,300,300,300,300,300,280,280,280,280,280,280,280,280,260,260,260,260,260,260,260,260

<-- VOO -->
AA0782	GRU	CTB
5	19:55
100
25
1750,1750,1600,1600
1450,1450,1450,1450,1250,1250,1250,1250
610,610,610,610,610,610,610,610,610,610,610,610,610,610,610,610,610,610,610,610,610,610,580,580,580,580,580,580,580,580,580,580,580,580,580,580,580,580,580,580,580,580,580,580,540,540,540,540,540,540,540,540,540,540,540,540,540,540,540,540,540,540,540,540,540,540,490,490,490,490,490,490,490,490,490,490,490,490,490,490,490,490,490,490,490,490,490,490,460,460,460,460,460,460,460,460,460,460,460,460,460,460,460,460,460,460,460,460,460,460,410,410,410,410,410,410,410,410,410,410,410,410,410,410,410,380,380,380,380,380,380,380,380,380,380,380,380,380,360,360,360,360,360,360,360,360,360,360,340,340,340,340,340,340,340,340,320,320,320,320,320,320,320,320,300,300,300,300,300,300,300,300,280,280,280,280,280,280,280,280,260,260,260,260,260,260,260,260

<-- VOO -->
AA0783	CTB	GIG
2	12:20
80
15
1600,1600,1400,1400
1200,1200,1200,1200,1000,1000,1000,1000
550,550,550,550,550,550,550,550,550,550,550,550,550,550,550,550,550,550,550,550,550,550,520,520,520,520,520,520,520,520,520,520,520,520,520,520,520,520,520,520,520,520,480,480,480,480,480,480,480,480,480,480,480,480,480,480,480,480,480,480,480,480,430,430,430,430,430,430,430,430,430,430,430,430,430,430,430,430,430,430,430,430,400,400,400,400,400,400,400,400,400,400,400,400,400,400,400,400,400,400,400,400,350,350,350,350,350,350,350,350,350,350,350,350,350,350,350,320,320,320,320,320,320,320,320,320,320,320,320,320,320,320,300,300,300,300,300,300,300,300,300,300,280,280,280,280,280,280,280,280,280,280,260,260,260,260,260,260,260,260,260,260,240,240,240,240,240,240,240,240,240,240,220,220,220,220,220,220,220,220,200,200,200,200,200,200,200,200

<-- VOO -->
AA0784	GIG	CTB
2	16:55
80
15
1600,1600,1400,1400
1200,1200,1200,1200,1000,1000,1000,1000
550,550,550,550,550,550,550,550,550,550,550,550,550,550,550,550,550,550,550,550,550,550,520,520,520,520,520,520,520,520,520,520,520,520,520,520,520,520,520,520,520,520,480,480,480,480,480,480,480,480,480,480,480,480,480,480,480,480,480,480,480,480,430,430,430,430,430,430,430,430,430,430,430,430,430,430,430,430,430,430,430,430,400,400,400,400,400,400,400,400,400,400,400,400,400,400,400,400,400,400,400,400,350,350,350,350,350,350,350,350,350,350,350,350,350,350,350,320,320,320,320,320,320,320,320,320,320,320,320,320,320,320,300,300,300,300,300,300,300,300,300,300,280,280,280,280,280,280,280,280,280,280,260,260,260,260,260,260,260,260,260,260,240,240,240,240,240,240,240,240,240,240,220,220,220,220,220,220,220,220,200,200,200,200,200,200,200,200

<-- VOO -->
AA0785	CTB	SCL
0	13:40
100
25
1750,1750,1600,1600
1450,1450,1450,1450,1250,1250,1250,1250
610,610,610,610,610,610,610,610,610,610,610,610,610,610,610,610,610,610,610,610,610,610,580,580,580,580,580,580,580,580,580,580,580,580,580,580,580,580,580,580,580,580,580,580,540,540,540,540,540,540,540,540,540,540,540,540,540,540,540,540,540,540,540,540,540,540,490,490,490,490,490,490,490,490,490,490,490,490,490,490,490,490,490,490,490,490,490,490,460,460,460,460,460,460,460,460,460,460,460,460,460,460,460,460,460,460,460,460,460,460,410,410,410,410,410,410,410,410,410,410,410,410,410,410,410,380,380,380,380,380,380,380,380,380,380,380,380,380,360,360,360,360,360,360,360,360,360,360,340,340,340,340,340,340,340,340,320,320,320,320,320,320,320,320,300,300,300,300,300,300,300,300,280,280,280,280,280,280,280,280,260,260,260,260,260,260,260,260

<-- VOO -->
AA0786	SCL	CTB
0	22:50
100
25
1750,1750,1600,1600
1450,1450,1450,1450,1250,1250,1250,1250
610,610,610,610,610,610,610,610,610,610,610,610,610,610,610,610,610,610,610,610,610,610,580,580,580,580,580,580,580,580,580,580,580,580,580,580,580,580,580,580,580,580,580,580,540,540,540,540,540,540,540,540,540,540,540,540,540,540,540,540,540,540,540,540,540,540,490,490,490,490,490,490,490,490,490,490,490,490,490,490,490,490,490,490,490,490,490,490,460,460,460,460,460,460,460,460,460,460,460,460,460,460,460,460,460,460,460,460,460,460,410,410,410,410,410,410,410,410,410,410,410,410,410,410,410,380,380,380,380,380,380,380,380,380,380,380,380,380,360,360,360,360,360,360,360,360,360,360,340,340,340,340,340,340,340,340,320,320,320,320,320,320,320,320,300,300,300,300,300,300,300,300,280,280,280,280,280,280,280,280,260,260,260,260,260,260,260,260

<-- VOO -->
AA0787	CTB	LIM
0	10:30
100
25
1750,1750,1600,1600
1450,1450,1450,1450,1250,1250,1250,1250
610,610,610,610,610,610,610,610,610,610,610,610,610,610,610,610,610,610,610,610,610,610,580,580,580,580,580,580,580,580,580,580,580,580,580,580,580,580,580,580,580,580,580,580,540,540,540,540,540,540,540,540,540,540,540,540,540,540,540,540,540,540,540,540,540,540,490,490,490,490,490,490,490,490,490,490,490,490,490,490,490,490,490,490,490,490,490,490,460,460,460,460,460,460,460,460,460,460,460,460,460,460,460,460,460,460,460,460,460,460,410,410,410,410,410,410,410,410,410,410,410,410,410,410,410,380,380,380,380,380,380,380,380,380,380,380,380,380,360,360,360,360,360,360,360,360,360,360,340,340,340,340,340,340,340,340,320,320,320,320,320,320,320,320,300,300,300,300,300,300,300,300,280,280,280,280,280,280,280,280,260,260,260,260,260,260,260,260

<-- VOO -->
AA0788	LIM	CTB
0	23:35
100
25
1750,1750,1600,1600
1450,1450,1450,1450,1250,1250,1250,1250
610,610,610,610,610,610,610,610,610,610,610,610,610,610,610,610,610,610,610,610,610,610,580,580,580,580,580,580,580,580,580,580,580,580,580,580,580,580,580,580,580,580,580,580,540,540,540,540,540,540,540,540,540,540,540,540,540,540,540,540,540,540,540,540,540,540,490,490,490,490,490,490,490,490,490,490,490,490,490,490,490,490,490,490,490,490,490,490,460,460,460,460,460,460,460,460,460,460,460,460,460,460,460,460,460,460,460,460,460,460,410,410,410,410,410,410,410,410,410,410,410,410,410,410,410,380,380,380,380,380,380,380,380,380,380,380,380,380,360,360,360,360,360,360,360,360,360,360,340,340,340,340,340,340,340,340,320,320,320,320,320,320,320,320,300,300,300,300,300,300,300,300,280,280,280,280,280,280,280,280,260,260,260,260,260,260,260,260

<-- VOO -->
AA0789	CTB	MEX
5	13:05
100
25
1750,1750,1600,1600
1450,1450,1450,1450,1250,1250,1250,1250
610,610,610,610,610,610,610,610,610,610,610,610,610,610,610,610,610,610,610,610,610,610,580,580,580,580,580,580,580,580,580,580,580,580,580,580,580,580,580,580,580,580,580,580,540,540,540,540,540,540,540,540,540,540,540,540,540,540,540,540,540,540,540,540,540,540,490,490,490,490,490,490,490,490,490,490,490,490,490,490,490,490,490,490,490,490,490,490,460,460,460,460,460,460,460,460,460,460,460,460,460,460,460,460,460,460,460,460,460,460,410,410,410,410,410,410,410,410,410,410,410,410,410,410,410,380,380,380,380,380,380,380,380,380,380,380,380,380,360,360,360,360,360,360,360,360,360,360,340,340,340,340,340,340,340,340,320,320,320,320,320,320,320,320,300,300,300,300,300,300,300,300,280,280,280,280,280,280,280,280,260,260,260,260,260,260,260,260

<-- VOO -->
AA0790	MEX	CTB
5	22:15
100
25
1750,1750,1600,1600
1450,1450,1450,1450,1250,1250,1250,1250
610,610,610,610,610,610,610,610,610,610,610,610,610,610,610,610,610,610,610,610,610,610,580,580,580,580,580,580,580,580,580,580,580,580,580,580,580,580,580,580,580,580,580,580,540,540,540,540,540,540,540,540,540,540,540,540,540,540,540,540,540,540,540,540,540,540,490,490,490,490,490,490,490,490,490,490,490,490,490,490,490,490,490,490,490,490,490,490,460,460,460,460,460,460,460,460,460,460,460,460,460,460,460,460,460,460,460,460,460,460,410,410,410,410,410,410,410,410,410,410,410,410,410,410,410,380,380,380,380,380,380,380,380,380,380,380,380,380,360,360,360,360,360,360,360,360,360,360,340,340,340,340,340,340,340,340,320,320,320,320,320,320,320,320,300,300,300,300,300,300,300,300,280,280,280,280,280,280,280,280,260,260,260,260,260,260,260,260

<-- VOO -->
AA0791	CTB	CUN
0	08:45
100
25
1750,1750,1600,1600
1450,1450,1450,1450,1250,1250,1250,1250
610,610,610,610,610,610,610,610,610,610,610,610,610,610,610,610,610,610,610,610,610,610,580,580,580,580,580,580,580,580,580,580,580,580,580,580,580,580,580,580,580,580,580,580,540,540,540,540,540,540,540,540,540,540,540,540,540,540,540,540,540,540,540,540,540,540,490,490,490,490,490,490,490,490,490,490,490,490,490,490,490,490,490,490,490,490,490,490,460,460,460,460,460,460,460,460,460,460,460,460,460,460,460,460,460,460,460,460,460,460,410,410,410,410,410,410,410,410,410,410,410,410,410,410,410,380,380,380,380,380,380,380,380,380,380,380,380,380,360,360,360,360,360,360,360,360,360,360,340,340,340,340,340,340,340,340,320,320,320,320,320,320,320,320,300,300,300,300,300,300,300,300,280,280,280,280,280,280,280,280,260,260,260,260,260,260,260,260

<-- VOO -->
AA0792	CUN	CTB
0	18:30
100
25
1750,1750,1600,1600
1450,1450,1450,1450,1250,1250,1250,1250
610,610,610,610,610,610,610,610,610,610,610,610,610,610,610,610,610,610,610,610,610,610,580,580,580,580,580,580,580,580,580,580,580,580,580,580,580,580,580,580,580,580,580,580,540,540,540,540,540,540,540,540,540,540,540,540,540,540,540,540,540,540,540,540,540,540,490,490,490,490,490,490,490,490,490,490,490,490,490,490,490,490,490,490,490,490,490,490,460,460,460,460,460,460,460,460,460,460,460,460,460,460,460,460,460,460,460,460,460,460,410,410,410,410,410,410,410,410,410,410,410,410,410,410,410,380,380,380,380,380,380,380,380,380,380,380,380,380,360,360,360,360,360,360,360,360,360,360,340,340,340,340,340,340,340,340,320,320,320,320,320,320,320,320,300,300,300,300,300,300,300,300,280,280,280,280,280,280,280,280,260,260,260,260,260,260,260,260

<-- VOO -->
AA0793	CTB	CUN
3	08:45
80
15
1600,1600,1400,1400
1200,1200,1200,1200,1000,1000,1000,1000
550,550,550,550,550,550,550,550,550,550,550,550,550,550,550,550,550,550,550,550,550,550,520,520,520,520,520,520,520,520,520,520,520,520,520,520,520,520,520,520,520,520,480,480,480,480,480,480,480,480,480,480,480,480,480,480,480,480,480,480,480,480,430,430,430,430,430,430,430,430,430,430,430,430,430,430,430,430,430,430,430,430,400,400,400,400,400,400,400,400,400,400,400,400,400,400,400,400,400,400,400,400,350,350,350,350,350,350,350,350,350,350,350,350,350,350,350,320,320,320,320,320,320,320,320,320,320,320,320,320,320,320,300,300,300,300,300,300,300,300,300,300,280,280,280,280,280,280,280,280,280,280,260,260,260,260,260,260,260,260,260,260,240,240,240,240,240,240,240,240,240,240,220,220,220,220,220,220,220,220,200,200,200,200,200,200,200,200

<-- VOO -->
AA0794	CUN	CTB
3	15:35
80
15
1600,1600,1400,1400
1200,1200,1200,1200,1000,1000,1000,1000
550,550,550,550,550,550,550,550,550,550,550,550,550,550,550,550,550,550,550,550,550,550,520,520,520,520,520,520,520,520,520,520,520,520,520,520,520,520,520,520,520,520,480,480,480,480,480,480,480,480,480,480,480,480,480,480,480,480,480,480,480,480,430,430,430,430,430,430,430,430,430,430,430,430,430,430,430,430,430,430,430,430,400,400,400,400,400,400,400,400,400,400,400,400,400,400,400,400,400,400,400,400,350,350,350,350,350,350,350,350,350,350,350,350,350,350,350,320,320,320,320,320,320,320,320,320,320,320,320,320,320,320,300,300,300,300,300,300,300,300,300,300,280,280,280,280,280,280,280,280,280,280,260,260,260,260,260,260,260,260,260,260,240,240,240,240,240,240,240,240,240,240,220,220,220,220,220,220,220,220,200,200,200,200,200,200,200,200

<-- VOO -->
AA0795	CTB	CUN
5	06:40
100
25
1750,1750,1600,1600
1450,1450,1450,1450,1250,1250,1250,1250
610,610,610,610,610,610,610,610,610,610,610,610,610,610,610,610,610,610,610,610,610,610,580,580,580,580,580,580,580,580,580,580,580,580,580,580,580,580,580,580,580,580,580,580,540,540,540,540,540,540,540,540,540,540,540,540,540,540,540,540,540,540,540,540,540,540,490,490,490,490,490,490,490,490,490,490,490,490,490,490,490,490,490,490,490,490,490,490,460,460,460,460,460,460,460,460,460,460,460,460,460,460,460,460,460,460,460,460,460,460,410,410,410,410,410,410,410,410,410,410,410,410,410,410,410,380,380,380,380,380,380,380,380,380,380,380,380,380,360,360,360,360,360,360,360,360,360,360,340,340,340,340,340,340,340,340,320,320,320,320,320,320,320,320,300,300,300,300,300,300,300,300,280,280,280,280,280,280,280,280,260,260,260,260,260,260,260,260

<-- VOO -->
AA0796	CUN	CTB
5	15:50
100
25
1750,1750,1600,1600
1450,1450,1450,1450,1250,1250,1250,1250
610,610,610,610,610,610,610,610,610,610,610,610,610,610,610,610,610,610,610,610,610,610,580,580,580,580,580,580,580,580,580,580,580,580,580,580,580,580,580,580,580,580,580,580,540,540,540,540,540,540,540,540,540,540,540,540,540,540,540,540,540,540,540,540,540,540,490,490,490,490,490,490,490,490,490,490,490,490,490,490,490,490,490,490,490,490,490,490,460,460,460,460,460,460,460,460,460,460,460,460,460,460,460,460,460,460,460,460,460,460,410,410,410,410,410,410,410,410,410,410,410,410,410,410,410,380,380,380,380,380,380,380,380,380,380,380,380,380,360,360,360,360,360,360,360,360,360,360,340,340,340,340,340,340,340,340,320,320,320,320,320,320,320,320,300,300,300,300,300,300,300,300,280,280,280,280,280,280,280,280,260,260,260,260,260,260,260,260

<-- VOO -->
AA0797	CTB	LAS
0	07:55
100
25
1750,1750,1600,1600
1450,1450,1450,1450,1250,1250,1250,1250
610,610,610,610,610,610,610,610,610,610,610,610,610,610,610,610,610,610,610,610,610,610,580,580,580,580,580,580,580,580,580,580,580,580,580,580,580,580,580,580,580,580,580,580,540,540,540,540,540,540,540,540,540,540,540,540,540,540,540,540,540,540,540,540,540,540,490,490,490,490,490,490,490,490,490,490,490,490,490,490,490,490,490,490,490,490,490,490,460,460,460,460,460,460,460,460,460,460,460,460,460,460,460,460,460,460,460,460,460,460,410,410,410,410,410,410,410,410,410,410,410,410,410,410,410,380,380,380,380,380,380,380,380,380,380,380,380,380,360,360,360,360,360,360,360,360,360,360,340,340,340,340,340,340,340,340,320,320,320,320,320,320,320,320,300,300,300,300,300,300,300,300,280,280,280,280,280,280,280,280,260,260,260,260,260,260,260,260

<-- VOO -->
AA0798	LAS	CTB
0	23:15
100
25
1750,1750,1600,1600
1450,1450,1450,1450,1250,1250,1250,1250
610,610,610,610,610,610,610,610,610,610,610,610,610,610,610,610,610,610,610,610,610,610,580,580,580,580,580,580,580,580,580,580,580,580,580,580,580,580,580,580,580,580,580,580,540,540,540,540,540,540,540,540,540,540,540,540,540,540,540,540,540,540,540,540,540,540,490,490,490,490,490,490,490,490,490,490,490,490,490,490,490,490,490,490,490,490,490,490,460,460,460,460,460,460,460,460,460,460,460,460,460,460,460,460,460,460,460,460,460,460,410,410,410,410,410,410,410,410,410,410,410,410,410,410,410,380,380,380,380,380,380,380,380,380,380,380,380,380,360,360,360,360,360,360,360,360,360,360,340,340,340,340,340,340,340,340,320,320,320,320,320,320,320,320,300,300,300,300,300,300,300,300,280,280,280,280,280,280,280,280,260,260,260,260,260,260,260,260

<-- VOO -->
AA0799	CTB	LAS
3	12:35
80
15
1600,1600,1400,1400
1200,1200,1200,1200,1000,1000,1000,1000
550,550,550,550,550,550,550,550,550,550,550,550,550,550,550,550,550,550,550,550,550,550,520,520,520,520,520,520,520,520,520,520,520,520,520,520,520,520,520,520,520,520,480,480,480,480,480,480,480,480,480,480,480,480,480,480,480,480,480,480,480,480,430,430,430,430,430,430,430,430,430,430,430,430,430,430,430,430,430,430,430,430,400,400,400,400,400,400,400,400,400,400,400,400,400,400,400,400,400,400,400,400,350,350,350,350,350,350,350,350,350,350,350,350,350,350,350,320,320,320,320,320,320,320,320,320,320,320,320,320,320,320,300,300,300,300,300,300,300,300,300,300,280,280,280,280,280,280,280,280,280,280,260,260,260,260,260,260,260,260,260,260,240,240,240,240,240,240,240,240,240,240,220,220,220,220,220,220,220,220,200,200,200,200,200,200,200,200

<-- VOO -->
AA0800	LAS	CTB
3	22:00
80
15
1600,1600,1400,1400
1200,1200,1200,1200,1000,1000,1000,1000
550,550,550,550,550,550,550,550,550,550,550,550,550,550,550,550,550,550,550,550,550,550,520,520,520,520,520,520,520,520,520,520,520,520,520,520,520,520,520,520,520,520,480,480,480,480,480,480,480,480,480,480,480,480,480,480,480,480,480,480,480,480,430,430,430,430,430,430,430,430,430,430,430,430,430,430,430,430,430,430,430,430,400,400,400,400,400,400,400,400,400,400,400,400,400,400,400,400,400,400,400,400,350,350,350,350,350,350,350,350,350,350,350,350,350,350,350,320,320,320,320,320,320,320,320,320,320,320,320,320,320,320,300,300,300,300,300,300,300,300,300,300,280,280,280,280,280,280,280,280,280,280,260,260,260,260,260,260,260,260,260,260,240,240,240,240,240,240,240,240,240,240,220,220,220,220,220,220,220,220,200,200,200,200,200,200,200,200

<-- VOO -->
AA0801	CTB	LAS
5	07:45
100
25
1750,1750,1600,1600
1450,1450,1450,1450,1250,1250,1250,1250
610,610,610,610,610,610,610,610,610,610,610,610,610,610,610,610,610,610,610,610,610,610,580,580,580,580,580,580,580,580,580,580,580,580,580,580,580,580,580,580,580,580,580,580,540,540,540,540,540,540,540,540,540,540,540,540,540,540,540,540,540,540,540,540,540,540,490,490,490,490,490,490,490,490,490,490,490,490,490,490,490,490,490,490,490,490,490,490,460,460,460,460,460,460,460,460,460,460,460,460,460,460,460,460,460,460,460,460,460,460,410,410,410,410,410,410,410,410,410,410,410,410,410,410,410,380,380,380,380,380,380,380,380,380,380,380,380,380,360,360,360,360,360,360,360,360,360,360,340,340,340,340,340,340,340,340,320,320,320,320,320,320,320,320,300,300,300,300,300,300,300,300,280,280,280,280,280,280,280,280,260,260,260,260,260,260,260,260

<-- VOO -->
AA0802	LAS	CTB
5	15:10
100
25
1750,1750,1600,1600
1450,1450,1450,1450,1250,1250,1250,1250
610,610,610,610,610,610,610,610,610,610,610,610,610,610,610,610,610,610,610,610,610,610,580,580,580,580,580,580,580,580,580,580,580,580,580,580,580,580,580,580,580,580,580,580,540,540,540,540,540,540,540,540,540,540,540,540,540,540,540,540,540,540,540,540,540,540,490,490,490,490,490,490,490,490,490,490,490,490,490,490,490,490,490,490,490,490,490,490,460,460,460,460,460,460,460,460,460,460,460,460,460,460,460,460,460,460,460,460,460,460,410,410,410,410,410,410,410,410,410,410,410,410,410,410,410,380,380,380,380,380,380,380,380,380,380,380,380,380,360,360,360,360,360,360,360,360,360,360,340,340,340,340,340,340,340,340,320,320,320,320,320,320,320,320,300,300,300,300,300,300,300,300,280,280,280,280,280,280,280,280,260,260,260,260,260,260,260,260

<-- VOO -->
AA0803	CTB	ABJ
6	11:50
100
25
1750,1750,1600,1600
1450,1450,1450,1450,1250,1250,1250,1250
610,610,610,610,610,610,610,610,610,610,610,610,610,610,610,610,610,610,610,610,610,610,580,580,580,580,580,580,580,580,580,580,580,580,580,580,580,580,580,580,580,580,580,580,540,540,540,540,540,540,540,540,540,540,540,540,540,540,540,540,540,540,540,540,540,540,490,490,490,490,490,490,490,490,490,490,490,490,490,490,490,490,490,490,490,490,490,490,460,460,460,460,460,460,460,460,460,460,460,460,460,460,460,460,460,460,460,460,460,460,410,410,410,410,410,410,410,410,410,410,410,410,410,410,410,380,380,380,380,380,380,380,380,380,380,380,380,380,360,360,360,360,360,360,360,360,360,360,340,340,340,340,340,340,340,340,320,320,320,320,320,320,320,320,300,300,300,300,300,300,300,300,280,280,280,280,280,280,280,280,260,260,260,260,260,260,260,260

<-- VOO -->
AA0804	ABJ	CTB
6	16:50
100
25
1750,1750,1600,1600
1450,1450,1450,1450,1250,1250,1250,1250
610,610,610,610,610,610,610,610,610,610,610,610,610,610,610,610,610,610,610,610,610,610,580,580,580,580,580,580,580,580,580,580,580,580,580,580,580,580,580,580,580,580,580,580,540,540,540,540,540,540,540,540,540,540,540,540,540,540,540,540,540,540,540,540,540,540,490,490,490,490,490,490,490,490,490,490,490,490,490,490,490,490,490,490,490,490,490,490,460,460,460,460,460,460,460,460,460,460,460,460,460,460,460,460,460,460,460,460,460,460,410,410,410,410,410,410,410,410,410,410,410,410,410,410,410,380,380,380,380,380,380,380,380,380,380,380,380,380,360,360,360,360,360,360,360,360,360,360,340,340,340,340,340,340,340,340,320,320,320,320,320,320,320,320,300,300,300,300,300,300,300,300,280,280,280,280,280,280,280,280,260,260,260,260,260,260,260,260

<-- VOO -->
AA0805	CTB	ACC
4	06:10
100
25
1750,1750,1600,1600
1450,1450,1450,1450,1250,1250,1250,1250
610,610,610,610,610,610,610,610,610,610,610,610,610,610,610,610,610,610,610,610,610,610,580,580,580,580,580,580,580,580,580,580,580,580,580,580,580,580,580,580,580,580,580,580,540,540,540,540,540,540,540,540,540,540,540,540,540,540,540,540,540,540,540,540,540,540,490,490,490,490,490,490,490,490,490,490,490,490,490,490,490,490,490,490,490,490,490,490,460,460,460,460,460,460,460,460,460,460,460,460,460,460,460,460,460,460,460,460,460,460,410,410,410,410,410,410,410,410,410,410,410,410,410,410,410,380,380,380,380,380,380,380,380,380,380,380,380,380,360,360,360,360,360,360,360,360,360,360,340,340,340,340,340,340,340,340,320,320,320,320,320,320,320,320,300,300,300,300,300,300,300,300,280,280,280,280,280,280,280,280,260,260,260,260,260,260,260,260

<-- VOO -->
AA0806	ACC	CTB
4	16:30
100
25
1750,1750,1600,1600
1450,1450,1450,1450,1250,1250,1250,1250
610,610,610,610,610,610,610,610,610,610,610,610,610,610,610,610,610,610,610,610,610,610,580,580,580,580,580,580,580,580,580,580,580,580,580,580,580,580,580,580,580,580,580,580,540,540,540,540,540,540,540,540,540,540,540,540,540,540,540,540,540,540,540,540,540,540,490,490,490,490,490,490,490,490,490,490,490,490,490,490,490,490,490,490,490,490,490,490,460,460,460,460,460,460,460,460,460,460,460,460,460,460,460,460,460,460,460,460,460,460,410,410,410,410,410,410,410,410,410,410,410,410,410,410,410,380,380,380,380,380,380,380,380,380,380,380,380,380,360,360,360,360,360,360,360,360,360,360,340,340,340,340,340,340,340,340,320,320,320,320,320,320,320,320,300,300,300,300,300,300,300,300,280,280,280,280,280,280,280,280,260,260,260,260,260,260,260,260

<-- VOO -->
AA0807	CTB	ADD
1	08:35
80
15
1600,1600,1400,1400
1200,1200,1200,1200,1000,1000,1000,1000
550,550,550,550,550,550,550,550,550,550,550,550,550,550,550,550,550,550,550,550,550,550,520,520,520,520,520,520,520,520,520,520,520,520,520,520,520,520,520,520,520,520,480,480,480,480,480,480,480,480,480,480,480,480,480,480,480,480,480,480,480,480,430,430,430,430,430,430,430,430,430,430,430,430,430,430,430,430,430,430,430,430,400,400,400,400,400,400,400,400,400,400,400,400,400,400,400,400,400,400,400,400,350,350,350,350,350,350,350,350,350,350,350,350,350,350,350,320,320,320,320,320,320,320,320,320,320,320,320,320,320,320,300,300,300,300,300,300,300,300,300,300,280,280,280,280,280,280,280,280,280,280,260,260,260,260,260,260,260,260,260,260,240,240,240,240,240,240,240,240,240,240,220,220,220,220,220,220,220,220,200,200,200,200,200,200,200,200

<-- VOO -->
AA0808	ADD	CTB
1	22:45
80
15
1600,1600,1400,1400
1200,1200,1200,1200,1000,1000,1000,1000
550,550,550,550,550,550,550,550,550,550,550,550,550,550,550,550,550,550,550,550,550,550,520,520,520,520,520,520,520,520,520,520,520,520,520,520,520,520,520,520,520,520,480,480,480,480,480,480,480,480,480,480,480,480,480,480,480,480,480,480,480,480,430,430,430,430,430,430,430,430,430,430,430,430,430,430,430,430,430,430,430,430,400,400,400,400,400,400,400,400,400,400,400,400,400,400,400,400,400,400,400,400,350,350,350,350,350,350,350,350,350,350,350,350,350,350,350,320,320,320,320,320,320,320,320,320,320,320,320,320,320,320,300,300,300,300,300,300,300,300,300,300,280,280,280,280,280,280,280,280,280,280,260,260,260,260,260,260,260,260,260,260,240,240,240,240,240,240,240,240,240,240,220,220,220,220,220,220,220,220,200,200,200,200,200,200,200,200

<-- VOO -->
AA0809	CTB	ADD
5	12:30
100
25
1750,1750,1600,1600
1450,1450,1450,1450,1250,1250,1250,1250
610,610,610,610,610,610,610,610,610,610,610,610,610,610,610,610,610,610,610,610,610,610,580,580,580,580,580,580,580,580,580,580,580,580,580,580,580,580,580,580,580,580,580,580,540,540,540,540,540,540,540,540,540,540,540,540,540,540,540,540,540,540,540,540,540,540,490,490,490,490,490,490,490,490,490,490,490,490,490,490,490,490,490,490,490,490,490,490,460,460,460,460,460,460,460,460,460,460,460,460,460,460,460,460,460,460,460,460,460,460,410,410,410,410,410,410,410,410,410,410,410,410,410,410,410,380,380,380,380,380,380,380,380,380,380,380,380,380,360,360,360,360,360,360,360,360,360,360,340,340,340,340,340,340,340,340,320,320,320,320,320,320,320,320,300,300,300,300,300,300,300,300,280,280,280,280,280,280,280,280,260,260,260,260,260,260,260,260

<-- VOO -->
AA0810	ADD	CTB
5	17:05
100
25
1750,1750,1600,1600
1450,1450,1450,1450,1250,1250,1250,1250
610,610,610,610,610,610,610,610,610,610,610,610,610,610,610,610,610,610,610,610,610,610,580,580,580,580,580,580,580,580,580,580,580,580,580,580,580,580,580,580,580,580,580,580,540,540,540,540,540,540,540,540,540,540,540,540,540,540,540,540,540,540,540,540,540,540,490,490,490,490,490,490,490,490,490,490,490,490,490,490,490,490,490,490,490,490,490,490,460,460,460,460,460,460,460,460,460,460,460,460,460,460,460,460,460,460,460,460,460,460,410,410,410,410,410,410,410,410,410,410,410,410,410,410,410,380,380,380,380,380,380,380,380,380,380,380,380,380,360,360,360,360,360,360,360,360,360,360,340,340,340,340,340,340,340,340,320,320,320,320,320,320,320,320,300,300,300,300,300,300,300,300,280,280,280,280,280,280,280,280,260,260,260,260,260,260,260,260

<-- VOO -->
AA0811	CTB	ALG
0	12:25
70
20
900,900,800,800
700,700,700,700,620,620,620,620
164,164,164,164,164,164,164,164,164,164,164,164,164,164,164,164,164,164,164,164,164,164,154,154,154,154,154,154,154,154,154,154,154,154,154,154,154,154,154,154,154,154,154,154,144,144,144,144,144,144,144,144,144,144,144,144,144,144,144,144,144,144,144,144,144,144,139,139,139,139,139,139,139,139,139,139,139,139,139,139,139,139,139,139,139,139,139,139,134,134,134,134,134,134,134,134,134,134,134,134,134,134,134,134,134,134,134,134,134,134,123,123,123,123,123,123,123,123,123,123,123,123,123,123,123,120,120,120,120,120,120,120,120,120,120,120,120,120,116,116,116,116,116,116,116,116,116,116,112,112,112,112,112,112,112,112,109,109,109,109,109,109,109,109,104,104,104,104,104,104,104,104,99,99,99,99,99,99,99,99,96,96,96,96,96,96,96,96

<-- VOO -->
AA0812	ALG	CTB
0	17:30
70
20
900,900,800,800
700,700,700,700,620,620,620,620
164,164,164,164,164,164,164,164,164,164,164,164,164,164,164,164,164,164,164,164,164,164,154,154,154,154,154,154,154,154,154,154,154,154,154,154,154,154,154,154,154,154,154,154,144,144,144,144,144,144,144,144,144,144,144,144,144,144,144,144,144,144,144,144,144,144,139,139,139,139,139,139,139,139,139,139,139,139,139,139,139,139,139,139,139,139,139,139,134,134,134,134,134,134,134,134,134,134,134,134,134,134,134,134,134,134,134,134,134,134,123,123,123,123,123,123,123,123,123,123,123,123,123,123,123,120,120,120,120,120,120,120,120,120,120,120,120,120,116,116,116,116,116,116,116,116,116,116,112,112,112,112,112,112,112,112,109,109,109,109,109,109,109,109,104,104,104,104,104,104,104,104,99,99,99,99,99,99,99,99,96,96,96,96,96,96,96,96

<-- VOO -->
AA0813	CTB	ALG
1	13:45
50
15
780,780,700,700
620,620,620,620,550,550,550,550
140,140,140,140,140,140,140,140,140,140,140,140,140,140,140,140,140,140,140,140,140,140,130,130,130,130,130,130,130,130,130,130,130,130,130,130,130,130,130,130,130,130,120,120,120,120,120,120,120,120,120,120,120,120,120,120,120,120,120,120,120,120,115,115,115,115,115,115,115,115,115,115,115,115,115,115,115,115,115,115,115,115,110,110,110,110,110,110,110,110,110,110,110,110,110,110,110,110,110,110,110,110,99,99,99,99,99,99,99,99,99,99,99,99,99,99,99,96,96,96,96,96,96,96,96,96,96,96,96,96,96,96,92,92,92,92,92,92,92,92,92,92,88,88,88,88,88,88,88,88,88,88,85,85,85,85,85,85,85,85,85,85,80,80,80,80,80,80,80,80,80,80,75,75,75,75,75,75,75,75,72,72,72,72,72,72,72,72

<-- VOO -->
AA0814	ALG	CTB
1	23:40
50
15
780,780,700,700
620,620,620,620,550,550,550,550
140,140,140,140,140,140,140,140,140,140,140,140,140,140,140,140,140,140,140,140,140,140,130,130,130,130,130,130,130,130,130,130,130,130,130,130,130,130,130,130,130,130,120,120,120,120,120,120,120,120,120,120,120,120,120,120,120,120,120,120,120,120,115,115,115,115,115,115,115,115,115,115,115,115,115,115,115,115,115,115,115,115,110,110,110,110,110,110,110,110,110,110,110,110,110,110,110,110,110,110,110,110,99,99,99,99,99,99,99,99,99,99,99,99,99,99,99,96,96,96,96,96,96,96,96,96,96,96,96,96,96,96,92,92,92,92,92,92,92,92,92,92,88,88,88,88,88,88,88,88,88,88,85,85,85,85,85,85,85,85,85,85,80,80,80,80,80,80,80,80,80,80,75,75,75,75,75,75,75,75,72,72,72,72,72,72,72,72

<-- VOO -->
AA0815	CTB	CPT
0	10:50
100
25
1750,1750,1600,1600
1450,1450,1450,1450,1250,1250,1250,1250
610,610,610,610,610,610,610,610,610,610,610,610,610,610,610,610,610,610,610,610,610,610,580,580,580,580,580,580,580,580,580,580,580,580,580,580,580,580,580,580,580,580,580,580,540,540,540,540,540,540,540,540,540,540,540,540,540,540,540,540,540,540,540,540,540,540,490,490,490,490,490,490,490,490,490,490,490,490,490,490,490,490,490,490,490,490,490,490,460,460,460,460,460,460,460,460,460,460,460,460,460,460,460,460,460,460,460,460,460,460,410,410,410,410,410,410,410,410,410,410,410,410,410,410,410,380,380,380,380,380,380,380,380,380,380,380,380,380,360,360,360,360,360,360,360,360,360,360,340,340,340,340,340,340,340,340,320,320,320,320,320,320,320,320,300,300,300,300,300,300,300,300,280,280,280,280,280,280,280,280,260,260,260,260,260,260,260,260

<-- VOO -->
AA0816	CPT	CTB
0	18:25
100
25
1750,1750,1600,1600
1450,1450,1450,1450,1250,1250,1250,1250
610,610,610,610,610,610,610,610,610,610,610,610,610,610,610,610,610,610,610,610,610,610,580,580,580,580,580,580,580,580,580,580,580,580,580,580,580,580,580,580,580,580,580,580,540,540,540,540,540,540,540,540,540,540,540,540,540,540,540,540,540,540,540,540,540,540,490,490,490,490,490,490,490,490,490,490,490,490,490,490,490,490,490,490,490,490,490,490,460,460,460,460,460,460,460,460,460,460,460,460,460,460,460,460,460,460,460,460,460,460,410,410,410,410,410,410,410,410,410,410,410,410,410,410,410,380,380,380,380,380,380,380,380,380,380,380,380,380,360,360,360,360,360,360,360,360,360,360,340,340,340,340,340,340,340,340,320,320,320,320,320,320,320,320,300,300,300,300,300,300,300,300,280,280,280,280,280,280,280,280,260,260,260,260,260,260,260,260

<-- VOO -->
AA0817	CTB	CPT
2	10:45
80
15
1600,1600,1400,1400
1200,1200,1200,1200,1000,1000,1000,1000
550,550,550,550,550,550,550,550,550,550,550,550,550,550,550,550,550,550,550,550,550,550,520,520,520,520,520,520,520,520,520,520,520,520,520,520,520,520,520,520,520,520,480,480,480,480,480,480,480,480,480,480,480,480,480,480,480,480,480,480,480,480,430,430,430,430,430,430,430,430,430,430,430,430,430,430,430,430,430,430,430,430,400,400,400,400,400,400,400,400,400,400,400,400,400,400,400,400,400,400,400,400,350,350,350,350,350,350,350,350,350,350,350,350,350,350,350,320,320,320,320,320,320,320,320,320,320,320,320,320,320,320,300,300,300,300,300,300,300,300,300,300,280,280,280,280,280,280,280,280,280,280,260,260,260,260,260,260,260,260,260,260,240,240,240,240,240,240,240,240,240,240,220,220,220,220,220,220,220,220,200,200,200,200,200,200,200,200

<-- VOO -->
AA0818	CPT	CTB
2	18:05
80
15
1600,1600,1400,1400
1200,1200,1200,1200,1000,1000,1000,1000
550,550,550,550,550,550,550,550,550,550,550,550,550,550,550,550,550,550,550,550,550,550,520,520,520,520,520,520,520,520,520,520,520,520,520,520,520,520,520,520,520,520,480,480,480,480,480,480,480,480,480,480,480,480,480,480,480,480,480,480,480,480,430,430,430,430,430,430,430,430,430,430,430,430,430,430,430,430,430,430,430,430,400,400,400,400,400,400,400,400,400,400,400,400,400,400,400,400,400,400,400,400,350,350,350,350,350,350,350,350,350,350,350,350,350,350,350,320,320,320,320,320,320,320,320,320,320,320,320,320,320,320,300,300,300,300,300,300,300,300,300,300,280,280,280,280,280,280,280,280,280,280,260,260,260,260,260,260,260,260,260,260,240,240,240,240,240,240,240,240,240,240,220,220,220,220,220,220,220,220,200,200,200,200,200,200,200,200

<-- VOO -->
AA0819	CTB	DAR
0	06:20
100
25
1750,1750,1600,1600
1450,1450,1450,1450,1250,1250,1250,1250
610,610,610,610,610,610,610,610,610,610,610,610,610,610,610,610,610,610,610,610,610,610,580,580,580,580,580,580,580,580,580,580,580,580,580,580,580,580,580,580,580,580,580,580,540,540,540,540,540,540,540,540,540,540,540,540,540,540,540,540,540,540,540,540,540,540,490,490,490,490,490,490,490,490,490,490,490,490,490,490,490,490,490,490,490,490,490,490,460,460,460,460,460,460,460,460,460,460,460,460,460,460,460,460,460,460,460,460,460,460,410,410,410,410,410,410,410,410,410,410,410,410,410,410,410,380,380,380,380,380,380,380,380,380,380,380,380,380,360,360,360,360,360,360,360,360,360,360,340,340,340,340,340,340,340,340,320,320,320,320,320,320,320,320,300,300,300,300,300,300,300,300,280,280,280,280,280,280,280,280,260,260,260,260,260,260,260,260

<-- VOO -->
AA0820	DAR	CTB
0	21:05
100
25
1750,1750,1600,1600
1450,1450,1450,1450,1250,1250,1250,1250
610,610,610,610,610,610,610,610,610,610,610,610,610,610,610,610,610,610,610,610,610,610,580,580,580,580,580,580,580,580,580,580,580,580,580,580,580,580,580,580,580,580,580,580,540,540,540,540,540,540,540,540,540,540,540,540,540,540,540,540,540,540,540,540,540,540,490,490,490,490,490,490,490,490,490,490,490,490,490,490,490,490,490,490,490,490,490,490,460,460,460,460,460,460,460,460,460,460,460,460,460,460,460,460,460,460,460,460,460,460,410,410,410,410,410,410,410,410,410,410,410,410,410,410,410,380,380,380,380,380,380,380,380,380,380,380,380,380,360,360,360,360,360,360,360,360,360,360,340,340,340,340,340,340,340,340,320,320,320,320,320,320,320,320,300,300,300,300,300,300,300,300,280,280,280,280,280,280,280,280,260,260,260,260,260,260,260,260

<-- VOO -->
AA0821	CTB	DUR
6	12:25
100
25
1750,1750,1600,1600
1450,1450,1450,1450,1250,1250,1250,1250
610,610,610,610,610,610,610,610,610,610,610,610,610,610,610,610,610,610,610,610,610,610,580,580,580,580,580,580,580,580,580,580,580,580,580,580,580,580,580,580,580,580,580,580,540,540,540,540,540,540,540,540,540,540,540,540,540,540,540,540,540,540,540,540,540,540,490,490,490,490,490,490,490,490,490,490,490,490,490,490,490,490,490,490,490,490,490,490,460,460,460,460,460,460,460,460,460,460,460,460,460,460,460,460,460,460,460,460,460,460,410,410,410,410,410,410,410,410,410,410,410,410,410,410,410,380,380,380,380,380,380,380,380,380,380,380,380,380,360,360,360,360,360,360,360,360,360,360,340,340,340,340,340,340,340,340,320,320,320,320,320,320,320,320,300,300,300,300,300,300,300,300,280,280,280,280,280,280,280,280,260,260,260,260,260,260,260,260

<-- VOO -->
AA0822	DUR	CTB
6	18:20
100
25
1750,1750,1600,1600
1450,1450,1450,1450,1250,1250,1250,1250
610,610,610,610,610,610,610,610,610,610,610,610,610,610,610,610,610,610,610,610,610,610,580,580,580,580,580,580,580,580,580,580,580,580,580,580,580,580,580,580,580,580,580,580,540,540,540,540,540,540,540,540,540,540,540,540,540,540,540,540,540,540,540,540,540,540,490,490,490,490,490,490,490,490,490,490,490,490,490,490,490,490,490,490,490,490,490,490,460,460,460,460,460,460,460,460,460,460,460,460,460,460,460,460,460,460,460,460,460,460,410,410,410,410,410,410,410,410,410,410,410,410,410,410,410,380,380,380,380,380,380,380,380,380,380,380,380,380,360,360,360,360,360,360,360,360,360,360,340,340,340,340,340,340,340,340,320,320,320,320,320,320,320,320,300,300,300,300,300,300,300,300,280,280,280,280,280,280,280,280,260,260,260,260,260,260,260,260

<-- VOO -->
AA0823	CTB	FIH
0	12:15
100
25
1750,1750,1600,1600
1450,1450,1450,1450,1250,1250,1250,1250
610,610,610,610,610,610,610,610,610,610,610,610,610,610,610,610,610,610,610,610,610,610,580,580,580,580,580,580,580,580,580,580,580,580,580,580,580,580,580,580,580,580,580,580,540,540,540,540,540,540,540,540,540,540,540,540,540,540,540,540,540,540,540,540,540,540,490,490,490,490,490,490,490,490,490,490,490,490,490,490,490,490,490,490,490,490,490,490,460,460,460,460,460,460,460,460,460,460,460,460,460,460,460,460,460,460,460,460,460,460,410,410,410,410,410,410,410,410,410,410,410,410,410,410,410,380,380,380,380,380,380,380,380,380,380,380,380,380,360,360,360,360,360,360,360,360,360,360,340,340,340,340,340,340,340,340,320,320,320,320,320,320,320,320,300,300,300,300,300,300,300,300,280,280,280,280,280,280,280,280,260,260,260,260,260,260,260,260

<-- VOO -->
AA0824	FIH	CTB
0	17:35
100
25
1750,1750,1600,1600
1450,1450,1450,1450,1250,1250,1250,1250
610,610,610,610,610,610,610,610,610,610,610,610,610,610,610,610,610,610,610,610,610,610,580,580,580,580,580,580,580,580,580,580,580,580,580,580,580,580,580,580,580,580,580,580,540,540,540,540,540,540,540,540,540,540,540,540,540,540,540,540,540,540,540,540,540,540,490,490,490,490,490,490,490,490,490,490,490,490,490,490,490,490,490,490,490,490,490,490,460,460,460,460,460,460,460,460,460,460,460,460,460,460,460,460,460,460,460,460,460,460,410,410,410,410,410,410,410,410,410,410,410,410,410,410,410,380,380,380,380,380,380,380,380,380,380,380,380,380,360,360,360,360,360,360,360,360,360,360,340,340,340,340,340,340,340,340,320,320,320,320,320,320,320,320,300,300,300,300,300,300,300,300,280,280,280,280,280,280,280,280,260,260,260,260,260,260,260,260

<-- VOO -->
AA0825	CTB	FIH
4	07:25
100
25
1750,1750,1600,1600
1450,1450,1450,1450,1250,1250,1250,1250
610,610,610,610,610,610,610,610,610,610,610,610,610,610,610,610,610,610,610,610,610,610,580,580,580,580,580,580,580,580,580,580,580,580,580,580,580,580,580,580,580,580,580,580,540,540,540,540,540,540,540,540,540,540,540,540,540,540,540,540,540,540,540,540,540,540,490,490,490,490,490,490,490,490,490,490,490,490,490,490,490,490,490,490,490,490,490,490,460,460,460,460,460,460,460,460,460,460,460,460,460,460,460,460,460,460,460,460,460,460,410,410,410,410,410,410,410,410,410,410,410,410,410,410,410,380,380,380,380,380,380,380,380,380,380,380,380,380,360,360,360,360,360,360,360,360,360,360,340,340,340,340,340,340,340,340,320,320,320,320,320,320,320,320,300,300,300,300,300,300,300,300,280,280,280,280,280,280,280,280,260,260,260,260,260,260,260,260

<-- VOO -->
AA0826	FIH	CTB
4	23:55
100
25
1750,1750,1600,1600
1450,1450,1450,1450,1250,1250,1250,1250
610,610,610,610,610,610,610,610,610,610,610,610,610,610,610,610,610,610,610,610,610,610,580,580,580,580,580,580,580,580,580,580,580,580,580,580,580,580,580,580,580,580,580,580,540,540,540,540,540,540,540,540,540,540,540,540,540,540,540,540,540,540,540,540,540,540,490,490,490,490,490,490,490,490,490,490,490,490,490,490,490,490,490,490,490,490,490,490,460,460,460,460,460,460,460,460,460,460,460,460,460,460,460,460,460,460,460,460,460,460,410,410,410,410,410,410,410,410,410,410,410,410,410,410,410,380,380,380,380,380,380,380,380,380,380,380,380,380,360,360,360,360,360,360,360,360,360,360,340,340,340,340,340,340,340,340,320,320,320,320,320,320,320,320,300,300,300,300,300,300,300,300,280,280,280,280,280,280,280,280,260,260,260,260,260,260,260,260

<-- VOO -->
AA0827	CTB	HRE
0	11:50
100
25
1750,1750,1600,1600
1450,1450,1450,1450,1250,1250,1250,1250
610,610,610,610,610,610,610,610,610,610,610,610,610,610,610,610,610,610,610,610,610,610,580,580,580,580,580,580,580,580,580,580,580,580,580,580,580,580,580,580,580,580,580,580,540,540,540,540,540,540,540,540,540,540,540,540,540,540,540,540,540,540,540,540,540,540,490,490,490,490,490,490,490,490,490,490,490,490,490,490,490,490,490,490,490,490,490,490,460,460,460,460,460,460,460,460,460,460,460,460,460,460,460,460,460,460,460,460,460,460,410,410,410,410,410,410,410,410,410,410,410,410,410,410,410,380,380,380,380,380,380,380,380,380,380,380,380,380,360,360,360,360,360,360,360,360,360,360,340,340,340,340,340,340,340,340,320,320,320,320,320,320,320,320,300,300,300,300,300,300,300,300,280,280,280,280,280,280,280,280,260,260,260,260,260,260,260,260

<-- VOO -->
AA0828	HRE	CTB
0	20:10
100
25
1750,1750,1600,1600
1450,1450,1450,1450,1250,1250,1250,1250
610,610,610,610,610,610,610,610,610,610,610,610,610,610,610,610,610,610,610,610,610,610,580,580,580,580,580,580,580,580,580,580,580,580,580,580,580,580,580,580,580,580,580,580,540,540,540,540,540,540,540,540,540,540,540,540,540,540,540,540,540,540,540,540,540,540,490,490,490,490,490,490,490,490,490,490,490,490,490,490,490,490,490,490,490,490,490,490,460,460,460,460,460,460,460,460,460,460,460,460,460,460,460,460,460,460,460,460,460,460,410,410,410,410,410,410,410,410,410,410,410,410,410,410,410,380,380,380,380,380,380,380,380,380,380,380,380,380,360,360,360,360,360,360,360,360,360,360,340,340,340,340,340,340,340,340,320,320,320,320,320,320,320,320,300,300,300,300,300,300,300,300,280,280,280,280,280,280,280,280,260,260,260,260,260,260,260,260

<-- VOO -->
AA0829	CTB	JNB
2	12:30
80
15
1600,1600,1400,1400
1200,1200,1200,1200,1000,1000,1000,1000
550,550,550,550,550,550,550,550,550,550,550,550,550,550,550,550,550,550,550,550,550,550,520,520,520,520,520,520,520,520,520,520,520,520,520,520,520,520,520,520,520,520,480,480,480,480,480,480,480,480,480,480,480,480,480,480,480,480,480,480,480,480,430,430,430,430,430,430,430,430,430,430,430,430,430,430,430,430,430,430,430,430,400,400,400,400,400,400,400,400,400,400,400,400,400,400,400,400,400,400,400,400,350,350,350,350,350,350,350,350,350,350,350,350,350,350,350,320,320,320,320,320,320,320,320,320,320,320,320,320,320,320,300,300,300,300,300,300,300,300,300,300,280,280,280,280,280,280,280,280,280,280,260,260,260,260,260,260,260,260,260,260,240,240,240,240,240,240,240,240,240,240,220,220,220,220,220,220,220,220,200,200,200,200,200,200,200,200

<-- VOO -->
AA0830	JNB	CTB
2	21:25
80
15
1600,1600,1400,1400
1200,1200,1200,1200,1000,1000,1000,1000
550,550,550,550,550,550,550,550,550,550,550,550,550,550,550,550,550,550,550,550,550,550,520,520,520,520,520,520,520,520,520,520,520,520,520,520,520,520,520,520,520,520,480,480,480,480,480,480,480,480,480,480,480,480,480,480,480,480,480,480,480,480,430,430,430,430,430,430,430,430,430,430,430,430,430,430,430,430,430,430,430,430,400,400,400,400,400,400,400,400,400,400,400,400,400,400,400,400,400,400,400,400,350,350,350,350,350,350,350,350,350,350,350,350,350,350,350,320,320,320,320,320,320,320,320,320,320,320,320,320,320,320,300,300,300,300,300,300,300,300,300,300,280,280,280,280,280,280,280,280,280,280,260,260,260,260,260,260,260,260,260,260,240,240,240,240,240,240,240,240,240,240,220,220,220,220,220,220,220,220,200,200,200,200,200,200,200,200

<-- VOO -->
AA0831	CTB	JNB
3	07:25
80
15
1600,1600,1400,1400
1200,1200,1200,1200,1000,1000,1000,1000
550,550,550,550,550,550,550,550,550,550,550,550,550,550,550,550,550,550,550,550,550,550,520,520,520,520,520,520,520,520,520,520,520,520,520,520,520,520,520,520,520,520,480,480,480,480,480,480,480,480,480,480,480,480,480,480,480,480,480,480,480,480,430,430,430,430,430,430,430,430,430,430,430,430,430,430,430,430,430,430,430,430,400,400,400,400,400,400,400,400,400,400,400,400,400,400,400,400,400,400,400,400,350,350,350,350,350,350,350,350,350,350,350,350,350,350,350,320,320,320,320,320,320,320,320,320,320,320,320,320,320,320,300,300,300,300,300,300,300,300,300,300,280,280,280,280,280,280,280,280,280,280,260,260,260,260,260,260,260,260,260,260,240,240,240,240,240,240,240,240,240,240,220,220,220,220,220,220,220,220,200,200,200,200,200,200,200,200

<-- VOO -->
AA0832	JNB	CTB
3	16:30
80
15
1600,1600,1400,1400
1200,1200,1200,1200,1000,1000,1000,1000
550,550,550,550,550,550,550,550,550,550,550,550,550,550,550,550,550,550,550,550,550,550,520,520,520,520,520,520,520,520,520,520,520,520,520,520,520,520,520,520,520,520,480,480,480,480,480,480,480,480,480,480,480,480,480,480,480,480,480,480,480,480,430,430,430,430,430,430,430,430,430,430,430,430,430,430,430,430,430,430,430,430,400,400,400,400,400,400,400,400,400,400,400,400,400,400,400,400,400,400,400,400,350,350,350,350,350,350,350,350,350,350,350,350,350,350,350,320,320,320,320,320,320,320,320,320,320,320,320,320,320,320,300,300,300,300,300,300,300,300,300,300,280,280,280,280,280,280,280,280,280,280,260,260,260,260,260,260,260,260,260,260,240,240,240,240,240,240,240,240,240,240,220,220,220,220,220,220,220,220,200,200,200,200,200,200,200,200

<-- VOO -->
AA0833	CTB	KGL
0	13:20
100
25
1750,1750,1600,1600
1450,1450,1450,1450,1250,1250,1250,1250
610,610,610,610,610,610,610,610,610,610,610,610,610,610,610,610,610,610,610,610,610,610,580,580,580,580,580,580,580,580,580,580,580,580,580,580,580,580,580,580,580,580,580,580,540,540,540,540,540,540,540,540,540,540,540,540,540,540,540,540,540,540,540,540,540,540,490,490,490,490,490,490,490,490,490,490,490,490,490,490,490,490,490,490,490,490,490,490,460,460,460,460,460,460,460,460,460,460,460,460,460,460,460,460,460,460,460,460,460,460,410,410,410,410,410,410,410,410,410,410,410,410,410,410,410,380,380,380,380,380,380,380,380,380,380,380,380,380,360,360,360,360,360,360,360,360,360,360,340,340,340,340,340,340,340,340,320,320,320,320,320,320,320,320,300,300,300,300,300,300,300,300,280,280,280,280,280,280,280,280,260,260,260,260,260,260,260,260

<-- VOO -->
AA0834	KGL	CTB
0	23:15
100
25
1750,1750,1600,1600
1450,1450,1450,1450,1250,1250,1250,1250
610,610,610,610,610,610,610,610,610,610,610,610,610,610,610,610,610,610,610,610,610,610,580,580,580,580,580,580,580,580,580,580,580,580,580,580,580,580,580,580,580,580,580,580,540,540,540,540,540,540,540,540,540,540,540,540,540,540,540,540,540,540,540,540,540,540,490,490,490,490,490,490,490,490,490,490,490,490,490,490,490,490,490,490,490,490,490,490,460,460,460,460,460,460,460,460,460,460,460,460,460,460,460,460,460,460,460,460,460,460,410,410,410,410,410,410,410,410,410,410,410,410,410,410,410,380,380,380,380,380,380,380,380,380,380,380,380,380,360,360,360,360,360,360,360,360,360,360,340,340,340,340,340,340,340,340,320,320,320,320,320,320,320,320,300,300,300,300,300,300,300,300,280,280,280,280,280,280,280,280,260,260,260,260,260,260,260,260

<-- VOO -->
AA0835	CTB	LOS
3	12:30
80
15
1600,1600,1400,1400
1200,1200,1200,1200,1000,1000,1000,1000
550,550,550,550,550,550,550,550,550,550,550,550,550,550,550,550,550,550,550,550,550,550,520,520,520,520,520,520,520,520,520,520,520,520,520,520,520,520,520,520,520,520,480,480,480,480,480,480,480,480,480,480,480,480,480,480,480,480,480,480,480,480,430,430,430,430,430,430,430,430,430,430,430,430,430,430,430,430,430,430,430,430,400,400,400,400,400,400,400,400,400,400,400,400,400,400,400,400,400,400,400,400,350,350,350,350,350,350,350,350,350,350,350,350,350,350,350,320,320,320,320,320,320,320,320,320,320,320,320,320,320,320,300,300,300,300,300,300,300,300,300,300,280,280,280,280,280,280,280,280,280,280,260,260,260,260,260,260,260,260,260,260,240,240,240,240,240,240,240,240,240,240,220,220,220,220,220,220,220,220,200,200,200,200,200,200,200,200

<-- VOO -->
AA0836	LOS	CTB
3	17:45
80
15
1600,1600,1400,1400
1200,1200,1200,1200,1000,1000,1000,1000
550,550,550,550,550,550,550,550,550,550,550,550,550,550,550,550,550,550,550,550,550,550,520,520,520,520,520,520,520,520,520,520,520,520,520,520,520,520,520,520,520,520,480,480,480,480,480,480,480,480,480,480,480,480,480,480,480,480,480,480,480,480,430,430,430,430,430,430,430,430,430,430,430,430,430,430,430,430,430,430,430,430,400,400,400,400,400,400,400,400,400,400,400,400,400,400,400,400,400,400,400,400,350,350,350,350,350,350,350,350,350,350,350,350,350,350,350,320,320,320,320,320,320,320,320,320,320,320,320,320,320,320,300,300,300,300,300,300,300,300,300,300,280,280,280,280,280,280,280,280,280,280,260,260,260,260,260,260,260,260,260,260,240,240,240,240,240,240,240,240,240,240,220,220,220,220,220,220,220,220,200,200,200,200,200,200,200,200

<-- VOO -->
AA0837	CTB	LUN
3	12:55
80
15
1600,1600,1400,1400
1200,1200,1200,1200,1000,1000,1000,1000
550,550,550,550,550,550,550,550,550,550,550,550,550,550,550,550,550,550,550,550,550,550,520,520,520,520,520,520,520,520,520,520,520,520,520,520,520,520,520,520,520,520,480,480,480,480,480,480,480,480,480,480,480,480,480,480,480,480,480,480,480,480,430,430,430,430,430,430,430,430,430,430,430,430,430,430,430,430,430,430,430,430,400,400,400,400,400,400,400,400,400,400,400,400,400,400,400,400,400,400,400,400,350,350,350,350,350,350,350,350,350,350,350,350,350,350,350,320,320,320,320,320,320,320,320,320,320,320,320,320,320,320,300,300,300,300,300,300,300,300,300,300,280,280,280,280,280,280,280,280,280,280,260,260,260,260,260,260,260,260,260,260,240,240,240,240,240,240,240,240,240,240,220,220,220,220,220,220,220,220,200,200,200,200,200,200,200,200

<-- VOO -->
AA0838	LUN	CTB
3	17:10
80
15
1600,1600,1400,1400
1200,1200,1200,1200,1000,1000,1000,1000
550,550,550,550,550,550,550,550,550,550,550,550,550,550,550,550,550,550,550,550,550,550,520,520,520,520,520,520,520,520,520,520,520,520,520,520,520,520,520,520,520,520,480,480,480,480,480,480,480,480,480,480,480,480,480,480,480,480,480,480,480,480,430,430,430,430,430,430,430,430,430,430,430,430,430,430,430,430,430,430,430,430,400,400,400,400,400,400,400,400,400,400,400,400,400,400,400,400,400,400,400,400,350,350,350,350,350,350,350,350,350,350,350,350,350,350,350,320,320,320,320,320,320,320,320,320,320,320,320,320,320,320,300,300,300,300,300,300,300,300,300,300,280,280,280,280,280,280,280,280,280,280,260,260,260,260,260,260,260,260,260,260,240,240,240,240,240,240,240,240,240,240,220,220,220,220,220,220,220,220,200,200,200,200,200,200,200,200

<-- VOO -->
AA0839	CTB	MBA
2	13:55
80
15
1600,1600,1400,1400
1200,1200,1200,1200,1000,1000,1000,1000
550,550,550,550,550,550,550,550,550,550,550,550,550,550,550,550,550,550,550,550,550,550,520,520,520,520,520,520,520,520,520,520,520,520,520,520,520,520,520,520,520,520,480,480,480,480,480,480,480,480,480,480,480,480,480,480,480,480,480,480,480,480,430,430,430,430,430,430,430,430,430,430,430,430,430,430,430,430,430,430,430,430,400,400,400,400,400,400,400,400,400,400,400,400,400,400,400,400,400,400,400,400,350,350,350,350,350,350,350,350,350,350,350,350,350,350,350,320,320,320,320,320,320,320,320,320,320,320,320,320,320,320,300,300,300,300,300,300,300,300,300,300,280,280,280,280,280,280,280,280,280,280,260,260,260,260,260,260,260,260,260,260,240,240,240,240,240,240,240,240,240,240,220,220,220,220,220,220,220,220,200,200,200,200,200,200,200,200

<-- VOO -->
AA0840	MBA	CTB
2	21:10
80
15
1600,1600,1400,1400
1200,1200,1200,1200,1000,1000,1000,1000
550,550,550,550,550,550,550,550,550,550,550,550,550,550,550,550,550,550,550,550,550,550,520,520,520,520,520,520,520,520,520,520,520,520,520,520,520,520,520,520,520,520,480,480,480,480,480,480,480,480,480,480,480,480,480,480,480,480,480,480,480,480,430,430,430,430,430,430,430,430,430,430,430,430,430,430,430,430,430,430,430,430,400,400,400,400,400,400,400,400,400,400,400,400,400,400,400,400,400,400,400,400,350,350,350,350,350,350,350,350,350,350,350,350,350,350,350,320,320,320,320,320,320,320,320,320,320,320,320,320,320,320,300,300,300,300,300,300,300,300,300,300,280,280,280,280,280,280,280,280,280,280,260,260,260,260,260,260,260,260,260,260,240,240,240,240,240,240,240,240,240,240,220,220,220,220,220,220,220,220,200,200,200,200,200,200,200,200

<-- VOO -->
AA0841	CTB	MBA
3	14:45
80
15
1600,1600,1400,1400
1200,1200,1200,1200,1000,1000,1000,1000
550,550,550,550,550,550,550,550,550,550,550,550,550,550,550,550,550,550,550,550,550,550,520,520,520,520,520,520,520,520,520,520,520,520,520,520,520,520,520,520,520,520,480,480,480,480,480,480,480,480,480,480,480,480,480,480,480,480,480,480,480,480,430,430,430,430,430,430,430,430,430,430,430,430,430,430,430,430,430,430,430,430,400,400,400,400,400,400,400,400,400,400,400,400,400,400,400,400,400,400,400,400,350,350,350,350,350,350,350,350,350,350,350,350,350,350,350,320,320,320,320,320,320,320,320,320,320,320,320,320,320,320,300,300,300,300,300,300,300,300,300,300,280,280,280,280,280,280,280,280,280,280,260,260,260,260,260,260,260,260,260,260,240,240,240,240,240,240,240,240,240,240,220,220,220,220,220,220,220,220,200,200,200,200,200,200,200,200

<-- VOO -->
AA0842	MBA	CTB
3	23:15
80
15
1600,1600,1400,1400
1200,1200,1200,1200,1000,1000,1000,1000
550,550,550,550,550,550,550,550,550,550,550,550,550,550,550,550,550,550,550,550,550,550,520,520,520,520,520,520,520,520,520,520,520,520,520,520,520,520,520,520,520,520,480,480,480,480,480,480,480,480,480,480,480,480,480,480,480,480,480,480,480,480,430,430,430,430,430,430,430,430,430,430,430,430,430,430,430,430,430,430,430,430,400,400,400,400,400,400,400,400,400,400,400,400,400,400,400,400,400,400,400,400,350,350,350,350,350,350,350,350,350,350,350,350,350,350,350,320,320,320,320,320,320,320,320,320,320,320,320,320,320,320,300,300,300,300,300,300,300,300,300,300,280,280,280,280,280,280,280,280,280,280,260,260,260,260,260,260,260,260,260,260,240,240,240,240,240,240,240,240,240,240,220,220,220,220,220,220,220,220,200,200,200,200,200,200,200,200

<-- VOO -->
AA0843	CTB	MGQ
4	14:45
100
25
1750,1750,1600,1600
1450,1450,1450,1450,1250,1250,1250,1250
610,610,610,610,610,610,610,610,610,610,610,610,610,610,610,610,610,610,610,610,610,610,580,580,580,580,580,580,580,580,580,580,580,580,580,580,580,580,580,580,580,580,580,580,540,540,540,540,540,540,540,540,540,540,540,540,540,540,540,540,540,540,540,540,540,540,490,490,490,490,490,490,490,490,490,490,490,490,490,490,490,490,490,490,490,490,490,490,460,460,460,460,460,460,460,460,460,460,460,460,460,460,460,460,460,460,460,460,460,460,410,410,410,410,410,410,410,410,410,410,410,410,410,410,410,380,380,380,380,380,380,380,380,380,380,380,380,380,360,360,360,360,360,360,360,360,360,360,340,340,340,340,340,340,340,340,320,320,320,320,320,320,320,320,300,300,300,300,300,300,300,300,280,280,280,280,280,280,280,280,260,260,260,260,260,260,260,260

<-- VOO -->
AA0844	MGQ	CTB
4	17:20
100
25
1750,1750,1600,1600
1450,1450,1450,1450,1250,1250,1250,1250
610,610,610,610,610,610,610,610,610,610,610,610,610,610,610,610,610,610,610,610,610,610,580,580,580,580,580,580,580,580,580,580,580,580,580,580,580,580,580,580,580,580,580,580,540,540,540,540,540,540,540,540,540,540,540,540,540,540,540,540,540,540,540,540,540,540,490,490,490,490,490,490,490,490,490,490,490,490,490,490,490,490,490,490,490,490,490,490,460,460,460,460,460,460,460,460,460,460,460,460,460,460,460,460,460,460,460,460,460,460,410,410,410,410,410,410,410,410,410,410,410,410,410,410,410,380,380,380,380,380,380,380,380,380,380,380,380,380,360,360,360,360,360,360,360,360,360,360,340,340,340,340,340,340,340,340,320,320,320,320,320,320,320,320,300,300,300,300,300,300,300,300,280,280,280,280,280,280,280,280,260,260,260,260,260,260,260,260

<-- VOO -->
AA0845	CTB	MRU
6	07:25
100
25
1750,1750,1600,1600
1450,1450,1450,1450,1250,1250,1250,1250
610,610,610,610,610,610,610,610,610,610,610,610,610,610,610,610,610,610,610,610,610,610,580,580,580,580,580,580,580,580,580,580,580,580,580,580,580,580,580,580,580,580,580,580,540,540,540,540,540,540,540,540,540,540,540,540,540,540,540,540,540,540,540,540,540,540,490,490,490,490,490,490,490,490,490,490,490,490,490,490,490,490,490,490,490,490,490,490,460,460,460,460,460,460,460,460,460,460,460,460,460,460,460,460,460,460,460,460,460,460,410,410,410,410,410,410,410,410,410,410,410,410,410,410,410,380,380,380,380,380,380,380,380,380,380,380,380,380,360,360,360,360,360,360,360,360,360,360,340,340,340,340,340,340,340,340,320,320,320,320,320,320,320,320,300,300,300,300,300,300,300,300,280,280,280,280,280,280,280,280,260,260,260,260,260,260,260,260

<-- VOO -->
AA0846	MRU	CTB
6	20:30
100
25
1750,1750,1600,1600
1450,1450,1450,1450,1250,1250,1250,1250
610,610,610,610,610,610,610,610,610,610,610,610,610,610,610,610,610,610,610,610,610,610,580,580,580,580,580,580,580,580,580,580,580,580,580,580,580,580,580,580,580,580,580,580,540,540,540,540,540,540,540,540,540,540,540,540,540,540,540,540,540,540,540,540,540,540,490,490,490,490,490,490,490,490,490,490,490,490,490,490,490,490,490,490,490,490,490,490,460,460,460,460,460,460,460,460,460,460,460,460,460,460,460,460,460,460,460,460,460,460,410,410,410,410,410,410,410,410,410,410,410,410,410,410,410,380,380,380,380,380,380,380,380,380,380,380,380,380,360,360,360,360,360,360,360,360,360,360,340,340,340,340,340,340,340,340,320,320,320,320,320,320,320,320,300,300,300,300,300,300,300,300,280,280,280,280,280,280,280,280,260,260,260,260,260,260,260,260

<-- VOO -->
AA0847	CTB	NBO
2	13:05
80
15
1600,1600,1400,1400
1200,1200,1200,1200,1000,1000,1000,1000
550,550,550,550,550,550,550,550,550,550,550,550,550,550,550,550,550,550,550,550,550,550,520,520,520,520,520,520,520,520,520,520,520,520,520,520,520,520,520,520,520,520,480,480,480,480,480,480,480,480,480,480,480,480,480,480,480,480,480,480,480,480,430,430,430,430,430,430,430,430,430,430,430,430,430,430,430,430,430,430,430,430,400,400,400,400,400,400,400,400,400,400,400,400,400,400,400,400,400,400,400,400,350,350,350,350,350,350,350,350,350,350,350,350,350,350,350,320,320,320,320,320,320,320,320,320,320,320,320,320,320,320,300,300,300,300,300,300,300,300,300,300,280,280,280,280,280,280,280,280,280,280,260,260,260,260,260,260,260,260,260,260,240,240,240,240,240,240,240,240,240,240,220,220,220,220,220,220,220,220,200,200,200,200,200,200,200,200

<-- VOO -->
AA0848	NBO	CTB
2	21:15
80
15
1600,1600,1400,1400
1200,1200,1200,1200,1000,1000,1000,1000
550,550,550,550,550,550,550,550,550,550,550,550,550,550,550,550,550,550,550,550,550,550,520,520,520,520,520,520,520,520,520,520,520,520,520,520,520,520,520,520,520,520,480,480,480,480,480,480,480,480,480,480,480,480,480,480,480,480,480,480,480,480,430,430,430,430,430,430,430,430,430,430,430,430,430,430,430,430,430,430,430,430,400,400,400,400,400,400,400,400,400,400,400,400,400,400,400,400,400,400,400,400,350,350,350,350,350,350,350,350,350,350,350,350,350,350,350,320,320,320,320,320,320,320,320,320,320,320,320,320,320,320,300,300,300,300,300,300,300,300,300,300,280,280,280,280,280,280,280,280,280,280,260,260,260,260,260,260,260,260,260,260,240,240,240,240,240,240,240,240,240,240,220,220,220,220,220,220,220,220,200,200,200,200,200,200,200,200

<-- VOO -->
AA0849	CTB	NBO
4	10:25
100
25
1750,1750,1600,1600
1450,1450,1450,1450,1250,1250,1250,1250
610,610,610,610,610,610,610,610,610,610,610,610,610,610,610,610,610,610,610,610,610,610,580,580,580,580,580,580,580,580,580,580,580,580,580,580,580,580,580,580,580,580,580,580,540,540,540,540,540,540,540,540,540,540,540,540,540,540,540,540,540,540,540,540,540,540,490,490,490,490,490,490,490,490,490,490,490,490,490,490,490,490,490,490,490,490,490,490,460,460,460,460,460,460,460,460,460,460,460,460,460,460,460,460,460,460,460,460,460,460,410,410,410,410,410,410,410,410,410,410,410,410,410,410,410,380,380,380,380,380,380,380,380,380,380,380,380,380,360,360,360,360,360,360,360,360,360,360,340,340,340,340,340,340,340,340,320,320,320,320,320,320,320,320,300,300,300,300,300,300,300,300,280,280,280,280,280,280,280,280,260,260,260,260,260,260,260,260

<-- VOO -->
AA0850	NBO	CTB
4	15:20
100
25
1750,1750,1600,1600
1450,1450,1450,1450,1250,1250,1250,1250
610,610,610,610,610,610,610,610,610,610,610,610,610,610,610,610,610,610,610,610,610,610,580,580,580,580,580,580,580,580,580,580,580,580,580,580,580,580,580,580,580,580,580,580,540,540,540,540,540,540,540,540,540,540,540,540,540,540,540,540,540,540,540,540,540,540,490,490,490,490,490,490,490,490,490,490,490,490,490,490,490,490,490,490,490,490,490,490,460,460,460,460,460,460,460,460,460,460,460,460,460,460,460,460,460,460,460,460,460,460,410,410,410,410,410,410,410,410,410,410,410,410,410,410,410,380,380,380,380,380,380,380,380,380,380,380,380,380,360,360,360,360,360,360,360,360,360,360,340,340,340,340,340,340,340,340,320,320,320,320,320,320,320,320,300,300,300,300,300,300,300,300,280,280,280,280,280,280,280,280,260,260,260,260,260,260,260,260

<-- VOO -->
AA0851	CTB	TUN
5	11:45
70
20
900,900,800,800
700,700,700,700,620,620,620,620
164,164,164,164,164,164,164,164,164,164,164,164,164,164,164,164,164,164,164,164,164,164,154,154,154,154,154,154,154,154,154,154,154,154,154,154,154,154,154,154,154,154,154,154,144,144,144,144,144,144,144,144,144,144,144,144,144,144,144,144,144,144,144,144,144,144,139,139,139,139,139,139,139,139,139,139,139,139,139,139,139,139,139,139,139,139,139,139,134,134,134,134,134,134,134,134,134,134,134,134,134,134,134,134,134,134,134,134,134,134,123,123,123,123,123,123,123,123,123,123,123,123,123,123,123,120,120,120,120,120,120,120,120,120,120,120,120,120,116,116,116,116,116,116,116,116,116,116,112,112,112,112,112,112,112,112,109,109,109,109,109,109,109,109,104,104,104,104,104,104,104,104,99,99,99,99,99,99,99,99,96,96,96,96,96,96,96,96

<-- VOO -->
AA0852	TUN	CTB
5	16:20
70
20
900,900,800,800
700,700,700,700,620,620,620,620
164,164,164,164,164,164,164,164,164,164,164,164,164,164,164,164,164,164,164,164,164,164,154,154,154,154,154,154,154,154,154,154,154,154,154,154,154,154,154,154,154,154,154,154,144,144,144,144,144,144,144,144,144,144,144,144,144,144,144,144,144,144,144,144,144,144,139,139,139,139,139,139,139,139,139,139,139,139,139,139,139,139,139,139,139,139,139,139,134,134,134,134,134,134,134,134,134,134,134,134,134,134,134,134,134,134,134,134,134,134,123,123,123,123,123,123,123,123,123,123,123,123,123,123,123,120,120,120,120,120,120,120,120,120,120,120,120,120,116,116,116,116,116,116,116,116,116,116,112,112,112,112,112,112,112,112,109,109,109,109,109,109,109,109,104,104,104,104,104,104,104,104,99,99,99,99,99,99,99,99,96,96,96,96,96,96,96,96

<-- VOO -->
AA0853	CTB	TUN
6	06:30
70
20
900,900,800,800
700,700,700,700,620,620,620,620
164,164,164,164,164,164,164,164,164,164,164,164,164,164,164,164,164,164,164,164,164,164,154,154,154,154,154,154,154,154,154,154,154,154,154,154,154,154,154,154,154,154,154,154,144,144,144,144,144,144,144,144,144,144,144,144,144,144,144,144,144,144,144,144,144,144,139,139,139,139,139,139,139,139,139,139,139,139,139,139,139,139,139,139,139,139,139,139,134,134,134,134,134,134,134,134,134,134,134,134,134,134,134,134,134,134,134,134,134,134,123,123,123,123,123,123,123,123,123,123,123,123,123,123,123,120,120,120,120,120,120,120,120,120,120,120,120,120,116,116,116,116,116,116,116,116,116,116,112,112,112,112,112,112,112,112,109,109,109,109,109,109,109,109,104,104,104,104,104,104,104,104,99,99,99,99,99,99,99,99,96,96,96,96,96,96,96,96

<-- VOO -->
AA0854	TUN	CTB
6	18:15
70
20
900,900,800,800
700,700,700,700,620,620,620,620
164,164,164,164,164,164,164,164,164,164,164,164,164,164,164,164,164,164,164,164,164,164,154,154,154,154,154,154,154,154,154,154,154,154,154,154,154,154,154,154,154,154,154,154,144,144,144,144,144,144,144,144,144,144,144,144,144,144,144,144,144,144,144,144,144,144,139,139,139,139,139,139,139,139,139,139,139,139,139,139,139,139,139,139,139,139,139,139,134,134,134,134,134,134,134,134,134,134,134,134,134,134,134,134,134,134,134,134,134,134,123,123,123,123,123,123,123,123,123,123,123,123,123,123,123,120,120,120,120,120,120,120,120,120,120,120,120,120,116,116,116,116,116,116,116,116,116,116,112,112,112,112,112,112,112,112,109,109,109,109,109,109,109,109,104,104,104,104,104,104,104,104,99,99,99,99,99,99,99,99,96,96,96,96,96,96,96,96

<-- VOO -->
AA0855	CTB	ZNZ
0	13:20
70
20
900,900,800,800
700,700,700,700,620,620,620,620
164,164,164,164,164,164,164,164,164,164,164,164,164,164,164,164,164,164,164,164,164,164,154,154,154,154,154,154,154,154,154,154,154,154,154,154,154,154,154,154,154,154,154,154,144,144,144,144,144,144,144,144,144,144,144,144,144,144,144,144,144,144,144,144,144,144,139,139,139,139,139,139,139,139,139,139,139,139,139,139,139,139,139,139,139,139,139,139,134,134,134,134,134,134,134,134,134,134,134,134,134,134,134,134,134,134,134,134,134,134,123,123,123,123,123,123,123,123,123,123,123,123,123,123,123,120,120,120,120,120,120,120,120,120,120,120,120,120,116,116,116,116,116,116,116,116,116,116,112,112,112,112,112,112,112,112,109,109,109,109,109,109,109,109,104,104,104,104,104,104,104,104,99,99,99,99,99,99,99,99,96,96,96,96,96,96,96,96

<-- VOO -->
AA0856	ZNZ	CTB
0	21:15
70
20
900,900,800,800
700,700,700,700,620,620,620,620
164,164,164,164,164,164,164,164,164,164,164,164,164,164,164,164,164,164,164,164,164,164,154,154,154,154,154,154,154,154,154,154,154,154,154,154,154,154,154,154,154,154,154,154,144,144,144,144,144,144,144,144,144,144,144,144,144,144,144,144,144,144,144,144,144,144,139,139,139,139,139,139,139,139,139,139,139,139,139,139,139,139,139,139,139,139,139,139,134,134,134,134,134,134,134,134,134,134,134,134,134,134,134,134,134,134,134,134,134,134,123,123,123,123,123,123,123,123,123,123,123,123,123,123,123,120,120,120,120,120,120,120,120,120,120,120,120,120,116,116,116,116,116,116,116,116,116,116,112,112,112,112,112,112,112,112,109,109,109,109,109,109,109,109,104,104,104,104,104,104,104,104,99,99,99,99,99,99,99,99,96,96,96,96,96,96,96,96

<-- VOO -->
AA0857	CTB	ZNZ
4	09:10
70
20
900,900,800,800
700,700,700,700,620,620,620,620
164,164,164,164,164,164,164,164,164,164,164,164,164,164,164,164,164,164,164,164,164,164,154,154,154,154,154,154,154,154,154,154,154,154,154,154,154,154,154,154,154,154,154,154,144,144,144,144,144,144,144,144,144,144,144,144,144,144,144,144,144,144,144,144,144,144,139,139,139,139,139,139,139,139,139,139,139,139,139,139,139,139,139,139,139,139,139,139,134,134,134,134,134,134,134,134,134,134,134,134,134,134,134,134,134,134,134,134,134,134,123,123,123,123,123,123,123,123,123,123,123,123,123,123,123,120,120,120,120,120,120,120,120,120,120,120,120,120,116,116,116,116,116,116,116,116,116,116,112,112,112,112,112,112,112,112,109,109,109,109,109,109,109,109,104,104,104,104,104,104,104,104,99,99,99,99,99,99,99,99,96,96,96,96,96,96,96,96

<-- VOO -->
AA0858	ZNZ	CTB
4	16:40
70
20
900,900,800,800
700,700,700,700,620,620,620,620
164,164,164,164,164,164,164,164,164,164,164,164,164,164,164,164,164,164,164,164,164,164,154,154,154,154,154,154,154,154,154,154,154,154,154,154,154,154,154,154,154,154,154,154,144,144,144,144,144,144,144,144,144,144,144,144,144,144,144,144,144,144,144,144,144,144,139,139,139,139,139,139,139,139,139,139,139,139,139,139,139,139,139,139,139,139,139,139,134,134,134,134,134,134,134,134,134,134,134,134,134,134,134,134,134,134,134,134,134,134,123,123,123,123,123,123,123,123,123,123,123,123,123,123,123,120,120,120,120,120,120,120,120,120,120,120,120,120,116,116,116,116,116,116,116,116,116,116,112,112,112,112,112,112,112,112,109,109,109,109,109,109,109,109,104,104,104,104,104,104,104,104,99,99,99,99,99,99,99,99,96,96,96,96,96,96,96,96

